wall_time,elapsed_s,panther/cmd_vel_nav_hz,panther/cmd_vel_nav_jitter_ms,panther/amcl_pose_hz,panther/amcl_pose_jitter_ms,panther/plan_hz,panther/plan_jitter_ms,panther/local_costmap_hz,panther/local_costmap_jitter_ms,panther/velodyne_filtered_hz,panther/velodyne_filtered_jitter_ms,panther/path_length_m,panther2/cmd_vel_nav_hz,panther2/cmd_vel_nav_jitter_ms,panther2/amcl_pose_hz,panther2/amcl_pose_jitter_ms,panther2/plan_hz,panther2/plan_jitter_ms,panther2/local_costmap_hz,panther2/local_costmap_jitter_ms,panther2/velodyne_filtered_hz,panther2/velodyne_filtered_jitter_ms,panther2/path_length_m,panther3/cmd_vel_nav_hz,panther3/cmd_vel_nav_jitter_ms,panther3/amcl_pose_hz,panther3/amcl_pose_jitter_ms,panther3/plan_hz,panther3/plan_jitter_ms,panther3/local_costmap_hz,panther3/local_costmap_jitter_ms,panther3/velodyne_filtered_hz,panther3/velodyne_filtered_jitter_ms,panther3/path_length_m,panther4/cmd_vel_nav_hz,panther4/cmd_vel_nav_jitter_ms,panther4/amcl_pose_hz,panther4/amcl_pose_jitter_ms,panther4/plan_hz,panther4/plan_jitter_ms,panther4/local_costmap_hz,panther4/local_costmap_jitter_ms,panther4/velodyne_filtered_hz,panther4/velodyne_filtered_jitter_ms,panther4/path_length_m
1787757672.809,0.4,0.0,0.00,0.0,0.00,0.5,0.00,0.0,0.00,0.5,0.00,14.016,10.3,0.00,0.0,0.00,0.0,0.00,0.0,0.00,0.0,0.00,0.000,0.0,0.00,0.5,0.00,0.0,0.00,0.0,0.00,0.0,0.00,0.000,10.2,0.00,0.0,0.00,0.0,0.00,0.0,0.00,0.0,0.00,0.000
1787757676.966,4.5,9.6,67.24,0.7,0.00,1.0,0.00,0.5,0.00,2.1,10.64,13.493,10.1,21.77,0.5,0.00,1.0,0.00,0.5,0.00,2.2,7.60,22.428,7.7,134.93,0.5,0.00,1.0,0.00,0.0,0.00,2.1,8.28,22.204,9.6,47.30,0.5,0.00,1.0,0.00,0.0,0.00,2.1,1.08,22.256
1787757682.017,9.6,10.0,6.31,0.5,0.00,0.0,0.00,0.5,0.00,1.9,20.57,13.493,4.8,151.67,0.5,0.00,0.9,0.00,0.0,0.00,1.9,21.72,21.788,10.1,13.33,0.5,0.00,0.9,0.00,0.5,0.00,1.9,26.57,21.643,10.2,33.42,0.5,0.00,1.0,0.00,0.5,0.00,1.9,26.11,21.601
1787757686.598,14.2,9.2,70.46,0.5,0.00,0.0,0.00,0.5,0.00,2.3,50.11,13.493,9.9,29.74,0.8,0.00,0.9,0.00,0.0,0.00,2.3,40.09,21.122,9.3,51.38,0.5,0.00,0.9,0.00,0.5,0.00,2.3,59.80,20.999,10.2,26.22,0.5,0.00,0.9,0.00,0.5,0.00,2.3,57.84,20.995
1787757691.680,19.3,7.1,124.97,0.5,0.00,0.0,0.00,0.5,0.00,1.9,47.47,13.493,10.0,31.77,0.5,0.00,0.9,0.00,0.0,0.00,1.8,48.69,20.456,9.2,53.81,0.6,0.00,1.0,0.00,0.5,0.00,1.9,43.82,20.193,8.4,87.75,0.6,0.00,1.0,0.00,0.5,0.00,1.9,42.90,20.295
1787757696.371,24.0,10.1,21.08,0.5,0.00,0.0,0.00,0.5,0.00,2.0,73.04,13.493,9.8,21.35,0.5,0.00,1.0,0.00,0.5,0.00,2.1,82.89,19.982,10.0,7.55,0.5,0.00,0.9,0.00,0.5,0.00,2.1,89.44,19.680,7.5,84.63,0.5,0.00,1.0,0.00,0.5,0.00,2.0,81.52,19.645
1787757701.453,29.0,9.9,39.25,0.5,0.00,0.0,0.00,0.5,0.00,2.2,45.41,13.493,8.6,61.89,0.7,0.00,0.9,0.00,0.5,0.00,2.2,42.88,19.370,9.2,40.79,0.5,0.00,1.0,0.00,0.5,0.00,2.4,0.00,18.934,10.6,28.68,0.5,0.00,0.0,0.00,0.5,0.00,2.1,66.26,19.645
1787757706.466,34.0,8.2,86.71,0.5,0.00,0.0,0.00,0.5,0.00,1.8,155.37,13.493,10.3,32.72,0.5,0.00,1.0,0.00,0.5,0.00,1.8,153.75,18.784,10.0,19.24,0.5,0.00,1.0,0.00,0.5,0.00,1.8,153.68,18.375,10.4,53.78,0.6,0.00,0.0,0.00,0.5,0.00,1.9,157.38,19.645
1787757711.098,38.7,9.3,65.29,0.5,0.00,0.0,0.00,0.5,0.00,0.5,0.00,13.493,9.7,37.17,0.5,0.00,1.0,0.00,0.5,0.00,1.9,36.89,18.197,10.5,37.91,0.7,0.00,1.0,0.00,0.5,0.00,2.1,76.21,17.931,7.7,117.70,0.5,0.00,0.0,0.00,0.0,0.00,2.1,47.28,19.645
1787757716.143,43.7,9.1,52.57,0.5,0.00,0.0,0.00,0.5,0.00,1.9,138.64,13.493,9.6,59.28,0.6,0.00,1.0,0.00,0.5,0.00,1.9,158.61,17.474,8.9,76.64,0.5,0.00,1.0,0.00,0.5,0.00,0.6,0.00,17.287,9.9,41.39,0.5,0.00,0.0,0.00,0.0,0.00,0.6,0.00,19.645
1787757721.006,48.6,10.0,27.43,0.0,0.00,0.0,0.00,0.5,0.00,1.8,83.55,13.493,10.3,24.65,0.5,0.00,0.9,0.00,0.5,0.00,1.7,69.80,16.786,9.2,55.89,0.5,0.00,1.0,0.00,0.5,0.00,1.7,98.00,16.584,9.7,44.36,0.5,0.00,0.0,0.00,0.5,0.00,1.7,84.61,19.645
1787757725.661,53.2,9.9,35.99,0.5,0.00,0.0,0.00,0.5,0.00,2.1,31.55,13.493,9.5,50.27,0.5,0.00,0.9,0.00,0.5,0.00,2.1,47.03,16.109,10.0,19.90,0.7,0.00,1.0,0.00,0.5,0.00,2.1,33.38,16.017,5.3,131.63,0.5,0.00,0.0,0.00,0.5,0.00,2.1,10.21,19.645
1787757730.922,58.5,10.0,8.35,0.5,0.00,0.0,0.00,0.5,0.00,2.2,73.90,13.493,8.1,95.46,1.1,0.00,1.0,0.00,0.5,0.00,0.5,0.00,15.348,10.0,35.54,0.5,0.00,0.9,0.00,0.0,0.00,0.0,0.00,15.308,8.8,54.18,0.5,0.00,0.0,0.00,0.5,0.00,0.5,0.00,19.645
1787757735.919,63.5,10.5,17.56,0.5,0.00,0.0,0.00,0.5,0.00,1.7,150.79,13.493,9.9,39.40,0.5,0.00,1.0,0.00,0.5,0.00,0.5,0.00,14.698,6.0,190.91,0.5,0.00,0.5,0.00,0.0,0.00,1.7,135.93,14.706,10.0,23.35,0.5,0.00,0.0,0.00,0.5,0.00,1.7,133.45,19.645
1787757740.679,68.3,10.2,51.67,0.7,0.00,0.0,0.00,0.5,0.00,1.9,94.60,13.493,10.5,27.19,0.7,0.00,1.0,0.00,0.0,0.00,2.1,77.77,14.106,10.2,45.24,0.7,0.00,0.0,0.00,0.5,0.00,2.0,71.29,14.706,9.8,47.47,0.5,0.00,0.0,0.00,0.5,0.00,2.0,76.27,19.645
1787757745.800,73.4,8.0,83.80,0.5,0.00,0.0,0.00,0.5,0.00,2.0,89.21,13.493,9.9,46.82,0.5,0.00,0.0,0.00,0.0,0.00,2.0,93.96,13.806,7.0,143.49,0.5,0.00,0.0,0.00,0.5,0.00,2.0,98.72,14.706,10.3,45.06,0.5,0.00,0.0,0.00,0.0,0.00,1.9,112.86,19.645
1787757750.858,78.4,8.4,86.25,0.5,0.00,0.5,0.00,0.0,0.00,1.9,83.11,5.458,10.0,5.96,0.5,0.00,0.0,0.00,0.0,0.00,1.9,89.13,13.806,9.1,77.21,0.5,0.00,0.0,0.00,0.5,0.00,1.9,96.79,14.706,9.6,51.15,0.5,0.00,0.0,0.00,0.0,0.00,1.6,0.00,19.645
1787757755.889,83.5,6.8,154.71,0.5,0.00,0.5,0.00,0.0,0.00,1.7,92.48,4.987,10.3,45.07,0.5,0.00,0.0,0.00,0.0,0.00,1.7,97.95,13.806,10.0,54.24,0.5,0.00,0.0,0.00,0.5,0.00,1.7,99.88,14.706,9.6,36.17,0.5,0.00,0.0,0.00,0.0,0.00,1.7,105.77,19.645
1787757761.453,89.0,10.3,35.59,0.5,0.00,1.0,0.00,0.0,0.00,0.5,0.00,4.146,10.3,29.41,0.5,0.00,0.0,0.00,0.0,0.00,1.7,41.18,13.806,10.0,24.97,0.5,0.00,0.0,0.00,0.5,0.00,1.7,53.41,14.706,6.5,138.54,0.5,0.00,0.0,0.00,0.0,0.00,1.7,30.67,19.645
1787757766.256,93.8,10.0,23.60,0.5,0.00,0.5,0.00,0.5,0.00,2.9,0.00,3.530,10.0,32.44,0.5,0.00,0.0,0.00,0.5,0.00,2.9,0.00,13.806,9.6,39.69,0.5,0.00,0.0,0.00,0.5,0.00,2.9,0.00,14.706,8.7,67.60,0.7,0.00,0.0,0.00,0.5,0.00,2.8,0.00,19.645
1787757771.425,99.0,9.9,53.23,0.5,0.00,0.5,0.00,0.5,0.00,2.1,0.00,2.765,9.0,61.57,0.7,0.00,0.0,0.00,0.5,0.00,2.2,55.04,13.806,9.3,55.73,0.5,0.00,0.0,0.00,0.5,0.00,2.2,58.78,14.706,9.8,47.08,0.5,0.00,0.5,0.00,0.5,0.00,2.2,79.62,9.672
1787757776.990,104.6,7.5,112.21,0.5,0.00,1.0,0.00,0.5,0.00,0.5,0.00,1.874,9.9,11.61,0.5,0.00,0.0,0.00,0.5,0.00,1.6,44.01,13.806,9.7,49.74,0.5,0.00,0.0,0.00,0.5,0.00,1.6,30.80,14.706,8.4,91.81,0.5,0.00,0.0,0.00,0.5,0.00,1.6,33.77,9.199
1787757781.971,109.6,9.5,35.39,0.5,0.00,0.0,0.00,0.5,0.00,1.6,0.00,1.874,9.9,10.98,0.5,0.00,0.0,0.00,0.5,0.00,1.5,0.00,13.806,7.0,117.35,0.5,0.00,0.0,0.00,0.5,0.00,0.5,0.00,14.706,6.5,141.51,0.5,0.00,1.0,0.00,0.5,0.00,0.5,0.00,8.305
1787757786.679,114.3,8.0,80.79,0.5,0.00,0.0,0.00,0.5,0.00,2.2,104.36,1.874,9.3,48.22,0.7,0.00,0.0,0.00,0.5,0.00,2.6,37.90,13.806,9.6,49.59,0.5,0.00,0.0,0.00,0.5,0.00,2.2,109.13,14.706,9.3,58.01,0.5,0.00,1.0,0.00,0.5,0.00,2.2,111.37,7.722
1787757791.924,119.5,7.7,105.84,0.5,0.00,0.0,0.00,0.0,0.00,2.3,0.00,1.874,10.0,56.04,0.5,0.00,0.0,0.00,0.5,0.00,2.2,0.00,13.806,9.4,56.04,0.8,0.00,0.0,0.00,0.0,0.00,2.3,13.38,14.706,8.0,93.89,0.7,0.00,1.0,0.00,0.0,0.00,2.2,20.52,7.022
1787757797.268,124.8,6.4,188.41,0.5,0.00,0.0,0.00,0.0,0.00,1.8,48.28,1.874,10.0,34.13,0.0,0.00,0.0,0.00,0.5,0.00,1.8,36.73,13.806,10.3,39.92,0.5,0.00,0.0,0.00,0.0,0.00,1.8,39.10,14.706,10.0,43.13,0.5,0.00,0.9,0.00,0.0,0.00,1.8,48.66,6.153
1787757801.963,129.5,9.9,46.58,0.5,0.00,0.0,0.00,0.0,0.00,2.3,12.88,1.874,10.0,9.22,0.5,0.00,0.0,0.00,0.0,0.00,2.3,2.68,13.806,6.3,156.49,0.5,0.00,0.0,0.00,0.0,0.00,2.3,13.87,14.706,10.2,18.29,0.5,0.00,1.0,0.00,0.5,0.00,2.3,8.67,5.587
1787757807.183,134.8,10.0,35.32,0.0,0.00,1.0,0.00,0.5,0.00,0.0,0.00,0.100,10.0,39.37,0.5,0.00,0.0,0.00,0.0,0.00,0.0,0.00,13.806,7.6,99.04,0.5,0.00,0.0,0.00,0.5,0.00,0.0,0.00,14.706,8.4,76.20,0.5,0.00,0.0,0.00,0.5,0.00,0.0,0.00,5.157
1787757812.938,140.5,7.3,141.17,1.0,0.00,0.0,0.00,0.5,0.00,2.0,57.99,0.100,9.8,36.80,0.5,0.00,0.0,0.00,0.0,0.00,2.0,57.73,13.806,10.0,11.20,0.5,0.00,0.5,0.00,0.5,0.00,2.0,57.51,4.505,9.8,50.39,0.5,0.00,0.0,0.00,0.5,0.00,0.7,0.00,5.157
1787757818.404,146.0,0.0,0.00,0.0,0.00,0.0,0.00,0.5,0.00,2.0,171.03,0.100,10.0,17.75,0.5,0.00,0.0,0.00,0.0,0.00,2.0,159.42,13.806,8.8,68.99,0.5,0.00,1.0,0.00,0.5,0.00,2.1,171.24,3.727,9.7,34.50,0.5,0.00,0.0,0.00,0.5,0.00,2.1,160.65,5.157
1787757824.269,151.8,0.0,0.00,0.0,0.00,0.0,0.00,0.5,0.00,2.0,82.73,0.100,9.9,42.89,0.5,0.00,1.0,0.00,0.5,0.00,2.0,88.65,2.752,9.8,47.49,0.5,0.00,1.0,0.00,0.5,0.00,2.0,83.11,3.127,9.9,50.23,0.5,0.00,0.0,0.00,0.5,0.00,2.0,76.85,5.157
1787757829.214,156.8,0.0,0.00,0.0,0.00,0.0,0.00,0.5,0.00,1.8,62.35,0.100,9.5,45.44,0.5,0.00,1.0,0.00,0.5,0.00,1.8,65.88,1.922,9.8,45.91,0.6,0.00,1.0,0.00,0.5,0.00,1.8,59.05,2.240,7.8,118.29,0.0,0.00,0.0,0.00,0.5,0.00,1.8,55.20,5.157
1787757834.531,162.1,0.0,0.00,0.0,0.00,0.0,0.00,0.5,0.00,2.0,26.30,0.100,9.8,45.52,0.7,0.00,1.0,0.00,0.5,0.00,2.0,29.67,1.212,9.8,40.76,0.5,0.00,1.0,0.00,0.5,0.00,2.0,27.91,1.451,8.7,68.02,0.5,0.00,0.0,0.00,0.5,0.00,2.0,30.17,5.157
1787757839.879,167.5,8.2,95.03,0.5,0.00,0.9,0.00,0.5,0.00,1.9,27.87,24.398,7.4,117.80,0.5,0.00,1.0,0.00,0.5,0.00,1.9,34.28,0.354,7.4,86.48,0.5,0.00,1.0,0.00,0.0,0.00,1.9,24.21,0.616,7.9,105.54,0.5,0.00,0.0,0.00,0.5,0.00,2.0,13.96,5.157
1787757845.289,172.9,9.3,69.44,0.5,0.00,0.0,0.00,0.0,0.00,1.6,51.26,24.171,8.9,58.17,0.5,0.00,1.0,0.00,0.5,0.00,1.7,65.29,0.100,5.6,230.92,0.0,0.00,1.0,0.00,0.0,0.00,1.7,79.11,0.262,9.0,62.19,0.0,0.00,0.0,0.00,0.5,0.00,1.7,74.30,5.157
1787757850.850,178.4,10.0,23.10,0.5,0.00,0.0,0.00,0.0,0.00,1.8,37.25,24.171,10.6,41.08,1.8,33.72,1.0,0.00,0.5,0.00,1.8,34.13,0.071,8.5,84.37,0.0,0.00,1.0,0.00,0.0,0.00,1.9,30.96,0.071,8.4,91.22,0.0,0.00,0.0,0.00,0.0,0.00,1.8,33.64,5.157
1787757855.712,183.3,9.9,10.94,0.5,0.00,0.0,0.00,0.0,0.00,1.8,0.00,24.171,8.0,88.30,1.0,0.00,0.5,0.00,0.5,0.00,2.0,31.47,0.050,10.0,25.14,2.0,59.87,1.0,0.00,0.5,0.00,1.9,39.23,0.000,9.9,39.74,0.5,0.00,0.0,0.00,0.0,0.00,1.9,29.08,5.157
1787757861.164,188.7,9.8,55.83,0.0,0.00,0.0,0.00,0.5,0.00,0.5,0.00,24.171,10.2,46.62,0.0,0.00,0.0,0.00,0.5,0.00,2.3,45.90,0.050,6.7,134.10,1.2,0.00,1.0,0.00,0.5,0.00,2.0,120.44,0.000,10.2,48.43,2.0,125.81,0.5,0.00,0.0,0.00,2.0,125.21,0.050
1787757867.147,194.7,10.0,25.41,0.5,0.00,0.0,0.00,0.5,0.00,1.6,112.27,24.171,0.0,0.00,0.0,0.00,0.0,0.00,0.5,0.00,1.6,130.74,0.050,9.8,45.44,0.5,0.00,0.0,0.00,0.5,0.00,1.7,130.43,0.071,9.4,66.62,0.5,0.00,1.0,0.00,0.5,0.00,1.7,82.62,0.071
1787757873.201,200.8,10.0,13.41,0.0,0.00,0.0,0.00,0.5,0.00,1.6,59.96,24.171,0.0,0.00,0.0,0.00,0.0,0.00,0.5,0.00,0.5,0.00,0.050,0.0,0.00,0.0,0.00,0.0,0.00,0.5,0.00,1.6,87.24,0.071,10.1,25.89,0.8,0.00,0.9,0.00,0.5,0.00,1.6,52.78,27.572
1787757879.055,206.6,10.0,28.57,0.5,0.00,0.0,0.00,0.5,0.00,1.6,1.28,24.171,0.0,0.00,0.5,0.00,0.0,0.00,0.0,0.00,1.6,1.13,0.050,0.0,0.00,0.0,0.00,0.0,0.00,0.5,0.00,1.7,12.76,0.071,6.9,155.15,0.5,0.00,0.9,0.00,0.5,0.00,1.6,6.81,27.420
1787757884.578,212.2,9.8,26.52,0.5,0.00,0.0,0.00,0.5,0.00,2.0,110.74,24.171,0.0,0.00,0.0,0.00,0.0,0.00,0.0,0.00,2.0,125.82,0.050,0.0,0.00,0.0,0.00,0.0,0.00,0.5,0.00,2.0,123.02,0.071,8.1,70.59,0.5,0.00,0.9,0.00,0.5,0.00,2.8,0.00,26.488
1787757890.033,217.6,9.8,35.05,0.5,0.00,0.0,0.00,0.5,0.00,1.8,12.46,24.171,0.0,0.00,0.0,0.00,0.0,0.00,0.5,0.00,1.8,13.49,0.050,0.0,0.00,0.0,0.00,0.0,0.00,0.5,0.00,1.7,10.57,0.071,9.3,45.78,0.5,0.00,0.9,0.00,0.5,0.00,1.7,12.48,25.693
1787757895.181,222.8,8.8,79.92,0.5,0.00,0.0,0.00,0.5,0.00,1.5,40.70,24.171,8.6,76.54,0.0,0.00,1.0,0.00,0.5,0.00,1.5,41.85,0.121,0.0,0.00,0.0,0.00,0.0,0.00,0.0,0.00,1.5,35.30,0.071,9.6,50.05,0.5,0.00,0.5,0.00,0.5,0.00,1.5,43.92,25.123
1787757900.326,227.9,10.3,47.44,0.5,0.00,0.0,0.00,0.5,0.00,2.6,12.03,24.171,10.0,8.37,2.6,11.19,0.9,0.00,0.5,0.00,2.7,9.94,23.759,0.0,0.00,0.0,0.00,0.0,0.00,0.0,0.00,2.6,11.18,0.071,10.3,35.97,0.5,0.00,0.9,0.00,0.0,0.00,2.6,9.68,24.530
1787757905.739,233.3,8.6,63.86,1.2,0.00,0.0,0.00,0.5,0.00,2.4,42.61,24.171,10.2,40.70,0.5,0.00,0.9,0.00,0.5,0.00,2.3,38.08,23.401,10.5,40.56,0.5,0.00,1.0,0.00,0.5,0.00,2.0,108.67,0.121,9.9,33.81,0.5,0.00,0.9,0.00,0.5,0.00,2.3,46.33,23.779
1787757911.527,239.1,9.4,56.12,0.5,0.00,0.0,0.00,0.5,0.00,1.7,42.84,24.171,10.1,11.78,0.5,0.00,1.0,0.00,0.5,0.00,1.8,49.24,22.640,5.6,207.17,0.5,0.00,1.0,0.00,0.5,0.00,1.8,55.28,24.021,10.6,27.27,0.5,0.00,0.9,0.00,0.0,0.00,2.0,129.24,23.190
1787757917.227,244.8,10.0,32.65,0.5,0.00,0.0,0.00,0.5,0.00,1.9,9.18,24.171,9.8,20.83,0.5,0.00,0.5,0.00,0.5,0.00,1.9,12.29,22.046,10.2,31.16,0.5,0.00,1.0,0.00,0.5,0.00,1.9,37.46,23.729,7.1,113.35,0.5,0.00,0.9,0.00,0.5,0.00,1.9,42.80,22.539
1787757922.967,250.5,9.8,43.24,0.5,0.00,0.0,0.00,0.0,0.00,1.5,69.72,24.171,8.7,89.42,0.5,0.00,0.9,0.00,0.5,0.00,1.5,73.66,21.343,9.6,61.64,0.5,0.00,1.0,0.00,0.5,0.00,1.6,76.40,23.023,9.3,41.05,0.5,0.00,0.0,0.00,0.5,0.00,1.6,84.09,22.439
1787757928.473,256.1,8.8,76.94,0.5,0.00,0.5,0.00,0.0,0.00,1.9,100.47,13.911,10.0,10.29,0.5,0.00,1.0,0.00,0.5,0.00,1.9,111.45,20.691,9.9,9.22,0.5,0.00,0.5,0.00,0.5,0.00,1.9,85.67,22.255,6.3,190.69,0.5,0.00,0.0,0.00,0.5,0.00,1.9,109.07,22.439
1787757934.083,261.7,9.9,30.49,0.5,0.00,1.0,0.00,0.0,0.00,1.9,108.48,13.208,10.2,31.68,0.5,0.00,0.9,0.00,0.5,0.00,1.9,62.94,20.072,9.8,34.75,0.9,0.00,0.9,0.00,0.5,0.00,1.9,74.23,21.706,7.1,74.89,0.7,0.00,0.0,0.00,0.5,0.00,2.0,63.57,22.439
1787757939.825,267.4,10.4,36.12,0.5,0.00,0.0,0.00,0.5,0.00,0.7,0.00,12.858,9.5,60.75,0.5,0.00,1.0,0.00,0.5,0.00,0.7,0.00,19.352,7.1,108.49,0.5,0.00,0.9,0.00,0.5,0.00,2.1,28.43,21.095,10.0,22.01,0.5,0.00,0.0,0.00,0.5,0.00,0.7,0.00,22.439
1787757945.708,273.3,5.4,131.52,0.5,0.00,0.0,0.00,0.0,0.00,1.6,49.46,12.858,9.7,43.97,0.5,0.00,0.9,0.00,0.0,0.00,1.6,53.96,18.808,9.7,55.80,0.5,0.00,0.9,0.00,0.5,0.00,1.6,48.29,20.345,10.0,18.52,0.5,0.00,0.0,0.00,0.5,0.00,1.5,0.00,22.439
1787757950.921,278.5,9.9,56.89,0.5,0.00,0.0,0.00,0.5,0.00,1.6,117.45,12.858,9.3,63.35,0.5,0.00,1.0,0.00,0.0,0.00,1.6,113.37,18.249,9.3,61.91,0.5,0.00,0.9,0.00,0.0,0.00,0.0,0.00,19.695,6.2,173.49,0.5,0.00,0.0,0.00,0.0,0.00,0.0,0.00,22.439
1787757956.569,284.1,9.6,56.33,0.5,0.00,0.0,0.00,0.5,0.00,1.4,132.84,12.858,5.8,264.00,0.5,0.00,1.0,0.00,0.0,0.00,1.4,126.78,17.490,9.8,47.87,0.5,0.00,0.0,0.00,0.0,0.00,1.3,0.00,19.695,9.5,57.10,0.5,0.00,0.0,0.00,0.0,0.00,1.3,0.00,22.439
1787757962.363,289.9,10.5,20.67,0.5,0.00,0.0,0.00,0.5,0.00,1.6,11.97,12.858,9.7,52.06,0.5,0.00,0.9,0.00,0.0,0.00,1.6,13.47,16.796,10.0,21.74,0.5,0.00,0.0,0.00,0.0,0.00,1.5,23.73,19.695,5.8,198.41,0.5,0.00,0.0,0.00,0.0,0.00,1.6,11.14,22.439
1787757968.115,295.7,10.2,37.82,0.5,0.00,0.0,0.00,0.5,0.00,1.8,188.60,12.858,10.0,14.54,0.5,0.00,1.0,0.00,0.5,0.00,1.8,183.31,16.081,8.1,119.67,0.5,0.00,0.0,0.00,0.0,0.00,0.5,0.00,19.695,8.0,116.53,0.5,0.00,0.0,0.00,0.0,0.00,0.5,0.00,22.439
1787757973.749,301.3,9.9,27.42,0.5,0.00,0.0,0.00,0.5,0.00,1.8,0.00,12.858,7.5,110.47,0.5,0.00,1.0,0.00,0.5,0.00,1.7,0.00,15.480,10.2,24.65,0.5,0.00,0.0,0.00,0.5,0.00,1.9,97.68,19.695,10.1,15.29,0.5,0.00,0.0,0.00,0.5,0.00,1.9,77.21,22.439
1787757979.349,306.9,10.1,28.50,0.7,0.00,0.0,0.00,0.5,0.00,1.9,112.25,12.858,10.1,11.79,0.5,0.00,0.0,0.00,0.5,0.00,1.9,120.14,15.370,10.6,24.65,0.7,0.00,0.0,0.00,0.5,0.00,1.9,141.18,19.695,6.2,200.94,0.5,0.00,0.0,0.00,0.5,0.00,1.9,133.80,22.439
1787757984.998,312.6,8.9,79.96,0.5,0.00,0.0,0.00,0.5,0.00,1.3,30.82,12.858,5.6,169.92,0.5,0.00,0.0,0.00,0.5,0.00,1.3,31.14,15.370,7.9,150.59,0.5,0.00,0.0,0.00,0.5,0.00,1.3,36.78,19.695,10.0,16.28,0.5,0.00,0.0,0.00,0.5,0.00,0.5,0.00,22.439
1787757990.856,318.4,10.0,46.35,0.5,0.00,0.0,0.00,0.0,0.00,1.8,0.00,12.858,6.5,136.47,0.5,0.00,0.0,0.00,0.5,0.00,1.7,0.00,15.370,9.0,64.31,0.0,0.00,0.0,0.00,0.5,0.00,1.7,0.00,19.695,6.1,162.72,0.5,0.00,0.0,0.00,0.5,0.00,1.7,0.00,22.439
1787757996.701,324.3,10.0,7.81,0.5,0.00,0.0,0.00,0.0,0.00,1.8,54.26,12.858,6.5,149.24,0.5,0.00,0.0,0.00,0.5,0.00,1.8,57.63,15.370,7.9,90.84,0.5,0.00,0.0,0.00,0.5,0.00,1.8,58.63,19.695,7.4,107.18,0.5,0.00,0.0,0.00,0.5,0.00,1.8,60.56,22.439
1787758002.432,330.0,9.3,69.69,0.5,0.00,0.0,0.00,0.0,0.00,1.8,62.19,12.858,9.5,56.08,0.5,0.00,0.0,0.00,0.5,0.00,1.8,66.65,15.370,9.6,53.63,0.5,0.00,0.0,0.00,0.5,0.00,1.9,64.83,19.695,9.7,17.67,0.5,0.00,0.0,0.00,0.0,0.00,1.9,60.83,22.439
1787758008.264,335.8,9.8,33.08,0.5,0.00,0.0,0.00,0.5,0.00,0.5,0.00,12.858,8.4,106.66,0.5,0.00,0.0,0.00,0.5,0.00,0.5,0.00,15.370,8.6,64.54,0.5,0.00,0.0,0.00,0.5,0.00,2.1,76.00,19.695,8.3,96.99,0.5,0.00,1.0,0.00,0.0,0.00,0.5,0.00,13.256
1787758014.208,341.8,10.0,27.68,0.5,0.00,0.0,0.00,0.5,0.00,1.7,18.79,12.858,9.9,17.93,0.8,0.00,0.0,0.00,0.0,0.00,1.6,50.57,15.370,7.4,124.86,0.5,0.00,0.0,0.00,0.0,0.00,1.6,27.58,19.695,6.3,174.66,0.5,0.00,1.0,0.00,0.0,0.00,1.6,23.50,12.413
1787758020.146,347.7,9.0,56.91,0.5,0.00,0.0,0.00,0.5,0.00,1.7,34.13,12.858,10.0,25.11,0.5,0.00,0.0,0.00,0.0,0.00,1.8,21.31,15.370,8.6,93.03,0.5,0.00,0.0,0.00,0.0,0.00,1.8,13.16,19.695,8.9,47.02,0.5,0.00,1.0,0.00,0.5,0.00,1.7,0.00,11.635
1787758026.135,353.7,10.0,35.30,0.5,0.00,1.0,0.00,0.5,0.00,1.9,93.22,2.381,10.5,38.66,0.5,0.00,0.0,0.00,0.0,0.00,1.9,99.67,15.370,7.3,119.68,0.5,0.00,0.0,0.00,0.0,0.00,1.9,94.83,19.695,9.1,69.78,0.5,0.00,1.0,0.00,0.5,0.00,1.9,28.59,10.957
1787758031.631,359.2,5.0,297.20,0.5,0.00,0.5,0.00,0.5,0.00,1.9,17.17,1.680,9.6,46.01,0.5,0.00,0.0,0.00,0.5,0.00,1.9,5.70,15.370,9.9,36.53,0.5,0.00,0.0,0.00,0.5,0.00,1.9,12.74,19.695,9.8,18.97,0.5,0.00,1.0,0.00,0.5,0.00,1.9,4.61,10.413
1787758037.367,364.9,10.0,13.74,0.5,0.00,1.0,0.00,0.5,0.00,1.8,13.90,0.835,6.5,132.28,0.5,0.00,0.0,0.00,0.5,0.00,1.7,7.18,15.370,10.0,18.16,0.5,0.00,0.0,0.00,0.5,0.00,1.7,1.05,19.695,10.0,25.53,0.5,0.00,1.0,0.00,0.5,0.00,1.7,1.90,9.905
1787758043.309,370.9,8.4,87.51,0.5,0.00,1.0,0.00,0.5,0.00,1.8,5.68,0.191,10.0,30.06,0.5,0.00,0.0,0.00,0.5,0.00,1.8,10.34,15.370,10.8,27.10,0.5,0.00,1.0,0.00,0.5,0.00,1.8,6.91,9.567,10.2,19.60,0.5,0.00,1.0,0.00,0.5,0.00,1.7,24.32,9.194
1787758048.809,376.4,9.4,57.22,1.0,0.00,1.0,0.00,0.5,0.00,2.0,5.25,0.000,9.0,42.19,0.5,0.00,0.0,0.00,0.5,0.00,2.1,13.17,15.370,8.9,52.37,0.5,0.00,1.0,0.00,0.5,0.00,2.1,11.45,8.876,9.8,39.73,0.5,0.00,1.0,0.00,0.5,0.00,2.1,11.19,8.515
1787758054.464,382.0,10.0,41.44,0.5,0.00,1.0,0.00,0.0,0.00,1.8,50.39,0.000,10.0,33.18,0.5,0.00,0.0,0.00,0.5,0.00,1.8,49.56,15.370,10.2,38.74,0.5,0.00,0.5,0.00,0.5,0.00,1.8,41.91,8.272,10.0,52.91,0.5,0.00,0.5,0.00,0.5,0.00,1.8,41.76,7.865
1787758060.235,387.8,8.1,97.45,0.5,0.00,0.5,0.00,0.0,0.00,1.8,24.33,0.000,10.0,14.14,0.5,0.00,0.0,0.00,0.5,0.00,1.8,32.09,15.370,9.8,45.22,0.5,0.00,1.0,0.00,0.5,0.00,1.8,34.85,7.522,7.7,95.67,0.5,0.00,1.0,0.00,0.5,0.00,1.8,37.68,7.144
1787758066.194,393.8,8.2,105.92,1.5,102.10,1.0,0.00,0.0,0.00,1.5,98.70,23.691,9.2,55.76,0.5,0.00,1.0,0.00,0.5,0.00,1.4,95.20,4.559,6.6,139.67,0.5,0.00,1.0,0.00,0.0,0.00,1.4,84.31,6.793,10.2,22.98,0.5,0.00,1.0,0.00,0.0,0.00,1.5,94.12,6.393
1787758071.996,399.6,10.0,36.18,0.5,0.00,0.9,0.00,0.5,0.00,0.5,0.00,23.098,6.0,92.28,0.5,0.00,1.0,0.00,0.5,0.00,1.7,59.84,3.911,10.0,27.99,0.5,0.00,1.0,0.00,0.0,0.00,0.5,0.00,6.092,10.4,24.83,0.5,0.00,1.0,0.00,0.0,0.00,0.5,0.00,5.658
1787758077.910,405.5,10.5,41.75,0.5,0.00,1.0,0.00,0.5,0.00,1.7,81.71,22.371,9.9,36.48,0.5,0.00,1.0,0.00,0.5,0.00,1.5,0.00,3.177,10.0,26.42,0.5,0.00,1.0,0.00,0.0,0.00,1.5,0.00,5.442,10.0,36.53,0.5,0.00,1.0,0.00,0.0,0.00,1.5,0.00,5.164
1787758083.861,411.4,9.6,47.82,0.5,0.00,1.0,0.00,0.5,0.00,1.7,75.80,21.752,10.0,12.20,0.5,0.00,1.0,0.00,0.0,0.00,2.2,0.00,2.369,10.3,47.77,0.5,0.00,1.0,0.00,0.5,0.00,2.1,0.00,4.796,10.0,8.64,0.5,0.00,1.0,0.00,0.5,0.00,2.1,0.00,4.584
1787758090.060,417.6,10.1,24.89,0.5,0.00,1.0,0.00,0.5,0.00,0.5,0.00,21.047,9.2,67.81,0.5,0.00,1.0,0.00,0.0,0.00,0.5,0.00,1.556,9.6,64.36,0.5,0.00,1.0,0.00,0.0,0.00,0.5,0.00,4.039,9.0,74.18,0.5,0.00,1.0,0.00,0.5,0.00,0.5,0.00,3.928
1787758096.352,423.9,9.8,32.83,0.5,0.00,0.9,0.00,0.5,0.00,1.7,16.40,20.295,8.5,68.44,0.5,0.00,1.0,0.00,0.0,0.00,1.7,7.89,0.778,9.6,49.49,0.5,0.00,0.9,0.00,0.5,0.00,1.7,0.00,3.359,9.5,56.98,0.0,0.00,1.0,0.00,0.5,0.00,1.7,11.51,3.335
1787758102.658,430.2,10.1,45.70,0.5,0.00,0.9,0.00,0.5,0.00,0.5,0.00,19.550,8.6,82.71,0.5,0.00,1.0,0.00,0.0,0.00,1.6,68.06,0.312,9.1,57.74,0.5,0.00,1.0,0.00,0.5,0.00,1.7,74.58,2.583,9.7,38.40,0.5,0.00,1.0,0.00,0.5,0.00,1.7,78.94,2.559
1787758108.763,436.3,8.8,75.50,0.5,0.00,1.0,0.00,0.5,0.00,1.8,182.31,19.100,10.2,16.12,0.0,0.00,1.0,0.00,0.5,0.00,1.8,165.47,0.121,8.6,74.91,0.5,0.00,1.0,0.00,0.5,0.00,1.8,176.51,1.849,10.0,27.81,0.5,0.00,1.0,0.00,0.5,0.00,1.8,178.19,1.807
1787758115.053,442.6,10.2,15.38,0.5,0.00,1.0,0.00,0.5,0.00,1.8,37.47,18.500,9.8,34.01,1.7,50.22,1.0,0.00,0.5,0.00,1.7,19.72,0.000,5.7,154.76,0.5,0.00,1.0,0.00,0.5,0.00,1.7,16.26,1.028,9.8,52.28,0.5,0.00,0.5,0.00,0.5,0.00,1.7,20.12,0.950
1787758121.479,449.1,10.3,21.93,0.5,0.00,0.0,0.00,0.5,0.00,1.9,92.55,18.185,9.8,33.05,1.0,0.00,1.0,0.00,0.5,0.00,1.9,105.21,0.000,10.0,11.11,0.5,0.00,1.0,0.00,0.5,0.00,2.4,0.00,0.404,6.3,124.48,0.0,0.00,1.0,0.00,0.5,0.00,1.9,103.77,0.212
1787758127.437,455.0,8.1,72.60,0.5,0.00,0.0,0.00,0.5,0.00,1.8,1.41,18.185,10.1,30.58,0.0,0.00,1.1,84.50,0.5,0.00,1.8,3.71,23.950,9.2,68.45,0.0,0.00,0.5,0.00,0.0,0.00,1.8,6.94,0.262,9.6,69.11,0.9,0.00,1.0,0.00,0.5,0.00,1.8,8.82,0.000
1787758133.608,461.2,7.7,98.26,0.5,0.00,0.0,0.00,0.0,0.00,1.6,7.08,18.185,10.0,6.56,0.5,0.00,1.0,0.00,0.5,0.00,1.7,25.22,23.807,10.2,24.66,0.0,0.00,0.5,0.00,0.0,0.00,1.7,26.52,0.171,9.8,32.04,1.7,25.60,1.0,0.00,0.0,0.00,1.7,26.91,0.000
1787758139.974,467.6,9.4,51.97,0.5,0.00,0.0,0.00,0.0,0.00,1.6,99.19,18.185,9.5,47.55,0.5,0.00,0.5,0.00,0.5,0.00,1.7,49.55,23.171,10.6,40.88,1.6,75.74,1.0,0.00,0.0,0.00,1.7,49.52,0.050,10.2,52.53,0.8,0.00,1.0,0.00,0.0,0.00,1.7,52.06,0.050
1787758146.241,473.8,7.7,56.49,0.5,0.00,0.0,0.00,0.0,0.00,1.5,5.90,18.185,8.5,83.59,0.5,0.00,0.9,0.00,0.5,0.00,1.5,12.92,22.400,9.6,37.17,0.8,0.00,1.0,0.00,0.0,0.00,1.5,19.96,0.050,9.6,43.85,0.5,0.00,1.0,0.00,0.0,0.00,1.5,19.71,15.228
1787758152.363,479.9,9.9,36.92,0.5,0.00,0.0,0.00,0.0,0.00,0.5,0.00,18.185,10.1,6.04,0.5,0.00,0.9,0.00,0.0,0.00,0.5,0.00,21.827,10.3,40.62,0.0,0.00,1.6,393.50,0.0,0.00,1.7,45.45,27.618,4.0,235.85,0.5,0.00,0.9,0.00,0.0,0.00,1.7,34.89,14.699
1787758158.919,486.5,6.0,158.50,0.5,0.00,0.0,0.00,0.0,0.00,1.3,57.89,18.185,10.0,28.97,0.5,0.00,0.5,0.00,0.0,0.00,0.5,0.00,21.245,10.0,19.14,0.5,0.00,1.0,0.00,0.0,0.00,1.3,40.96,27.587,8.5,77.90,0.0,0.00,0.9,0.00,0.0,0.00,1.3,40.69,13.989
1787758165.309,492.9,10.5,27.58,0.0,0.00,0.0,0.00,0.0,0.00,1.5,0.00,18.185,10.3,27.54,0.5,0.00,1.0,0.00,0.0,0.00,1.6,0.00,20.448,10.0,28.46,0.5,0.00,0.9,0.00,0.0,0.00,1.5,0.00,26.791,9.8,50.41,0.5,0.00,1.0,0.00,0.0,0.00,1.5,0.00,13.237
1787758171.345,498.9,10.0,18.92,0.5,0.00,0.0,0.00,0.5,0.00,1.5,77.07,18.185,9.9,16.94,0.5,0.00,1.0,0.00,0.0,0.00,1.6,78.88,19.848,9.7,42.17,0.5,0.00,0.9,0.00,0.5,0.00,0.5,0.00,26.095,10.4,38.41,0.5,0.00,1.0,0.00,0.5,0.00,1.6,87.00,12.528
1787758177.395,505.0,9.4,37.91,0.5,0.00,0.0,0.00,0.5,0.00,1.7,2.70,18.185,10.1,11.93,0.5,0.00,0.9,0.00,0.0,0.00,1.7,6.56,19.148,10.0,30.82,0.5,0.00,0.9,0.00,0.5,0.00,1.7,15.23,25.419,10.0,35.12,0.5,0.00,1.0,0.00,0.5,0.00,1.6,10.67,11.733
