timestamp,name,cpu_perc,mem_usage,net_io,block_io,pids
1788355424.817425990,panther_controller,32.81%,125.6MiB / 31.05GiB,0B / 0B,0B / 987kB,56
1788355424.817425990,panther2_controller,25.09%,123.8MiB / 31.05GiB,0B / 0B,0B / 991kB,55
1788355424.817425990,panther3_controller,23.57%,125.6MiB / 31.05GiB,0B / 0B,0B / 995kB,55
1788355426.872135530,panther_controller,36.41%,127.3MiB / 31.05GiB,0B / 0B,0B / 987kB,56
1788355426.872135530,panther2_controller,32.11%,124.9MiB / 31.05GiB,0B / 0B,0B / 991kB,55
1788355426.872135530,panther3_controller,29.12%,126.3MiB / 31.05GiB,0B / 0B,0B / 995kB,55
1788355428.883715031,panther_controller,29.72%,127MiB / 31.05GiB,0B / 0B,0B / 987kB,56
1788355428.883715031,panther2_controller,31.84%,125MiB / 31.05GiB,0B / 0B,0B / 991kB,55
1788355428.883715031,panther3_controller,26.29%,126.8MiB / 31.05GiB,0B / 0B,0B / 995kB,55
1788355430.898437641,panther_controller,31.80%,127.5MiB / 31.05GiB,0B / 0B,0B / 987kB,56
1788355430.898437641,panther2_controller,32.72%,124MiB / 31.05GiB,0B / 0B,0B / 991kB,55
1788355430.898437641,panther3_controller,29.89%,126MiB / 31.05GiB,0B / 0B,0B / 995kB,55
1788355432.911652705,panther_controller,32.06%,127MiB / 31.05GiB,0B / 0B,0B / 987kB,56
1788355432.911652705,panther2_controller,33.21%,124.4MiB / 31.05GiB,0B / 0B,0B / 991kB,55
1788355432.911652705,panther3_controller,28.45%,126.4MiB / 31.05GiB,0B / 0B,0B / 995kB,55
1788355434.926319776,panther_controller,30.76%,126.8MiB / 31.05GiB,0B / 0B,0B / 987kB,56
1788355434.926319776,panther2_controller,30.72%,124.1MiB / 31.05GiB,0B / 0B,0B / 991kB,55
1788355434.926319776,panther3_controller,26.41%,125.9MiB / 31.05GiB,0B / 0B,0B / 995kB,55
1788355436.941348474,panther_controller,32.56%,127.3MiB / 31.05GiB,0B / 0B,0B / 987kB,56
1788355436.941348474,panther2_controller,32.05%,124.2MiB / 31.05GiB,0B / 0B,0B / 991kB,55
1788355436.941348474,panther3_controller,27.15%,125.8MiB / 31.05GiB,0B / 0B,0B / 995kB,55
1788355438.956808185,panther_controller,30.73%,127.3MiB / 31.05GiB,0B / 0B,0B / 987kB,56
1788355438.956808185,panther2_controller,30.03%,124.5MiB / 31.05GiB,0B / 0B,0B / 991kB,55
1788355438.956808185,panther3_controller,27.09%,126.1MiB / 31.05GiB,0B / 0B,0B / 995kB,55
1788355440.970157139,panther_controller,23.62%,127.2MiB / 31.05GiB,0B / 0B,0B / 987kB,56
1788355440.970157139,panther2_controller,22.25%,124MiB / 31.05GiB,0B / 0B,0B / 991kB,55
1788355440.970157139,panther3_controller,20.64%,126.3MiB / 31.05GiB,0B / 0B,0B / 995kB,55
1788355442.983495185,panther_controller,30.26%,127.2MiB / 31.05GiB,0B / 0B,0B / 987kB,56
1788355442.983495185,panther2_controller,29.51%,124.9MiB / 31.05GiB,0B / 0B,0B / 991kB,55
1788355442.983495185,panther3_controller,25.31%,126.3MiB / 31.05GiB,0B / 0B,0B / 995kB,55
1788355444.997894011,panther_controller,28.92%,127.6MiB / 31.05GiB,0B / 0B,0B / 987kB,56
1788355444.997894011,panther2_controller,30.52%,125.4MiB / 31.05GiB,0B / 0B,0B / 991kB,55
1788355444.997894011,panther3_controller,24.28%,126.2MiB / 31.05GiB,0B / 0B,0B / 995kB,55
1788355447.010441997,panther_controller,25.75%,127.4MiB / 31.05GiB,0B / 0B,0B / 987kB,56
1788355447.010441997,panther2_controller,26.49%,125.1MiB / 31.05GiB,0B / 0B,0B / 991kB,55
1788355447.010441997,panther3_controller,23.02%,126MiB / 31.05GiB,0B / 0B,0B / 995kB,55
1788355449.026554252,panther_controller,32.78%,127.1MiB / 31.05GiB,0B / 0B,0B / 987kB,56
1788355449.026554252,panther2_controller,33.09%,125.6MiB / 31.05GiB,0B / 0B,0B / 991kB,55
1788355449.026554252,panther3_controller,25.70%,126.4MiB / 31.05GiB,0B / 0B,0B / 995kB,55
1788355451.037959902,panther_controller,35.72%,127.3MiB / 31.05GiB,0B / 0B,0B / 987kB,56
1788355451.037959902,panther2_controller,33.65%,124.8MiB / 31.05GiB,0B / 0B,0B / 991kB,55
1788355451.037959902,panther3_controller,26.14%,126.4MiB / 31.05GiB,0B / 0B,0B / 995kB,55
1788355453.051953132,panther_controller,32.62%,127.5MiB / 31.05GiB,0B / 0B,0B / 987kB,56
1788355453.051953132,panther2_controller,32.53%,125MiB / 31.05GiB,0B / 0B,0B / 991kB,55
1788355453.051953132,panther3_controller,24.89%,126.9MiB / 31.05GiB,0B / 0B,0B / 995kB,55
1788355455.064943508,panther_controller,32.78%,127.2MiB / 31.05GiB,0B / 0B,0B / 987kB,56
1788355455.064943508,panther2_controller,32.15%,125MiB / 31.05GiB,0B / 0B,0B / 991kB,55
1788355455.064943508,panther3_controller,26.70%,126.2MiB / 31.05GiB,0B / 0B,0B / 1MB,55
1788355457.077324506,panther_controller,30.27%,127.3MiB / 31.05GiB,0B / 0B,0B / 995kB,56
1788355457.077324506,panther2_controller,28.49%,124.6MiB / 31.05GiB,0B / 0B,0B / 999kB,55
1788355457.077324506,panther3_controller,24.15%,126.3MiB / 31.05GiB,0B / 0B,0B / 1MB,55
1788355459.091501932,panther_controller,29.60%,127.4MiB / 31.05GiB,0B / 0B,0B / 995kB,56
1788355459.091501932,panther2_controller,29.58%,124.9MiB / 31.05GiB,0B / 0B,0B / 999kB,55
1788355459.091501932,panther3_controller,25.38%,126.1MiB / 31.05GiB,0B / 0B,0B / 1MB,55
1788355461.103827734,panther_controller,28.03%,128MiB / 31.05GiB,0B / 0B,0B / 995kB,56
1788355461.103827734,panther2_controller,27.73%,124.6MiB / 31.05GiB,0B / 0B,0B / 999kB,55
1788355461.103827734,panther3_controller,25.64%,126.3MiB / 31.05GiB,0B / 0B,0B / 1MB,55
1788355463.117553241,panther_controller,29.08%,127.5MiB / 31.05GiB,0B / 0B,0B / 995kB,56
1788355463.117553241,panther2_controller,28.91%,125.2MiB / 31.05GiB,0B / 0B,0B / 999kB,55
1788355463.117553241,panther3_controller,26.74%,126.9MiB / 31.05GiB,0B / 0B,0B / 1MB,55
1788355465.132788898,panther_controller,33.12%,127.9MiB / 31.05GiB,0B / 0B,0B / 995kB,56
1788355465.132788898,panther2_controller,32.22%,125.8MiB / 31.05GiB,0B / 0B,0B / 999kB,55
1788355465.132788898,panther3_controller,27.32%,126.8MiB / 31.05GiB,0B / 0B,0B / 1MB,55
1788355467.145792386,panther_controller,35.05%,127.6MiB / 31.05GiB,0B / 0B,0B / 995kB,56
1788355467.145792386,panther2_controller,34.81%,125.8MiB / 31.05GiB,0B / 0B,0B / 999kB,55
1788355467.145792386,panther3_controller,28.55%,126.5MiB / 31.05GiB,0B / 0B,0B / 1MB,55
1788355469.159904699,panther_controller,28.41%,127.3MiB / 31.05GiB,0B / 0B,0B / 995kB,56
1788355469.159904699,panther2_controller,29.43%,124.9MiB / 31.05GiB,0B / 0B,0B / 999kB,55
1788355469.159904699,panther3_controller,24.98%,126.5MiB / 31.05GiB,0B / 0B,0B / 1MB,55
1788355471.173433631,panther_controller,33.30%,127.5MiB / 31.05GiB,0B / 0B,0B / 995kB,56
1788355471.173433631,panther2_controller,35.66%,125.2MiB / 31.05GiB,0B / 0B,0B / 999kB,55
1788355471.173433631,panther3_controller,30.08%,126.5MiB / 31.05GiB,0B / 0B,0B / 1MB,55
1788355473.186209952,panther_controller,36.73%,127.5MiB / 31.05GiB,0B / 0B,0B / 995kB,56
1788355473.186209952,panther2_controller,41.46%,125.1MiB / 31.05GiB,0B / 0B,0B / 999kB,55
1788355473.186209952,panther3_controller,30.49%,126.5MiB / 31.05GiB,0B / 0B,0B / 1MB,55
1788355475.200104613,panther_controller,28.03%,127.4MiB / 31.05GiB,0B / 0B,0B / 995kB,56
1788355475.200104613,panther2_controller,33.09%,125MiB / 31.05GiB,0B / 0B,0B / 999kB,55
1788355475.200104613,panther3_controller,23.22%,126.8MiB / 31.05GiB,0B / 0B,0B / 1MB,55
1788355477.212665104,panther_controller,27.68%,127.4MiB / 31.05GiB,0B / 0B,0B / 995kB,56
1788355477.212665104,panther2_controller,33.63%,125MiB / 31.05GiB,0B / 0B,0B / 999kB,55
1788355477.212665104,panther3_controller,21.83%,126.5MiB / 31.05GiB,0B / 0B,0B / 1MB,55
1788355479.226605852,panther_controller,32.22%,127.3MiB / 31.05GiB,0B / 0B,0B / 995kB,56
1788355479.226605852,panther2_controller,37.79%,125MiB / 31.05GiB,0B / 0B,0B / 999kB,55
1788355479.226605852,panther3_controller,26.14%,126.5MiB / 31.05GiB,0B / 0B,0B / 1MB,55
1788355481.241798491,panther_controller,29.88%,127.2MiB / 31.05GiB,0B / 0B,0B / 995kB,56
1788355481.241798491,panther2_controller,32.20%,124.6MiB / 31.05GiB,0B / 0B,0B / 999kB,55
1788355481.241798491,panther3_controller,23.37%,126.4MiB / 31.05GiB,0B / 0B,0B / 1MB,55
1788355483.255253362,panther_controller,27.69%,127MiB / 31.05GiB,0B / 0B,0B / 995kB,56
1788355483.255253362,panther2_controller,27.88%,124.9MiB / 31.05GiB,0B / 0B,0B / 999kB,55
1788355483.255253362,panther3_controller,20.93%,126.3MiB / 31.05GiB,0B / 0B,0B / 1MB,55
1788355485.269441132,panther_controller,31.73%,127.5MiB / 31.05GiB,0B / 0B,0B / 995kB,56
1788355485.269441132,panther2_controller,32.42%,124.9MiB / 31.05GiB,0B / 0B,0B / 999kB,55
1788355485.269441132,panther3_controller,24.08%,126.4MiB / 31.05GiB,0B / 0B,0B / 1MB,55
1788355487.282723667,panther_controller,30.17%,127.3MiB / 31.05GiB,0B / 0B,0B / 995kB,56
1788355487.282723667,panther2_controller,32.70%,124.9MiB / 31.05GiB,0B / 0B,0B / 999kB,55
1788355487.282723667,panther3_controller,26.51%,126.5MiB / 31.05GiB,0B / 0B,0B / 1MB,55
1788355489.296468074,panther_controller,29.95%,127.6MiB / 31.05GiB,0B / 0B,0B / 995kB,56
1788355489.296468074,panther2_controller,31.46%,124.8MiB / 31.05GiB,0B / 0B,0B / 999kB,55
1788355489.296468074,panther3_controller,23.20%,126.3MiB / 31.05GiB,0B / 0B,0B / 1MB,55
1788355491.310081247,panther_controller,31.02%,127.2MiB / 31.05GiB,0B / 0B,0B / 1MB,56
1788355491.310081247,panther2_controller,31.16%,124.6MiB / 31.05GiB,0B / 0B,0B / 1.01MB,55
1788355491.310081247,panther3_controller,23.00%,126MiB / 31.05GiB,0B / 0B,0B / 1.01MB,55
1788355493.323457137,panther_controller,31.54%,126.9MiB / 31.05GiB,0B / 0B,0B / 1MB,56
1788355493.323457137,panther2_controller,28.59%,124.6MiB / 31.05GiB,0B / 0B,0B / 1.01MB,55
1788355493.323457137,panther3_controller,21.98%,126.1MiB / 31.05GiB,0B / 0B,0B / 1.01MB,55
1788355495.337324455,panther_controller,32.49%,126.7MiB / 31.05GiB,0B / 0B,0B / 1MB,56
1788355495.337324455,panther2_controller,30.29%,124.7MiB / 31.05GiB,0B / 0B,0B / 1.01MB,55
1788355495.337324455,panther3_controller,25.07%,126.1MiB / 31.05GiB,0B / 0B,0B / 1.01MB,55
1788355497.350178466,panther_controller,31.02%,126.8MiB / 31.05GiB,0B / 0B,0B / 1MB,56
1788355497.350178466,panther2_controller,27.36%,124.6MiB / 31.05GiB,0B / 0B,0B / 1.01MB,55
1788355497.350178466,panther3_controller,21.93%,125.9MiB / 31.05GiB,0B / 0B,0B / 1.01MB,55
1788355499.362569248,panther_controller,26.58%,127.3MiB / 31.05GiB,0B / 0B,0B / 1MB,56
1788355499.362569248,panther2_controller,25.60%,124.8MiB / 31.05GiB,0B / 0B,0B / 1.01MB,55
1788355499.362569248,panther3_controller,20.00%,126.2MiB / 31.05GiB,0B / 0B,0B / 1.01MB,55
1788355501.376541428,panther_controller,29.56%,127.3MiB / 31.05GiB,0B / 0B,0B / 1MB,56
1788355501.376541428,panther2_controller,29.70%,124.4MiB / 31.05GiB,0B / 0B,0B / 1.01MB,55
1788355501.376541428,panther3_controller,24.50%,126.1MiB / 31.05GiB,0B / 0B,0B / 1.01MB,55
1788355503.389264907,panther_controller,27.14%,127MiB / 31.05GiB,0B / 0B,0B / 1MB,56
1788355503.389264907,panther2_controller,26.95%,124.7MiB / 31.05GiB,0B / 0B,0B / 1.01MB,55
1788355503.389264907,panther3_controller,28.42%,126.3MiB / 31.05GiB,0B / 0B,0B / 1.01MB,55
1788355505.402522152,panther_controller,30.47%,126.9MiB / 31.05GiB,0B / 0B,0B / 1MB,56
1788355505.402522152,panther2_controller,29.35%,124.7MiB / 31.05GiB,0B / 0B,0B / 1.01MB,55
1788355505.402522152,panther3_controller,27.87%,126.1MiB / 31.05GiB,0B / 0B,0B / 1.01MB,55
1788355507.415536102,panther_controller,29.69%,126.9MiB / 31.05GiB,0B / 0B,0B / 1MB,56
1788355507.415536102,panther2_controller,27.12%,124.4MiB / 31.05GiB,0B / 0B,0B / 1.01MB,55
1788355507.415536102,panther3_controller,27.82%,125.8MiB / 31.05GiB,0B / 0B,0B / 1.01MB,55
1788355509.427767332,panther_controller,29.59%,126.9MiB / 31.05GiB,0B / 0B,0B / 1MB,56
1788355509.427767332,panther2_controller,27.00%,124.2MiB / 31.05GiB,0B / 0B,0B / 1.01MB,55
1788355509.427767332,panther3_controller,26.77%,126.1MiB / 31.05GiB,0B / 0B,0B / 1.01MB,55
1788355511.441583811,panther_controller,28.41%,127.3MiB / 31.05GiB,0B / 0B,0B / 1MB,56
1788355511.441583811,panther2_controller,27.29%,124.7MiB / 31.05GiB,0B / 0B,0B / 1.01MB,55
1788355511.441583811,panther3_controller,27.21%,126.1MiB / 31.05GiB,0B / 0B,0B / 1.01MB,55
1788355513.456293900,panther_controller,33.48%,127.1MiB / 31.05GiB,0B / 0B,0B / 1MB,56
1788355513.456293900,panther2_controller,30.63%,124.5MiB / 31.05GiB,0B / 0B,0B / 1.01MB,55
1788355513.456293900,panther3_controller,30.17%,126.1MiB / 31.05GiB,0B / 0B,0B / 1.01MB,55
1788355515.469711474,panther_controller,28.91%,127.2MiB / 31.05GiB,0B / 0B,0B / 1MB,56
1788355515.469711474,panther2_controller,25.47%,124.6MiB / 31.05GiB,0B / 0B,0B / 1.01MB,55
1788355515.469711474,panther3_controller,24.84%,126.2MiB / 31.05GiB,0B / 0B,0B / 1.01MB,55
1788355517.483379429,panther_controller,31.44%,126.6MiB / 31.05GiB,0B / 0B,0B / 1MB,56
1788355517.483379429,panther2_controller,30.95%,124.7MiB / 31.05GiB,0B / 0B,0B / 1.01MB,55
1788355517.483379429,panther3_controller,26.75%,126.5MiB / 31.05GiB,0B / 0B,0B / 1.01MB,55
1788355519.496416121,panther_controller,28.86%,127.3MiB / 31.05GiB,0B / 0B,0B / 1MB,56
1788355519.496416121,panther2_controller,28.32%,124.5MiB / 31.05GiB,0B / 0B,0B / 1.01MB,55
1788355519.496416121,panther3_controller,26.46%,126.7MiB / 31.05GiB,0B / 0B,0B / 1.01MB,55
1788355521.510267932,panther_controller,30.53%,126.9MiB / 31.05GiB,0B / 0B,0B / 1MB,56
1788355521.510267932,panther2_controller,29.50%,124.6MiB / 31.05GiB,0B / 0B,0B / 1.01MB,55
1788355521.510267932,panther3_controller,26.00%,126.2MiB / 31.05GiB,0B / 0B,0B / 1.01MB,55
1788355523.527179574,panther_controller,32.40%,127.2MiB / 31.05GiB,0B / 0B,0B / 1MB,56
1788355523.527179574,panther2_controller,33.28%,124.9MiB / 31.05GiB,0B / 0B,0B / 1.01MB,55
1788355523.527179574,panther3_controller,27.39%,126.2MiB / 31.05GiB,0B / 0B,0B / 1.01MB,55
1788355525.540203296,panther_controller,31.76%,127.2MiB / 31.05GiB,0B / 0B,0B / 1MB,56
1788355525.540203296,panther2_controller,33.07%,124.6MiB / 31.05GiB,0B / 0B,0B / 1.01MB,55
1788355525.540203296,panther3_controller,28.11%,126.3MiB / 31.05GiB,0B / 0B,0B / 1.02MB,55
1788355527.552735329,panther_controller,31.40%,127.1MiB / 31.05GiB,0B / 0B,0B / 1.01MB,56
1788355527.552735329,panther2_controller,32.06%,124.8MiB / 31.05GiB,0B / 0B,0B / 1.02MB,55
1788355527.552735329,panther3_controller,29.15%,126.6MiB / 31.05GiB,0B / 0B,0B / 1.02MB,55
1788355529.566690452,panther_controller,30.76%,127.1MiB / 31.05GiB,0B / 0B,0B / 1.01MB,56
1788355529.566690452,panther2_controller,32.17%,124.9MiB / 31.05GiB,0B / 0B,0B / 1.02MB,55
1788355529.566690452,panther3_controller,26.09%,125.9MiB / 31.05GiB,0B / 0B,0B / 1.02MB,55
1788355531.581160605,panther_controller,31.04%,127.1MiB / 31.05GiB,0B / 0B,0B / 1.01MB,56
1788355531.581160605,panther2_controller,30.99%,124.8MiB / 31.05GiB,0B / 0B,0B / 1.02MB,55
1788355531.581160605,panther3_controller,23.84%,126.4MiB / 31.05GiB,0B / 0B,0B / 1.02MB,55
1788355533.597147609,panther_controller,27.60%,127.2MiB / 31.05GiB,0B / 0B,0B / 1.01MB,56
1788355533.597147609,panther2_controller,27.24%,124.8MiB / 31.05GiB,0B / 0B,0B / 1.02MB,55
1788355533.597147609,panther3_controller,21.18%,126.3MiB / 31.05GiB,0B / 0B,0B / 1.02MB,55
1788355535.610272183,panther_controller,31.02%,127.3MiB / 31.05GiB,0B / 0B,0B / 1.01MB,56
1788355535.610272183,panther2_controller,29.90%,125.1MiB / 31.05GiB,0B / 0B,0B / 1.02MB,55
1788355535.610272183,panther3_controller,24.99%,126.2MiB / 31.05GiB,0B / 0B,0B / 1.02MB,55
1788355537.624051090,panther_controller,28.15%,127.5MiB / 31.05GiB,0B / 0B,0B / 1.01MB,56
1788355537.624051090,panther2_controller,27.32%,124.5MiB / 31.05GiB,0B / 0B,0B / 1.02MB,55
1788355537.624051090,panther3_controller,21.75%,125.9MiB / 31.05GiB,0B / 0B,0B / 1.02MB,55
1788355539.637179432,panther_controller,26.46%,127.5MiB / 31.05GiB,0B / 0B,0B / 1.01MB,56
1788355539.637179432,panther2_controller,24.66%,124.7MiB / 31.05GiB,0B / 0B,0B / 1.02MB,55
1788355539.637179432,panther3_controller,20.09%,126MiB / 31.05GiB,0B / 0B,0B / 1.02MB,55
1788355541.652414408,panther_controller,29.56%,127.2MiB / 31.05GiB,0B / 0B,0B / 1.01MB,56
1788355541.652414408,panther2_controller,26.93%,124.8MiB / 31.05GiB,0B / 0B,0B / 1.02MB,55
1788355541.652414408,panther3_controller,22.72%,126.1MiB / 31.05GiB,0B / 0B,0B / 1.02MB,55
1788355543.664950216,panther_controller,28.12%,127MiB / 31.05GiB,0B / 0B,0B / 1.01MB,56
1788355543.664950216,panther2_controller,25.35%,124.8MiB / 31.05GiB,0B / 0B,0B / 1.02MB,55
1788355543.664950216,panther3_controller,21.37%,126.5MiB / 31.05GiB,0B / 0B,0B / 1.02MB,55
1788355545.676730303,panther_controller,36.75%,127.3MiB / 31.05GiB,0B / 0B,0B / 1.01MB,56
1788355545.676730303,panther2_controller,29.73%,124.8MiB / 31.05GiB,0B / 0B,0B / 1.02MB,55
1788355545.676730303,panther3_controller,24.05%,126.8MiB / 31.05GiB,0B / 0B,0B / 1.02MB,55
1788355547.690004900,panther_controller,37.16%,127.3MiB / 31.05GiB,0B / 0B,0B / 1.01MB,56
1788355547.690004900,panther2_controller,32.12%,124.8MiB / 31.05GiB,0B / 0B,0B / 1.02MB,55
1788355547.690004900,panther3_controller,26.33%,126.5MiB / 31.05GiB,0B / 0B,0B / 1.02MB,55
1788355549.702723727,panther_controller,27.19%,127.3MiB / 31.05GiB,0B / 0B,0B / 1.01MB,56
1788355549.702723727,panther2_controller,20.39%,124.7MiB / 31.05GiB,0B / 0B,0B / 1.02MB,55
1788355549.702723727,panther3_controller,18.90%,126.6MiB / 31.05GiB,0B / 0B,0B / 1.02MB,55
1788355551.715969819,panther_controller,40.63%,127.1MiB / 31.05GiB,0B / 0B,0B / 1.01MB,56
1788355551.715969819,panther2_controller,32.18%,124.6MiB / 31.05GiB,0B / 0B,0B / 1.02MB,55
1788355551.715969819,panther3_controller,26.05%,126.3MiB / 31.05GiB,0B / 0B,0B / 1.02MB,55
1788355553.728298229,panther_controller,37.60%,126.8MiB / 31.05GiB,0B / 0B,0B / 1.01MB,56
1788355553.728298229,panther2_controller,29.26%,122.3MiB / 31.05GiB,0B / 0B,0B / 1.02MB,55
1788355553.728298229,panther3_controller,24.76%,126.5MiB / 31.05GiB,0B / 0B,0B / 1.02MB,55
1788355555.741915250,panther_controller,26.72%,127.2MiB / 31.05GiB,0B / 0B,0B / 1.01MB,56
1788355555.741915250,panther2_controller,22.97%,121.9MiB / 31.05GiB,0B / 0B,0B / 1.02MB,55
1788355555.741915250,panther3_controller,20.08%,126.7MiB / 31.05GiB,0B / 0B,0B / 1.02MB,55
1788355557.754746225,panther_controller,29.90%,127.3MiB / 31.05GiB,0B / 0B,0B / 1.01MB,56
1788355557.754746225,panther2_controller,28.01%,122.2MiB / 31.05GiB,0B / 0B,0B / 1.02MB,55
1788355557.754746225,panther3_controller,22.89%,126.5MiB / 31.05GiB,0B / 0B,0B / 1.02MB,55
1788355559.767920841,panther_controller,30.83%,127.2MiB / 31.05GiB,0B / 0B,0B / 1.01MB,56
1788355559.767920841,panther2_controller,27.51%,121.9MiB / 31.05GiB,0B / 0B,0B / 1.02MB,55
1788355559.767920841,panther3_controller,22.20%,126.6MiB / 31.05GiB,0B / 0B,0B / 1.03MB,55
1788355561.781743681,panther_controller,27.55%,127MiB / 31.05GiB,0B / 0B,0B / 1.02MB,56
1788355561.781743681,panther2_controller,24.54%,122.7MiB / 31.05GiB,0B / 0B,0B / 1.02MB,55
1788355561.781743681,panther3_controller,21.20%,126.5MiB / 31.05GiB,0B / 0B,0B / 1.03MB,55
1788355563.794357807,panther_controller,36.13%,127.3MiB / 31.05GiB,0B / 0B,0B / 1.02MB,56
1788355563.794357807,panther2_controller,32.99%,123.2MiB / 31.05GiB,0B / 0B,0B / 1.02MB,55
1788355563.794357807,panther3_controller,27.44%,126.8MiB / 31.05GiB,0B / 0B,0B / 1.03MB,55
1788355565.808062720,panther_controller,26.90%,127.3MiB / 31.05GiB,0B / 0B,0B / 1.02MB,56
1788355565.808062720,panther2_controller,23.70%,123.9MiB / 31.05GiB,0B / 0B,0B / 1.02MB,55
1788355565.808062720,panther3_controller,20.70%,126.6MiB / 31.05GiB,0B / 0B,0B / 1.03MB,55
1788355567.821728420,panther_controller,33.09%,127.1MiB / 31.05GiB,0B / 0B,0B / 1.02MB,56
1788355567.821728420,panther2_controller,29.89%,124.8MiB / 31.05GiB,0B / 0B,0B / 1.02MB,55
1788355567.821728420,panther3_controller,23.46%,127MiB / 31.05GiB,0B / 0B,0B / 1.03MB,55
1788355569.835026269,panther_controller,30.14%,127.1MiB / 31.05GiB,0B / 0B,0B / 1.02MB,56
1788355569.835026269,panther2_controller,27.18%,124.9MiB / 31.05GiB,0B / 0B,0B / 1.02MB,55
1788355569.835026269,panther3_controller,23.49%,127.1MiB / 31.05GiB,0B / 0B,0B / 1.03MB,55
1788355571.850140534,panther_controller,23.17%,127.4MiB / 31.05GiB,0B / 0B,0B / 1.02MB,56
1788355571.850140534,panther2_controller,24.59%,125.1MiB / 31.05GiB,0B / 0B,0B / 1.02MB,55
1788355571.850140534,panther3_controller,18.57%,127MiB / 31.05GiB,0B / 0B,0B / 1.03MB,55
1788355573.862294993,panther_controller,34.46%,127MiB / 31.05GiB,0B / 0B,0B / 1.02MB,56
1788355573.862294993,panther2_controller,37.34%,124.9MiB / 31.05GiB,0B / 0B,0B / 1.02MB,55
1788355573.862294993,panther3_controller,27.00%,126.8MiB / 31.05GiB,0B / 0B,0B / 1.03MB,55
1788355575.875954040,panther_controller,28.83%,127.1MiB / 31.05GiB,0B / 0B,0B / 1.02MB,56
1788355575.875954040,panther2_controller,30.82%,124.7MiB / 31.05GiB,0B / 0B,0B / 1.02MB,55
1788355575.875954040,panther3_controller,21.57%,126.6MiB / 31.05GiB,0B / 0B,0B / 1.03MB,55
1788355577.888918547,panther_controller,21.66%,127.1MiB / 31.05GiB,0B / 0B,0B / 1.02MB,56
1788355577.888918547,panther2_controller,24.25%,124.8MiB / 31.05GiB,0B / 0B,0B / 1.02MB,55
1788355577.888918547,panther3_controller,18.82%,126.9MiB / 31.05GiB,0B / 0B,0B / 1.03MB,55
1788355579.901268335,panther_controller,33.46%,127.4MiB / 31.05GiB,0B / 0B,0B / 1.02MB,56
1788355579.901268335,panther2_controller,34.86%,124.9MiB / 31.05GiB,0B / 0B,0B / 1.02MB,55
1788355579.901268335,panther3_controller,27.04%,127MiB / 31.05GiB,0B / 0B,0B / 1.03MB,55
1788355581.913986946,panther_controller,27.35%,127.3MiB / 31.05GiB,0B / 0B,0B / 1.02MB,56
1788355581.913986946,panther2_controller,29.19%,125.1MiB / 31.05GiB,0B / 0B,0B / 1.02MB,55
1788355581.913986946,panther3_controller,23.92%,126.8MiB / 31.05GiB,0B / 0B,0B / 1.03MB,55
1788355583.926812474,panther_controller,22.69%,127.3MiB / 31.05GiB,0B / 0B,0B / 1.02MB,56
1788355583.926812474,panther2_controller,24.79%,125.3MiB / 31.05GiB,0B / 0B,0B / 1.02MB,55
1788355583.926812474,panther3_controller,19.71%,126.9MiB / 31.05GiB,0B / 0B,0B / 1.03MB,55
1788355585.941675276,panther_controller,30.79%,127.2MiB / 31.05GiB,0B / 0B,0B / 1.02MB,56
1788355585.941675276,panther2_controller,34.25%,124.9MiB / 31.05GiB,0B / 0B,0B / 1.02MB,55
1788355585.941675276,panther3_controller,29.20%,127.5MiB / 31.05GiB,0B / 0B,0B / 1.03MB,55
1788355587.953703376,panther_controller,24.69%,127.8MiB / 31.05GiB,0B / 0B,0B / 1.02MB,56
1788355587.953703376,panther2_controller,26.73%,124.8MiB / 31.05GiB,0B / 0B,0B / 1.02MB,55
1788355587.953703376,panther3_controller,25.86%,127.7MiB / 31.05GiB,0B / 0B,0B / 1.03MB,55
1788355589.966500557,panther_controller,26.63%,127.8MiB / 31.05GiB,0B / 0B,0B / 1.02MB,56
1788355589.966500557,panther2_controller,28.86%,124.8MiB / 31.05GiB,0B / 0B,0B / 1.02MB,55
1788355589.966500557,panther3_controller,26.16%,127.5MiB / 31.05GiB,0B / 0B,0B / 1.03MB,55
1788355591.980454567,panther_controller,28.29%,127.2MiB / 31.05GiB,0B / 0B,0B / 1.02MB,56
1788355591.980454567,panther2_controller,30.78%,124.8MiB / 31.05GiB,0B / 0B,0B / 1.02MB,55
1788355591.980454567,panther3_controller,27.08%,126.8MiB / 31.05GiB,0B / 0B,0B / 1.03MB,55
1788355593.993419311,panther_controller,22.88%,127.2MiB / 31.05GiB,0B / 0B,0B / 1.02MB,56
1788355593.993419311,panther2_controller,25.59%,124.9MiB / 31.05GiB,0B / 0B,0B / 1.02MB,55
1788355593.993419311,panther3_controller,23.23%,126.9MiB / 31.05GiB,0B / 0B,0B / 1.03MB,55
1788355596.006731403,panther_controller,32.89%,127.3MiB / 31.05GiB,0B / 0B,0B / 1.02MB,56
1788355596.006731403,panther2_controller,32.42%,125MiB / 31.05GiB,0B / 0B,0B / 1.03MB,55
1788355596.006731403,panther3_controller,27.82%,127.1MiB / 31.05GiB,0B / 0B,0B / 1.03MB,55
1788355598.019933047,panther_controller,27.65%,127.3MiB / 31.05GiB,0B / 0B,0B / 1.02MB,56
1788355598.019933047,panther2_controller,27.40%,125MiB / 31.05GiB,0B / 0B,0B / 1.03MB,55
1788355598.019933047,panther3_controller,24.41%,127.1MiB / 31.05GiB,0B / 0B,0B / 1.03MB,55
1788355600.034635081,panther_controller,25.68%,128.2MiB / 31.05GiB,0B / 0B,0B / 1.02MB,56
1788355600.034635081,panther2_controller,24.79%,124.8MiB / 31.05GiB,0B / 0B,0B / 1.03MB,55
1788355600.034635081,panther3_controller,21.04%,127.2MiB / 31.05GiB,0B / 0B,0B / 1.03MB,55
1788355602.048431756,panther_controller,32.75%,127.9MiB / 31.05GiB,0B / 0B,0B / 1.02MB,56
1788355602.048431756,panther2_controller,32.54%,125.2MiB / 31.05GiB,0B / 0B,0B / 1.03MB,55
1788355602.048431756,panther3_controller,27.45%,128.1MiB / 31.05GiB,0B / 0B,0B / 1.03MB,55
1788355604.062342595,panther_controller,32.64%,125.2MiB / 31.05GiB,0B / 0B,0B / 1.02MB,56
1788355604.062342595,panther2_controller,30.63%,124.5MiB / 31.05GiB,0B / 0B,0B / 1.03MB,55
1788355604.062342595,panther3_controller,27.92%,127.6MiB / 31.05GiB,0B / 0B,0B / 1.03MB,55
1788355606.074354603,panther_controller,24.73%,125.3MiB / 31.05GiB,0B / 0B,0B / 1.02MB,56
1788355606.074354603,panther2_controller,21.38%,124.7MiB / 31.05GiB,0B / 0B,0B / 1.03MB,55
1788355606.074354603,panther3_controller,22.02%,127.8MiB / 31.05GiB,0B / 0B,0B / 1.03MB,55
1788355608.087380905,panther_controller,34.39%,125MiB / 31.05GiB,0B / 0B,0B / 1.02MB,56
1788355608.087380905,panther2_controller,32.46%,124.1MiB / 31.05GiB,0B / 0B,0B / 1.03MB,55
1788355608.087380905,panther3_controller,28.32%,127.4MiB / 31.05GiB,0B / 0B,0B / 1.03MB,55
1788355610.103420562,panther_controller,29.22%,125.2MiB / 31.05GiB,0B / 0B,0B / 1.02MB,56
1788355610.103420562,panther2_controller,25.85%,124.9MiB / 31.05GiB,0B / 0B,0B / 1.03MB,55
1788355610.103420562,panther3_controller,25.48%,127.4MiB / 31.05GiB,0B / 0B,0B / 1.03MB,55
1788355612.117085507,panther_controller,27.68%,125.3MiB / 31.05GiB,0B / 0B,0B / 1.02MB,56
1788355612.117085507,panther2_controller,23.94%,124.4MiB / 31.05GiB,0B / 0B,0B / 1.03MB,55
1788355612.117085507,panther3_controller,24.00%,127.2MiB / 31.05GiB,0B / 0B,0B / 1.03MB,55
1788355614.130623224,panther_controller,31.52%,125.1MiB / 31.05GiB,0B / 0B,0B / 1.02MB,56
1788355614.130623224,panther2_controller,27.56%,124.7MiB / 31.05GiB,0B / 0B,0B / 1.03MB,55
1788355614.130623224,panther3_controller,25.75%,127.4MiB / 31.05GiB,0B / 0B,0B / 1.03MB,55
1788355616.145290263,panther_controller,28.88%,125.2MiB / 31.05GiB,0B / 0B,0B / 1.02MB,56
1788355616.145290263,panther2_controller,26.31%,124.5MiB / 31.05GiB,0B / 0B,0B / 1.03MB,55
1788355616.145290263,panther3_controller,24.75%,127.1MiB / 31.05GiB,0B / 0B,0B / 1.03MB,55
1788355618.157106826,panther_controller,27.47%,125.3MiB / 31.05GiB,0B / 0B,0B / 1.02MB,56
1788355618.157106826,panther2_controller,26.13%,124.9MiB / 31.05GiB,0B / 0B,0B / 1.03MB,55
1788355618.157106826,panther3_controller,25.71%,127.2MiB / 31.05GiB,0B / 0B,0B / 1.03MB,55
1788355620.169212097,panther_controller,33.79%,125.5MiB / 31.05GiB,0B / 0B,0B / 1.02MB,56
1788355620.169212097,panther2_controller,32.51%,124.6MiB / 31.05GiB,0B / 0B,0B / 1.03MB,55
1788355620.169212097,panther3_controller,30.45%,127.2MiB / 31.05GiB,0B / 0B,0B / 1.03MB,55
1788355622.182091597,panther_controller,23.92%,125.6MiB / 31.05GiB,0B / 0B,0B / 1.02MB,56
1788355622.182091597,panther2_controller,24.21%,124.9MiB / 31.05GiB,0B / 0B,0B / 1.03MB,55
1788355622.182091597,panther3_controller,24.07%,127.1MiB / 31.05GiB,0B / 0B,0B / 1.03MB,55
1788355624.195047980,panther_controller,28.04%,125.6MiB / 31.05GiB,0B / 0B,0B / 1.02MB,56
1788355624.195047980,panther2_controller,28.33%,124.8MiB / 31.05GiB,0B / 0B,0B / 1.03MB,55
1788355624.195047980,panther3_controller,25.95%,127.4MiB / 31.05GiB,0B / 0B,0B / 1.03MB,55
1788355626.207997884,panther_controller,30.68%,123.6MiB / 31.05GiB,0B / 0B,0B / 1.02MB,56
1788355626.207997884,panther2_controller,31.09%,124.5MiB / 31.05GiB,0B / 0B,0B / 1.03MB,55
1788355626.207997884,panther3_controller,28.65%,127.2MiB / 31.05GiB,0B / 0B,0B / 1.03MB,55
1788355628.221315360,panther_controller,26.71%,123.2MiB / 31.05GiB,0B / 0B,0B / 1.02MB,56
1788355628.221315360,panther2_controller,27.67%,124.6MiB / 31.05GiB,0B / 0B,0B / 1.03MB,55
1788355628.221315360,panther3_controller,26.47%,127.2MiB / 31.05GiB,0B / 0B,0B / 1.03MB,55
1788355630.235314896,panther_controller,26.47%,123.8MiB / 31.05GiB,0B / 0B,0B / 1.02MB,56
1788355630.235314896,panther2_controller,26.12%,124.6MiB / 31.05GiB,0B / 0B,0B / 1.03MB,55
1788355630.235314896,panther3_controller,25.40%,127.2MiB / 31.05GiB,0B / 0B,0B / 1.04MB,55
1788355632.250437803,panther_controller,30.38%,123.7MiB / 31.05GiB,0B / 0B,0B / 1.03MB,56
1788355632.250437803,panther2_controller,30.77%,124.5MiB / 31.05GiB,0B / 0B,0B / 1.04MB,55
1788355632.250437803,panther3_controller,27.95%,127.6MiB / 31.05GiB,0B / 0B,0B / 1.04MB,55
1788355634.262981351,panther_controller,21.93%,123.7MiB / 31.05GiB,0B / 0B,0B / 1.03MB,56
1788355634.262981351,panther2_controller,22.65%,124.4MiB / 31.05GiB,0B / 0B,0B / 1.04MB,55
1788355634.262981351,panther3_controller,24.18%,127.2MiB / 31.05GiB,0B / 0B,0B / 1.04MB,55
1788355636.278960372,panther_controller,21.55%,123.4MiB / 31.05GiB,0B / 0B,0B / 1.03MB,56
1788355636.278960372,panther2_controller,21.81%,125MiB / 31.05GiB,0B / 0B,0B / 1.04MB,55
1788355636.278960372,panther3_controller,23.48%,127.6MiB / 31.05GiB,0B / 0B,0B / 1.04MB,55
1788355638.289382528,panther_controller,23.59%,123.4MiB / 31.05GiB,0B / 0B,0B / 1.03MB,56
1788355638.289382528,panther2_controller,25.13%,124.3MiB / 31.05GiB,0B / 0B,0B / 1.04MB,55
1788355638.289382528,panther3_controller,24.89%,127.9MiB / 31.05GiB,0B / 0B,0B / 1.04MB,55
1788355640.302299413,panther_controller,25.21%,123.3MiB / 31.05GiB,0B / 0B,0B / 1.03MB,56
1788355640.302299413,panther2_controller,24.81%,124.7MiB / 31.05GiB,0B / 0B,0B / 1.04MB,55
1788355640.302299413,panther3_controller,24.06%,127.1MiB / 31.05GiB,0B / 0B,0B / 1.04MB,55
1788355642.314213184,panther_controller,23.06%,123.3MiB / 31.05GiB,0B / 0B,0B / 1.03MB,56
1788355642.314213184,panther2_controller,24.02%,124.9MiB / 31.05GiB,0B / 0B,0B / 1.04MB,55
1788355642.314213184,panther3_controller,23.66%,127.4MiB / 31.05GiB,0B / 0B,0B / 1.04MB,55
1788355644.329421374,panther_controller,24.65%,123.9MiB / 31.05GiB,0B / 0B,0B / 1.03MB,56
1788355644.329421374,panther2_controller,24.74%,124.9MiB / 31.05GiB,0B / 0B,0B / 1.04MB,55
1788355644.329421374,panther3_controller,23.73%,127.4MiB / 31.05GiB,0B / 0B,0B / 1.04MB,55
1788355646.341901031,panther_controller,26.74%,124MiB / 31.05GiB,0B / 0B,0B / 1.03MB,56
1788355646.341901031,panther2_controller,26.84%,121.6MiB / 31.05GiB,0B / 0B,0B / 1.04MB,55
1788355646.341901031,panther3_controller,26.30%,127.7MiB / 31.05GiB,0B / 0B,0B / 1.04MB,55
1788355648.354234110,panther_controller,31.49%,124MiB / 31.05GiB,0B / 0B,0B / 1.03MB,56
1788355648.354234110,panther2_controller,32.99%,121.4MiB / 31.05GiB,0B / 0B,0B / 1.04MB,55
1788355648.354234110,panther3_controller,28.27%,127.7MiB / 31.05GiB,0B / 0B,0B / 1.04MB,55
1788355650.366677181,panther_controller,24.05%,124.1MiB / 31.05GiB,0B / 0B,0B / 1.03MB,56
1788355650.366677181,panther2_controller,23.75%,122.2MiB / 31.05GiB,0B / 0B,0B / 1.04MB,55
1788355650.366677181,panther3_controller,24.47%,127.3MiB / 31.05GiB,0B / 0B,0B / 1.04MB,55
1788355652.379293810,panther_controller,25.91%,123.1MiB / 31.05GiB,0B / 0B,0B / 1.03MB,56
1788355652.379293810,panther2_controller,24.65%,121.9MiB / 31.05GiB,0B / 0B,0B / 1.04MB,55
1788355652.379293810,panther3_controller,24.49%,127.5MiB / 31.05GiB,0B / 0B,0B / 1.04MB,55
1788355654.393319078,panther_controller,33.56%,123.8MiB / 31.05GiB,0B / 0B,0B / 1.03MB,56
1788355654.393319078,panther2_controller,30.89%,122.4MiB / 31.05GiB,0B / 0B,0B / 1.04MB,55
1788355654.393319078,panther3_controller,28.95%,127.2MiB / 31.05GiB,0B / 0B,0B / 1.04MB,55
1788355656.406619756,panther_controller,29.07%,124MiB / 31.05GiB,0B / 0B,0B / 1.03MB,56
1788355656.406619756,panther2_controller,23.84%,122.6MiB / 31.05GiB,0B / 0B,0B / 1.04MB,55
1788355656.406619756,panther3_controller,22.16%,127.5MiB / 31.05GiB,0B / 0B,0B / 1.04MB,55
1788355658.419363086,panther_controller,28.43%,124.3MiB / 31.05GiB,0B / 0B,0B / 1.03MB,56
1788355658.419363086,panther2_controller,23.83%,123MiB / 31.05GiB,0B / 0B,0B / 1.04MB,55
1788355658.419363086,panther3_controller,23.61%,127.7MiB / 31.05GiB,0B / 0B,0B / 1.04MB,55
1788355660.433371645,panther_controller,31.86%,124.5MiB / 31.05GiB,0B / 0B,0B / 1.03MB,56
1788355660.433371645,panther2_controller,28.30%,123MiB / 31.05GiB,0B / 0B,0B / 1.04MB,55
1788355660.433371645,panther3_controller,25.77%,127.2MiB / 31.05GiB,0B / 0B,0B / 1.04MB,55
1788355662.448264262,panther_controller,26.83%,124.5MiB / 31.05GiB,0B / 0B,0B / 1.03MB,56
1788355662.448264262,panther2_controller,23.40%,124MiB / 31.05GiB,0B / 0B,0B / 1.04MB,55
1788355662.448264262,panther3_controller,22.37%,127.4MiB / 31.05GiB,0B / 0B,0B / 1.04MB,55
1788355664.460910162,panther_controller,29.80%,125.1MiB / 31.05GiB,0B / 0B,0B / 1.03MB,56
1788355664.460910162,panther2_controller,30.35%,124.4MiB / 31.05GiB,0B / 0B,0B / 1.04MB,55
1788355664.460910162,panther3_controller,25.81%,127.5MiB / 31.05GiB,0B / 0B,0B / 1.05MB,55
1788355666.473861757,panther_controller,30.81%,125.2MiB / 31.05GiB,0B / 0B,0B / 1.04MB,56
1788355666.473861757,panther2_controller,32.28%,124.5MiB / 31.05GiB,0B / 0B,0B / 1.04MB,55
1788355666.473861757,panther3_controller,26.93%,127.6MiB / 31.05GiB,0B / 0B,0B / 1.05MB,55
1788355668.486284112,panther_controller,26.07%,125.7MiB / 31.05GiB,0B / 0B,0B / 1.04MB,56
1788355668.486284112,panther2_controller,28.82%,124.8MiB / 31.05GiB,0B / 0B,0B / 1.04MB,55
1788355668.486284112,panther3_controller,23.41%,126.7MiB / 31.05GiB,0B / 0B,0B / 1.05MB,55
1788355670.499447140,panther_controller,26.71%,125.3MiB / 31.05GiB,0B / 0B,0B / 1.04MB,56
1788355670.499447140,panther2_controller,27.82%,125MiB / 31.05GiB,0B / 0B,0B / 1.04MB,55
1788355670.499447140,panther3_controller,23.74%,126.9MiB / 31.05GiB,0B / 0B,0B / 1.05MB,55
1788355672.512006426,panther_controller,32.46%,124.8MiB / 31.05GiB,0B / 0B,0B / 1.04MB,56
1788355672.512006426,panther2_controller,32.72%,124.6MiB / 31.05GiB,0B / 0B,0B / 1.04MB,55
1788355672.512006426,panther3_controller,24.79%,127.1MiB / 31.05GiB,0B / 0B,0B / 1.05MB,55
1788355674.526334325,panther_controller,25.41%,125.2MiB / 31.05GiB,0B / 0B,0B / 1.04MB,56
1788355674.526334325,panther2_controller,25.91%,124.8MiB / 31.05GiB,0B / 0B,0B / 1.04MB,55
1788355674.526334325,panther3_controller,21.84%,127.1MiB / 31.05GiB,0B / 0B,0B / 1.05MB,55
1788355676.538196841,panther_controller,25.78%,124.8MiB / 31.05GiB,0B / 0B,0B / 1.04MB,56
1788355676.538196841,panther2_controller,27.14%,124.5MiB / 31.05GiB,0B / 0B,0B / 1.04MB,55
1788355676.538196841,panther3_controller,22.96%,127MiB / 31.05GiB,0B / 0B,0B / 1.05MB,55
1788355678.550239755,panther_controller,32.62%,125.3MiB / 31.05GiB,0B / 0B,0B / 1.04MB,56
1788355678.550239755,panther2_controller,33.58%,124.5MiB / 31.05GiB,0B / 0B,0B / 1.04MB,55
1788355678.550239755,panther3_controller,30.41%,127.1MiB / 31.05GiB,0B / 0B,0B / 1.05MB,55
1788355680.563664756,panther_controller,28.66%,125.6MiB / 31.05GiB,0B / 0B,0B / 1.04MB,56
1788355680.563664756,panther2_controller,28.80%,124.4MiB / 31.05GiB,0B / 0B,0B / 1.04MB,55
1788355680.563664756,panther3_controller,25.21%,126.9MiB / 31.05GiB,0B / 0B,0B / 1.05MB,55
1788355682.576297773,panther_controller,32.03%,125.4MiB / 31.05GiB,0B / 0B,0B / 1.04MB,56
1788355682.576297773,panther2_controller,30.87%,124.1MiB / 31.05GiB,0B / 0B,0B / 1.04MB,55
1788355682.576297773,panther3_controller,27.44%,127.3MiB / 31.05GiB,0B / 0B,0B / 1.05MB,55
1788355684.587964709,panther_controller,30.29%,125.4MiB / 31.05GiB,0B / 0B,0B / 1.04MB,56
1788355684.587964709,panther2_controller,30.00%,124.2MiB / 31.05GiB,0B / 0B,0B / 1.04MB,55
1788355684.587964709,panther3_controller,27.55%,127MiB / 31.05GiB,0B / 0B,0B / 1.05MB,55
1788355686.601366264,panther_controller,28.72%,125.2MiB / 31.05GiB,0B / 0B,0B / 1.04MB,56
1788355686.601366264,panther2_controller,27.72%,124.3MiB / 31.05GiB,0B / 0B,0B / 1.04MB,55
1788355686.601366264,panther3_controller,25.67%,126.9MiB / 31.05GiB,0B / 0B,0B / 1.05MB,55
1788355688.615318010,panther_controller,29.75%,125.3MiB / 31.05GiB,0B / 0B,0B / 1.04MB,56
1788355688.615318010,panther2_controller,28.45%,123.9MiB / 31.05GiB,0B / 0B,0B / 1.04MB,55
1788355688.615318010,panther3_controller,24.56%,127.4MiB / 31.05GiB,0B / 0B,0B / 1.05MB,55
1788355690.628512694,panther_controller,28.00%,125MiB / 31.05GiB,0B / 0B,0B / 1.04MB,56
1788355690.628512694,panther2_controller,27.79%,124.4MiB / 31.05GiB,0B / 0B,0B / 1.04MB,55
1788355690.628512694,panther3_controller,23.63%,127.2MiB / 31.05GiB,0B / 0B,0B / 1.05MB,55
1788355692.643004994,panther_controller,23.85%,125.2MiB / 31.05GiB,0B / 0B,0B / 1.04MB,56
1788355692.643004994,panther2_controller,25.01%,124.3MiB / 31.05GiB,0B / 0B,0B / 1.04MB,55
1788355692.643004994,panther3_controller,21.06%,127.4MiB / 31.05GiB,0B / 0B,0B / 1.05MB,55
1788355694.655676460,panther_controller,28.76%,125MiB / 31.05GiB,0B / 0B,0B / 1.04MB,56
1788355694.655676460,panther2_controller,31.51%,124.5MiB / 31.05GiB,0B / 0B,0B / 1.04MB,55
1788355694.655676460,panther3_controller,27.12%,127.2MiB / 31.05GiB,0B / 0B,0B / 1.05MB,55
1788355696.669105096,panther_controller,25.99%,124.9MiB / 31.05GiB,0B / 0B,0B / 1.04MB,56
1788355696.669105096,panther2_controller,28.34%,124.6MiB / 31.05GiB,0B / 0B,0B / 1.04MB,55
1788355696.669105096,panther3_controller,24.14%,127.5MiB / 31.05GiB,0B / 0B,0B / 1.05MB,55
1788355698.681970290,panther_controller,23.03%,125.1MiB / 31.05GiB,0B / 0B,0B / 1.04MB,56
1788355698.681970290,panther2_controller,24.57%,125.4MiB / 31.05GiB,0B / 0B,0B / 1.04MB,55
1788355698.681970290,panther3_controller,22.63%,127.5MiB / 31.05GiB,0B / 0B,0B / 1.05MB,55
1788355700.695251378,panther_controller,27.28%,125.7MiB / 31.05GiB,0B / 0B,0B / 1.04MB,56
1788355700.695251378,panther2_controller,29.94%,126.1MiB / 31.05GiB,0B / 0B,0B / 1.05MB,55
1788355700.695251378,panther3_controller,24.86%,127.5MiB / 31.05GiB,0B / 0B,0B / 1.06MB,55
1788355702.710051887,panther_controller,28.52%,125.4MiB / 31.05GiB,0B / 0B,0B / 1.04MB,56
1788355702.710051887,panther2_controller,32.13%,125.3MiB / 31.05GiB,0B / 0B,0B / 1.05MB,55
1788355702.710051887,panther3_controller,27.68%,127.2MiB / 31.05GiB,0B / 0B,0B / 1.06MB,55
1788355704.725010538,panther_controller,25.98%,125.2MiB / 31.05GiB,0B / 0B,0B / 1.04MB,56
1788355704.725010538,panther2_controller,29.35%,125.8MiB / 31.05GiB,0B / 0B,0B / 1.05MB,55
1788355704.725010538,panther3_controller,24.03%,127.2MiB / 31.05GiB,0B / 0B,0B / 1.06MB,55
1788355706.738085817,panther_controller,29.10%,125MiB / 31.05GiB,0B / 0B,0B / 1.04MB,56
1788355706.738085817,panther2_controller,31.44%,125.6MiB / 31.05GiB,0B / 0B,0B / 1.05MB,55
1788355706.738085817,panther3_controller,27.65%,127.3MiB / 31.05GiB,0B / 0B,0B / 1.06MB,55
1788355708.751158367,panther_controller,25.87%,125.5MiB / 31.05GiB,0B / 0B,0B / 1.04MB,56
1788355708.751158367,panther2_controller,28.24%,125.7MiB / 31.05GiB,0B / 0B,0B / 1.05MB,55
1788355708.751158367,panther3_controller,24.47%,127.4MiB / 31.05GiB,0B / 0B,0B / 1.06MB,55
1788355710.764543027,panther_controller,26.94%,125.4MiB / 31.05GiB,0B / 0B,0B / 1.04MB,56
1788355710.764543027,panther2_controller,30.70%,125.9MiB / 31.05GiB,0B / 0B,0B / 1.05MB,55
1788355710.764543027,panther3_controller,26.93%,127.3MiB / 31.05GiB,0B / 0B,0B / 1.06MB,55
1788355712.778164130,panther_controller,28.48%,125.5MiB / 31.05GiB,0B / 0B,0B / 1.04MB,56
1788355712.778164130,panther2_controller,30.84%,125.7MiB / 31.05GiB,0B / 0B,0B / 1.05MB,55
1788355712.778164130,panther3_controller,26.52%,127.6MiB / 31.05GiB,0B / 0B,0B / 1.06MB,55
1788355714.792443345,panther_controller,22.68%,125.6MiB / 31.05GiB,0B / 0B,0B / 1.04MB,56
1788355714.792443345,panther2_controller,25.82%,125.9MiB / 31.05GiB,0B / 0B,0B / 1.05MB,55
1788355714.792443345,panther3_controller,22.88%,127.2MiB / 31.05GiB,0B / 0B,0B / 1.06MB,55
1788355716.806702338,panther_controller,22.65%,125.5MiB / 31.05GiB,0B / 0B,0B / 1.04MB,56
1788355716.806702338,panther2_controller,25.67%,125.9MiB / 31.05GiB,0B / 0B,0B / 1.05MB,55
1788355716.806702338,panther3_controller,21.68%,127.2MiB / 31.05GiB,0B / 0B,0B / 1.06MB,55
1788355718.820195498,panther_controller,30.83%,125.6MiB / 31.05GiB,0B / 0B,0B / 1.04MB,56
1788355718.820195498,panther2_controller,33.98%,126MiB / 31.05GiB,0B / 0B,0B / 1.05MB,55
1788355718.820195498,panther3_controller,28.52%,127.4MiB / 31.05GiB,0B / 0B,0B / 1.06MB,55
1788355720.834097301,panther_controller,25.01%,125.8MiB / 31.05GiB,0B / 0B,0B / 1.04MB,56
1788355720.834097301,panther2_controller,28.55%,125.4MiB / 31.05GiB,0B / 0B,0B / 1.05MB,55
1788355720.834097301,panther3_controller,23.72%,127.6MiB / 31.05GiB,0B / 0B,0B / 1.06MB,55
1788355722.849038174,panther_controller,22.39%,125.4MiB / 31.05GiB,0B / 0B,0B / 1.04MB,56
1788355722.849038174,panther2_controller,26.77%,125.5MiB / 31.05GiB,0B / 0B,0B / 1.05MB,55
1788355722.849038174,panther3_controller,21.74%,127.2MiB / 31.05GiB,0B / 0B,0B / 1.06MB,55
1788355724.861787887,panther_controller,29.36%,125.3MiB / 31.05GiB,0B / 0B,0B / 1.04MB,56
1788355724.861787887,panther2_controller,32.40%,125.5MiB / 31.05GiB,0B / 0B,0B / 1.05MB,55
1788355724.861787887,panther3_controller,27.54%,127.2MiB / 31.05GiB,0B / 0B,0B / 1.06MB,55
1788355726.873824237,panther_controller,25.67%,125.4MiB / 31.05GiB,0B / 0B,0B / 1.04MB,56
1788355726.873824237,panther2_controller,29.19%,125.7MiB / 31.05GiB,0B / 0B,0B / 1.05MB,55
1788355726.873824237,panther3_controller,26.96%,127MiB / 31.05GiB,0B / 0B,0B / 1.06MB,55
1788355728.887085906,panther_controller,29.75%,124.8MiB / 31.05GiB,0B / 0B,0B / 1.04MB,56
1788355728.887085906,panther2_controller,32.55%,125.7MiB / 31.05GiB,0B / 0B,0B / 1.05MB,55
1788355728.887085906,panther3_controller,27.62%,127.2MiB / 31.05GiB,0B / 0B,0B / 1.06MB,55
1788355730.899293359,panther_controller,22.53%,125.2MiB / 31.05GiB,0B / 0B,0B / 1.04MB,56
1788355730.899293359,panther2_controller,25.17%,126.1MiB / 31.05GiB,0B / 0B,0B / 1.05MB,55
1788355730.899293359,panther3_controller,22.80%,127.3MiB / 31.05GiB,0B / 0B,0B / 1.06MB,55
1788355732.913020110,panther_controller,21.53%,125.3MiB / 31.05GiB,0B / 0B,0B / 1.04MB,56
1788355732.913020110,panther2_controller,25.23%,126.2MiB / 31.05GiB,0B / 0B,0B / 1.05MB,55
1788355732.913020110,panther3_controller,22.46%,127.7MiB / 31.05GiB,0B / 0B,0B / 1.06MB,55
1788355734.926947136,panther_controller,29.68%,125.4MiB / 31.05GiB,0B / 0B,0B / 1.04MB,56
1788355734.926947136,panther2_controller,32.47%,126.5MiB / 31.05GiB,0B / 0B,0B / 1.05MB,55
1788355734.926947136,panther3_controller,28.68%,127.5MiB / 31.05GiB,0B / 0B,0B / 1.06MB,55
1788355736.940172297,panther_controller,23.32%,125.9MiB / 31.05GiB,0B / 0B,0B / 1.05MB,56
1788355736.940172297,panther2_controller,25.81%,126.5MiB / 31.05GiB,0B / 0B,0B / 1.06MB,55
1788355736.940172297,panther3_controller,23.23%,127.4MiB / 31.05GiB,0B / 0B,0B / 1.06MB,55
1788355738.953463653,panther_controller,18.31%,125.5MiB / 31.05GiB,0B / 0B,0B / 1.05MB,56
1788355738.953463653,panther2_controller,20.96%,126MiB / 31.05GiB,0B / 0B,0B / 1.06MB,55
1788355738.953463653,panther3_controller,19.54%,127.5MiB / 31.05GiB,0B / 0B,0B / 1.06MB,55
1788355740.967124490,panther_controller,33.39%,125.6MiB / 31.05GiB,0B / 0B,0B / 1.05MB,56
1788355740.967124490,panther2_controller,36.13%,126MiB / 31.05GiB,0B / 0B,0B / 1.06MB,55
1788355740.967124490,panther3_controller,30.76%,127.5MiB / 31.05GiB,0B / 0B,0B / 1.06MB,55
1788355742.979628002,panther_controller,20.31%,125.5MiB / 31.05GiB,0B / 0B,0B / 1.05MB,56
1788355742.979628002,panther2_controller,22.67%,125.4MiB / 31.05GiB,0B / 0B,0B / 1.06MB,55
1788355742.979628002,panther3_controller,21.19%,127.7MiB / 31.05GiB,0B / 0B,0B / 1.06MB,55
1788355744.993699136,panther_controller,23.01%,125.9MiB / 31.05GiB,0B / 0B,0B / 1.05MB,56
1788355744.993699136,panther2_controller,24.77%,125.7MiB / 31.05GiB,0B / 0B,0B / 1.06MB,55
1788355744.993699136,panther3_controller,23.89%,127.8MiB / 31.05GiB,0B / 0B,0B / 1.06MB,55
1788355747.007645985,panther_controller,29.96%,126MiB / 31.05GiB,0B / 0B,0B / 1.05MB,56
1788355747.007645985,panther2_controller,30.52%,125.6MiB / 31.05GiB,0B / 0B,0B / 1.06MB,55
1788355747.007645985,panther3_controller,29.08%,127.9MiB / 31.05GiB,0B / 0B,0B / 1.06MB,55
1788355749.021326637,panther_controller,25.15%,126.5MiB / 31.05GiB,0B / 0B,0B / 1.05MB,56
1788355749.021326637,panther2_controller,26.38%,126.4MiB / 31.05GiB,0B / 0B,0B / 1.06MB,55
1788355749.021326637,panther3_controller,25.41%,127.5MiB / 31.05GiB,0B / 0B,0B / 1.06MB,55
1788355751.034537440,panther_controller,23.74%,126.8MiB / 31.05GiB,0B / 0B,0B / 1.05MB,56
1788355751.034537440,panther2_controller,25.26%,126.4MiB / 31.05GiB,0B / 0B,0B / 1.06MB,55
1788355751.034537440,panther3_controller,24.83%,127.2MiB / 31.05GiB,0B / 0B,0B / 1.06MB,55
1788355753.048146126,panther_controller,28.44%,127.2MiB / 31.05GiB,0B / 0B,0B / 1.05MB,56
1788355753.048146126,panther2_controller,29.20%,126.8MiB / 31.05GiB,0B / 0B,0B / 1.06MB,55
1788355753.048146126,panther3_controller,26.18%,127.5MiB / 31.05GiB,0B / 0B,0B / 1.06MB,55
1788355755.060926876,panther_controller,23.04%,126.8MiB / 31.05GiB,0B / 0B,0B / 1.05MB,56
1788355755.060926876,panther2_controller,23.53%,126.2MiB / 31.05GiB,0B / 0B,0B / 1.06MB,55
1788355755.060926876,panther3_controller,21.37%,127.8MiB / 31.05GiB,0B / 0B,0B / 1.06MB,55
1788355757.074273424,panther_controller,26.96%,126.9MiB / 31.05GiB,0B / 0B,0B / 1.05MB,56
1788355757.074273424,panther2_controller,27.10%,126.9MiB / 31.05GiB,0B / 0B,0B / 1.06MB,55
1788355757.074273424,panther3_controller,24.57%,127.5MiB / 31.05GiB,0B / 0B,0B / 1.06MB,55
1788355759.087888753,panther_controller,30.88%,126.2MiB / 31.05GiB,0B / 0B,0B / 1.05MB,56
1788355759.087888753,panther2_controller,30.33%,125.9MiB / 31.05GiB,0B / 0B,0B / 1.06MB,55
1788355759.087888753,panther3_controller,28.26%,127.6MiB / 31.05GiB,0B / 0B,0B / 1.06MB,55
1788355761.100877320,panther_controller,28.47%,126.6MiB / 31.05GiB,0B / 0B,0B / 1.05MB,56
1788355761.100877320,panther2_controller,27.01%,125.7MiB / 31.05GiB,0B / 0B,0B / 1.06MB,55
1788355761.100877320,panther3_controller,24.45%,127MiB / 31.05GiB,0B / 0B,0B / 1.06MB,55
1788355763.114103856,panther_controller,30.15%,126.3MiB / 31.05GiB,0B / 0B,0B / 1.05MB,56
1788355763.114103856,panther2_controller,27.83%,125.9MiB / 31.05GiB,0B / 0B,0B / 1.06MB,55
1788355763.114103856,panther3_controller,25.30%,127.6MiB / 31.05GiB,0B / 0B,0B / 1.06MB,55
1788355765.128038372,panther_controller,29.84%,127.2MiB / 31.05GiB,0B / 0B,0B / 1.05MB,56
1788355765.128038372,panther2_controller,31.04%,125.7MiB / 31.05GiB,0B / 0B,0B / 1.06MB,55
1788355765.128038372,panther3_controller,24.64%,127.7MiB / 31.05GiB,0B / 0B,0B / 1.06MB,55
1788355767.141493859,panther_controller,28.64%,127.3MiB / 31.05GiB,0B / 0B,0B / 1.05MB,56
1788355767.141493859,panther2_controller,29.10%,126MiB / 31.05GiB,0B / 0B,0B / 1.06MB,55
1788355767.141493859,panther3_controller,25.15%,127MiB / 31.05GiB,0B / 0B,0B / 1.06MB,55
1788355769.154164884,panther_controller,30.45%,127.3MiB / 31.05GiB,0B / 0B,0B / 1.05MB,56
1788355769.154164884,panther2_controller,30.42%,126MiB / 31.05GiB,0B / 0B,0B / 1.06MB,55
1788355769.154164884,panther3_controller,25.34%,127MiB / 31.05GiB,0B / 0B,0B / 1.06MB,55
1788355771.167295258,panther_controller,26.87%,127.2MiB / 31.05GiB,0B / 0B,0B / 1.06MB,56
1788355771.167295258,panther2_controller,28.03%,125.8MiB / 31.05GiB,0B / 0B,0B / 1.06MB,55
1788355771.167295258,panther3_controller,23.03%,127.2MiB / 31.05GiB,0B / 0B,0B / 1.07MB,55
1788355773.182426091,panther_controller,27.61%,127.2MiB / 31.05GiB,0B / 0B,0B / 1.06MB,56
1788355773.182426091,panther2_controller,30.20%,126MiB / 31.05GiB,0B / 0B,0B / 1.06MB,55
1788355773.182426091,panther3_controller,22.65%,127.5MiB / 31.05GiB,0B / 0B,0B / 1.07MB,55
1788355775.199765501,panther_controller,30.12%,127.8MiB / 31.05GiB,0B / 0B,0B / 1.06MB,56
1788355775.199765501,panther2_controller,31.33%,126.4MiB / 31.05GiB,0B / 0B,0B / 1.06MB,55
1788355775.199765501,panther3_controller,29.11%,127.3MiB / 31.05GiB,0B / 0B,0B / 1.07MB,55
1788355777.211636364,panther_controller,30.15%,127.6MiB / 31.05GiB,0B / 0B,0B / 1.06MB,56
1788355777.211636364,panther2_controller,29.04%,126.8MiB / 31.05GiB,0B / 0B,0B / 1.06MB,55
1788355777.211636364,panther3_controller,24.42%,127.3MiB / 31.05GiB,0B / 0B,0B / 1.07MB,55
1788355779.225602987,panther_controller,28.55%,128.1MiB / 31.05GiB,0B / 0B,0B / 1.06MB,56
1788355779.225602987,panther2_controller,26.88%,126MiB / 31.05GiB,0B / 0B,0B / 1.06MB,55
1788355779.225602987,panther3_controller,23.25%,125.5MiB / 31.05GiB,0B / 0B,0B / 1.07MB,55
1788355781.242929828,panther_controller,31.21%,127.7MiB / 31.05GiB,0B / 0B,0B / 1.06MB,56
1788355781.242929828,panther2_controller,30.78%,126.3MiB / 31.05GiB,0B / 0B,0B / 1.06MB,55
1788355781.242929828,panther3_controller,25.38%,125.4MiB / 31.05GiB,0B / 0B,0B / 1.07MB,55
1788355783.255811249,panther_controller,31.61%,128MiB / 31.05GiB,0B / 0B,0B / 1.06MB,56
1788355783.255811249,panther2_controller,31.82%,126.2MiB / 31.05GiB,0B / 0B,0B / 1.06MB,55
1788355783.255811249,panther3_controller,27.11%,125.1MiB / 31.05GiB,0B / 0B,0B / 1.07MB,55
1788355785.267311495,panther_controller,32.41%,127.7MiB / 31.05GiB,0B / 0B,0B / 1.06MB,56
1788355785.267311495,panther2_controller,31.17%,126.5MiB / 31.05GiB,0B / 0B,0B / 1.06MB,55
1788355785.267311495,panther3_controller,28.48%,125MiB / 31.05GiB,0B / 0B,0B / 1.07MB,55
1788355787.281698458,panther_controller,32.20%,128.1MiB / 31.05GiB,0B / 0B,0B / 1.06MB,56
1788355787.281698458,panther2_controller,32.02%,126.6MiB / 31.05GiB,0B / 0B,0B / 1.06MB,55
1788355787.281698458,panther3_controller,28.79%,124.4MiB / 31.05GiB,0B / 0B,0B / 1.07MB,55
1788355789.294358762,panther_controller,29.29%,127.9MiB / 31.05GiB,0B / 0B,0B / 1.06MB,56
1788355789.294358762,panther2_controller,29.14%,126.4MiB / 31.05GiB,0B / 0B,0B / 1.06MB,55
1788355789.294358762,panther3_controller,25.17%,124.4MiB / 31.05GiB,0B / 0B,0B / 1.07MB,55
1788355791.306606531,panther_controller,28.20%,127.6MiB / 31.05GiB,0B / 0B,0B / 1.06MB,56
1788355791.306606531,panther2_controller,28.59%,125.8MiB / 31.05GiB,0B / 0B,0B / 1.06MB,55
1788355791.306606531,panther3_controller,26.48%,124.8MiB / 31.05GiB,0B / 0B,0B / 1.07MB,55
1788355793.319713946,panther_controller,32.11%,127.9MiB / 31.05GiB,0B / 0B,0B / 1.06MB,56
1788355793.319713946,panther2_controller,34.79%,125.7MiB / 31.05GiB,0B / 0B,0B / 1.06MB,55
1788355793.319713946,panther3_controller,29.30%,124.9MiB / 31.05GiB,0B / 0B,0B / 1.07MB,55
1788355795.335037505,panther_controller,26.08%,127.4MiB / 31.05GiB,0B / 0B,0B / 1.06MB,56
1788355795.335037505,panther2_controller,26.35%,125.6MiB / 31.05GiB,0B / 0B,0B / 1.06MB,55
1788355795.335037505,panther3_controller,24.41%,124.9MiB / 31.05GiB,0B / 0B,0B / 1.07MB,55
1788355797.348795199,panther_controller,24.85%,127.8MiB / 31.05GiB,0B / 0B,0B / 1.06MB,56
1788355797.348795199,panther2_controller,24.89%,126.1MiB / 31.05GiB,0B / 0B,0B / 1.06MB,55
1788355797.348795199,panther3_controller,20.51%,125.1MiB / 31.05GiB,0B / 0B,0B / 1.07MB,55
1788355799.361105363,panther_controller,33.74%,127.6MiB / 31.05GiB,0B / 0B,0B / 1.06MB,56
1788355799.361105363,panther2_controller,32.85%,126.3MiB / 31.05GiB,0B / 0B,0B / 1.06MB,55
1788355799.361105363,panther3_controller,28.51%,124.8MiB / 31.05GiB,0B / 0B,0B / 1.07MB,55
1788355801.376528195,panther_controller,32.65%,127.1MiB / 31.05GiB,0B / 0B,0B / 1.06MB,56
1788355801.376528195,panther2_controller,30.86%,125.8MiB / 31.05GiB,0B / 0B,0B / 1.06MB,55
1788355801.376528195,panther3_controller,26.08%,124.5MiB / 31.05GiB,0B / 0B,0B / 1.07MB,55
1788355803.389032693,panther_controller,28.46%,127.4MiB / 31.05GiB,0B / 0B,0B / 1.06MB,56
1788355803.389032693,panther2_controller,26.60%,125.8MiB / 31.05GiB,0B / 0B,0B / 1.06MB,55
1788355803.389032693,panther3_controller,23.36%,124.2MiB / 31.05GiB,0B / 0B,0B / 1.07MB,55
1788355805.402265674,panther_controller,30.35%,128MiB / 31.05GiB,0B / 0B,0B / 1.06MB,56
1788355805.402265674,panther2_controller,28.21%,126.8MiB / 31.05GiB,0B / 0B,0B / 1.07MB,55
1788355805.402265674,panther3_controller,24.75%,124.4MiB / 31.05GiB,0B / 0B,0B / 1.08MB,55
1788355807.415108803,panther_controller,26.54%,128MiB / 31.05GiB,0B / 0B,0B / 1.07MB,56
1788355807.415108803,panther2_controller,25.80%,126.9MiB / 31.05GiB,0B / 0B,0B / 1.07MB,55
1788355807.415108803,panther3_controller,23.44%,125MiB / 31.05GiB,0B / 0B,0B / 1.08MB,55
1788355809.429623417,panther_controller,30.10%,128.2MiB / 31.05GiB,0B / 0B,0B / 1.07MB,56
1788355809.429623417,panther2_controller,30.28%,126.1MiB / 31.05GiB,0B / 0B,0B / 1.07MB,55
1788355809.429623417,panther3_controller,24.91%,124.9MiB / 31.05GiB,0B / 0B,0B / 1.08MB,55
1788355811.444654782,panther_controller,26.45%,128.1MiB / 31.05GiB,0B / 0B,0B / 1.07MB,56
1788355811.444654782,panther2_controller,26.57%,125.9MiB / 31.05GiB,0B / 0B,0B / 1.07MB,55
1788355811.444654782,panther3_controller,22.20%,125.3MiB / 31.05GiB,0B / 0B,0B / 1.08MB,55
1788355813.456555710,panther_controller,27.34%,127.7MiB / 31.05GiB,0B / 0B,0B / 1.07MB,56
1788355813.456555710,panther2_controller,28.16%,125.7MiB / 31.05GiB,0B / 0B,0B / 1.07MB,55
1788355813.456555710,panther3_controller,23.12%,125.3MiB / 31.05GiB,0B / 0B,0B / 1.08MB,55
1788355815.471023531,panther_controller,34.60%,127.7MiB / 31.05GiB,0B / 0B,0B / 1.07MB,56
1788355815.471023531,panther2_controller,33.95%,125.6MiB / 31.05GiB,0B / 0B,0B / 1.07MB,55
1788355815.471023531,panther3_controller,28.67%,125.1MiB / 31.05GiB,0B / 0B,0B / 1.08MB,55
1788355817.484191884,panther_controller,30.68%,127.4MiB / 31.05GiB,0B / 0B,0B / 1.07MB,56
1788355817.484191884,panther2_controller,29.17%,125.4MiB / 31.05GiB,0B / 0B,0B / 1.07MB,55
1788355817.484191884,panther3_controller,25.17%,125MiB / 31.05GiB,0B / 0B,0B / 1.08MB,55
1788355819.497982617,panther_controller,29.60%,127.4MiB / 31.05GiB,0B / 0B,0B / 1.07MB,56
1788355819.497982617,panther2_controller,28.81%,125.6MiB / 31.05GiB,0B / 0B,0B / 1.07MB,55
1788355819.497982617,panther3_controller,25.35%,124.8MiB / 31.05GiB,0B / 0B,0B / 1.08MB,55
1788355821.514302998,panther_controller,37.86%,127.7MiB / 31.05GiB,0B / 0B,0B / 1.07MB,56
1788355821.514302998,panther2_controller,37.32%,125.4MiB / 31.05GiB,0B / 0B,0B / 1.07MB,55
1788355821.514302998,panther3_controller,30.41%,125MiB / 31.05GiB,0B / 0B,0B / 1.08MB,55
1788355823.529415801,panther_controller,26.71%,127.4MiB / 31.05GiB,0B / 0B,0B / 1.07MB,56
1788355823.529415801,panther2_controller,26.86%,125.2MiB / 31.05GiB,0B / 0B,0B / 1.07MB,55
1788355823.529415801,panther3_controller,23.95%,124.7MiB / 31.05GiB,0B / 0B,0B / 1.08MB,55
1788355825.542862559,panther_controller,28.21%,127.5MiB / 31.05GiB,0B / 0B,0B / 1.07MB,56
1788355825.542862559,panther2_controller,30.36%,125.5MiB / 31.05GiB,0B / 0B,0B / 1.07MB,55
1788355825.542862559,panther3_controller,24.15%,125MiB / 31.05GiB,0B / 0B,0B / 1.08MB,55
1788355827.556559221,panther_controller,31.89%,127.8MiB / 31.05GiB,0B / 0B,0B / 1.07MB,56
1788355827.556559221,panther2_controller,32.54%,125.4MiB / 31.05GiB,0B / 0B,0B / 1.07MB,55
1788355827.556559221,panther3_controller,26.64%,124.8MiB / 31.05GiB,0B / 0B,0B / 1.08MB,55
1788355829.569265016,panther_controller,22.75%,127.1MiB / 31.05GiB,0B / 0B,0B / 1.07MB,56
1788355829.569265016,panther2_controller,22.22%,125.7MiB / 31.05GiB,0B / 0B,0B / 1.07MB,55
1788355829.569265016,panther3_controller,19.13%,125MiB / 31.05GiB,0B / 0B,0B / 1.08MB,55
1788355831.583147016,panther_controller,30.72%,127.4MiB / 31.05GiB,0B / 0B,0B / 1.07MB,56
1788355831.583147016,panther2_controller,31.04%,125.4MiB / 31.05GiB,0B / 0B,0B / 1.07MB,55
1788355831.583147016,panther3_controller,25.83%,125.5MiB / 31.05GiB,0B / 0B,0B / 1.08MB,55
1788355833.596182448,panther_controller,34.31%,127.5MiB / 31.05GiB,0B / 0B,0B / 1.07MB,56
1788355833.596182448,panther2_controller,34.81%,125.4MiB / 31.05GiB,0B / 0B,0B / 1.07MB,55
1788355833.596182448,panther3_controller,28.69%,125.5MiB / 31.05GiB,0B / 0B,0B / 1.08MB,55
1788355835.609582968,panther_controller,25.97%,127.5MiB / 31.05GiB,0B / 0B,0B / 1.07MB,56
1788355835.609582968,panther2_controller,25.90%,125.5MiB / 31.05GiB,0B / 0B,0B / 1.07MB,55
1788355835.609582968,panther3_controller,21.08%,125.7MiB / 31.05GiB,0B / 0B,0B / 1.08MB,55
1788355837.623163049,panther_controller,33.54%,127.2MiB / 31.05GiB,0B / 0B,0B / 1.07MB,56
1788355837.623163049,panther2_controller,34.05%,125.1MiB / 31.05GiB,0B / 0B,0B / 1.07MB,55
1788355837.623163049,panther3_controller,26.28%,125.6MiB / 31.05GiB,0B / 0B,0B / 1.08MB,55
1788355839.636194229,panther_controller,32.29%,127.2MiB / 31.05GiB,0B / 0B,0B / 1.07MB,56
1788355839.636194229,panther2_controller,32.81%,125.5MiB / 31.05GiB,0B / 0B,0B / 1.07MB,55
1788355839.636194229,panther3_controller,27.10%,125.1MiB / 31.05GiB,0B / 0B,0B / 1.09MB,55
1788355841.650664211,panther_controller,28.10%,127.2MiB / 31.05GiB,0B / 0B,0B / 1.07MB,56
1788355841.650664211,panther2_controller,28.81%,125.4MiB / 31.05GiB,0B / 0B,0B / 1.08MB,55
1788355841.650664211,panther3_controller,25.09%,126MiB / 31.05GiB,0B / 0B,0B / 1.09MB,55
1788355843.663469921,panther_controller,29.78%,127.1MiB / 31.05GiB,0B / 0B,0B / 1.07MB,56
1788355843.663469921,panther2_controller,30.31%,125.4MiB / 31.05GiB,0B / 0B,0B / 1.08MB,55
1788355843.663469921,panther3_controller,26.08%,125.8MiB / 31.05GiB,0B / 0B,0B / 1.09MB,55
1788355845.676402097,panther_controller,22.86%,127MiB / 31.05GiB,0B / 0B,0B / 1.07MB,56
1788355845.676402097,panther2_controller,22.16%,125.6MiB / 31.05GiB,0B / 0B,0B / 1.08MB,55
1788355845.676402097,panther3_controller,20.11%,125.5MiB / 31.05GiB,0B / 0B,0B / 1.09MB,55
1788355847.689455523,panther_controller,32.87%,127MiB / 31.05GiB,0B / 0B,0B / 1.07MB,56
1788355847.689455523,panther2_controller,33.22%,125.4MiB / 31.05GiB,0B / 0B,0B / 1.08MB,55
1788355847.689455523,panther3_controller,27.80%,125.6MiB / 31.05GiB,0B / 0B,0B / 1.09MB,55
1788355849.701836662,panther_controller,27.49%,127.4MiB / 31.05GiB,0B / 0B,0B / 1.07MB,56
1788355849.701836662,panther2_controller,28.32%,125.9MiB / 31.05GiB,0B / 0B,0B / 1.08MB,55
1788355849.701836662,panther3_controller,25.33%,125.3MiB / 31.05GiB,0B / 0B,0B / 1.09MB,55
1788355851.715294488,panther_controller,23.86%,127.4MiB / 31.05GiB,0B / 0B,0B / 1.07MB,56
1788355851.715294488,panther2_controller,24.26%,126MiB / 31.05GiB,0B / 0B,0B / 1.08MB,55
1788355851.715294488,panther3_controller,22.09%,125.7MiB / 31.05GiB,0B / 0B,0B / 1.09MB,55
1788355853.728514449,panther_controller,30.88%,127.4MiB / 31.05GiB,0B / 0B,0B / 1.07MB,56
1788355853.728514449,panther2_controller,31.58%,126MiB / 31.05GiB,0B / 0B,0B / 1.08MB,55
1788355853.728514449,panther3_controller,28.20%,125.7MiB / 31.05GiB,0B / 0B,0B / 1.09MB,55
1788355855.742922673,panther_controller,33.65%,127.6MiB / 31.05GiB,0B / 0B,0B / 1.07MB,56
1788355855.742922673,panther2_controller,34.50%,126.3MiB / 31.05GiB,0B / 0B,0B / 1.08MB,55
1788355855.742922673,panther3_controller,28.27%,126.1MiB / 31.05GiB,0B / 0B,0B / 1.09MB,55
1788355857.756217418,panther_controller,24.75%,127.9MiB / 31.05GiB,0B / 0B,0B / 1.07MB,56
1788355857.756217418,panther2_controller,25.33%,125.7MiB / 31.05GiB,0B / 0B,0B / 1.08MB,55
1788355857.756217418,panther3_controller,25.22%,125.7MiB / 31.05GiB,0B / 0B,0B / 1.09MB,55
1788355859.769039262,panther_controller,31.47%,127.6MiB / 31.05GiB,0B / 0B,0B / 1.07MB,56
1788355859.769039262,panther2_controller,32.23%,126.5MiB / 31.05GiB,0B / 0B,0B / 1.08MB,55
1788355859.769039262,panther3_controller,30.51%,126.1MiB / 31.05GiB,0B / 0B,0B / 1.09MB,55
1788355861.784122371,panther_controller,28.90%,127.7MiB / 31.05GiB,0B / 0B,0B / 1.07MB,56
1788355861.784122371,panther2_controller,29.25%,126.9MiB / 31.05GiB,0B / 0B,0B / 1.08MB,55
1788355861.784122371,panther3_controller,28.91%,125.9MiB / 31.05GiB,0B / 0B,0B / 1.09MB,55
1788355863.797077073,panther_controller,27.28%,127.6MiB / 31.05GiB,0B / 0B,0B / 1.07MB,56
1788355863.797077073,panther2_controller,27.29%,126.1MiB / 31.05GiB,0B / 0B,0B / 1.08MB,55
1788355863.797077073,panther3_controller,27.47%,125.8MiB / 31.05GiB,0B / 0B,0B / 1.09MB,55
1788355865.810409824,panther_controller,30.81%,127.4MiB / 31.05GiB,0B / 0B,0B / 1.07MB,56
1788355865.810409824,panther2_controller,30.33%,126.1MiB / 31.05GiB,0B / 0B,0B / 1.08MB,55
1788355865.810409824,panther3_controller,30.07%,125.8MiB / 31.05GiB,0B / 0B,0B / 1.09MB,55
1788355867.824557866,panther_controller,30.78%,127.2MiB / 31.05GiB,0B / 0B,0B / 1.07MB,56
1788355867.824557866,panther2_controller,28.57%,126.2MiB / 31.05GiB,0B / 0B,0B / 1.08MB,55
1788355867.824557866,panther3_controller,30.32%,125.2MiB / 31.05GiB,0B / 0B,0B / 1.09MB,55
1788355869.837855179,panther_controller,28.88%,127.6MiB / 31.05GiB,0B / 0B,0B / 1.07MB,56
1788355869.837855179,panther2_controller,25.01%,126.2MiB / 31.05GiB,0B / 0B,0B / 1.08MB,55
1788355869.837855179,panther3_controller,27.89%,125.2MiB / 31.05GiB,0B / 0B,0B / 1.09MB,55
1788355871.852435625,panther_controller,31.34%,127.3MiB / 31.05GiB,0B / 0B,0B / 1.07MB,56
1788355871.852435625,panther2_controller,29.52%,125.8MiB / 31.05GiB,0B / 0B,0B / 1.08MB,55
1788355871.852435625,panther3_controller,26.11%,125.4MiB / 31.05GiB,0B / 0B,0B / 1.09MB,55
1788355873.866925211,panther_controller,32.83%,127.7MiB / 31.05GiB,0B / 0B,0B / 1.07MB,56
1788355873.866925211,panther2_controller,30.50%,125.7MiB / 31.05GiB,0B / 0B,0B / 1.08MB,55
1788355873.866925211,panther3_controller,26.91%,125.5MiB / 31.05GiB,0B / 0B,0B / 1.09MB,55
1788355875.879367844,panther_controller,29.53%,127.6MiB / 31.05GiB,0B / 0B,0B / 1.08MB,56
1788355875.879367844,panther2_controller,28.81%,126.2MiB / 31.05GiB,0B / 0B,0B / 1.09MB,55
1788355875.879367844,panther3_controller,23.38%,126.2MiB / 31.05GiB,0B / 0B,0B / 1.09MB,55
1788355877.894821967,panther_controller,28.23%,127.9MiB / 31.05GiB,0B / 0B,0B / 1.08MB,56
1788355877.894821967,panther2_controller,30.07%,126.4MiB / 31.05GiB,0B / 0B,0B / 1.09MB,55
1788355877.894821967,panther3_controller,22.63%,126.1MiB / 31.05GiB,0B / 0B,0B / 1.09MB,55
1788355879.907656818,panther_controller,32.99%,127.3MiB / 31.05GiB,0B / 0B,0B / 1.08MB,56
1788355879.907656818,panther2_controller,34.33%,126.9MiB / 31.05GiB,0B / 0B,0B / 1.09MB,55
1788355879.907656818,panther3_controller,26.19%,125.7MiB / 31.05GiB,0B / 0B,0B / 1.09MB,55
1788355881.921114454,panther_controller,30.10%,127.6MiB / 31.05GiB,0B / 0B,0B / 1.08MB,56
1788355881.921114454,panther2_controller,30.31%,124MiB / 31.05GiB,0B / 0B,0B / 1.09MB,55
1788355881.921114454,panther3_controller,25.12%,126MiB / 31.05GiB,0B / 0B,0B / 1.09MB,55
1788355883.935648159,panther_controller,26.29%,127.8MiB / 31.05GiB,0B / 0B,0B / 1.08MB,56
1788355883.935648159,panther2_controller,27.23%,123.9MiB / 31.05GiB,0B / 0B,0B / 1.09MB,55
1788355883.935648159,panther3_controller,23.41%,125.8MiB / 31.05GiB,0B / 0B,0B / 1.09MB,55
1788355885.948785029,panther_controller,27.61%,127.7MiB / 31.05GiB,0B / 0B,0B / 1.08MB,56
1788355885.948785029,panther2_controller,28.20%,123.7MiB / 31.05GiB,0B / 0B,0B / 1.09MB,55
1788355885.948785029,panther3_controller,25.28%,126.2MiB / 31.05GiB,0B / 0B,0B / 1.09MB,55
1788355887.961263440,panther_controller,29.39%,128.1MiB / 31.05GiB,0B / 0B,0B / 1.08MB,56
1788355887.961263440,panther2_controller,31.44%,124.5MiB / 31.05GiB,0B / 0B,0B / 1.09MB,55
1788355887.961263440,panther3_controller,23.18%,126.3MiB / 31.05GiB,0B / 0B,0B / 1.09MB,55
1788355889.974405536,panther_controller,25.26%,127.7MiB / 31.05GiB,0B / 0B,0B / 1.08MB,56
1788355889.974405536,panther2_controller,24.25%,124.4MiB / 31.05GiB,0B / 0B,0B / 1.09MB,55
1788355889.974405536,panther3_controller,21.31%,126MiB / 31.05GiB,0B / 0B,0B / 1.09MB,55
1788355891.988618875,panther_controller,28.79%,127.8MiB / 31.05GiB,0B / 0B,0B / 1.08MB,56
1788355891.988618875,panther2_controller,28.46%,124.1MiB / 31.05GiB,0B / 0B,0B / 1.09MB,55
1788355891.988618875,panther3_controller,24.43%,126.4MiB / 31.05GiB,0B / 0B,0B / 1.09MB,55
1788355894.002049402,panther_controller,27.78%,128MiB / 31.05GiB,0B / 0B,0B / 1.08MB,56
1788355894.002049402,panther2_controller,27.53%,123.7MiB / 31.05GiB,0B / 0B,0B / 1.09MB,55
1788355894.002049402,panther3_controller,23.85%,126.4MiB / 31.05GiB,0B / 0B,0B / 1.09MB,55
1788355896.014373873,panther_controller,35.75%,127.8MiB / 31.05GiB,0B / 0B,0B / 1.08MB,56
1788355896.014373873,panther2_controller,34.71%,124.6MiB / 31.05GiB,0B / 0B,0B / 1.09MB,55
1788355896.014373873,panther3_controller,26.04%,126.3MiB / 31.05GiB,0B / 0B,0B / 1.09MB,55
1788355898.028392552,panther_controller,31.19%,128.1MiB / 31.05GiB,0B / 0B,0B / 1.08MB,56
1788355898.028392552,panther2_controller,31.26%,125MiB / 31.05GiB,0B / 0B,0B / 1.09MB,55
1788355898.028392552,panther3_controller,25.31%,126.1MiB / 31.05GiB,0B / 0B,0B / 1.09MB,55
1788355900.042549943,panther_controller,27.54%,127.7MiB / 31.05GiB,0B / 0B,0B / 1.08MB,56
1788355900.042549943,panther2_controller,26.83%,124MiB / 31.05GiB,0B / 0B,0B / 1.09MB,55
1788355900.042549943,panther3_controller,23.16%,125.7MiB / 31.05GiB,0B / 0B,0B / 1.09MB,55
1788355902.055613617,panther_controller,27.82%,127.6MiB / 31.05GiB,0B / 0B,0B / 1.08MB,56
1788355902.055613617,panther2_controller,26.59%,124.3MiB / 31.05GiB,0B / 0B,0B / 1.09MB,55
1788355902.055613617,panther3_controller,22.89%,125.9MiB / 31.05GiB,0B / 0B,0B / 1.09MB,55
1788355904.069258564,panther_controller,29.30%,127.6MiB / 31.05GiB,0B / 0B,0B / 1.08MB,56
1788355904.069258564,panther2_controller,28.60%,123.7MiB / 31.05GiB,0B / 0B,0B / 1.09MB,55
1788355904.069258564,panther3_controller,22.72%,125.9MiB / 31.05GiB,0B / 0B,0B / 1.09MB,55
1788355906.081529123,panther_controller,20.79%,127.9MiB / 31.05GiB,0B / 0B,0B / 1.08MB,56
1788355906.081529123,panther2_controller,21.37%,123.9MiB / 31.05GiB,0B / 0B,0B / 1.09MB,55
1788355906.081529123,panther3_controller,18.45%,125.8MiB / 31.05GiB,0B / 0B,0B / 1.09MB,55
1788355908.098017237,panther_controller,30.24%,127.6MiB / 31.05GiB,0B / 0B,0B / 1.08MB,56
1788355908.098017237,panther2_controller,32.98%,124.4MiB / 31.05GiB,0B / 0B,0B / 1.09MB,55
1788355908.098017237,panther3_controller,24.20%,126.2MiB / 31.05GiB,0B / 0B,0B / 1.09MB,55
1788355910.110974853,panther_controller,27.90%,127.1MiB / 31.05GiB,0B / 0B,0B / 1.08MB,56
1788355910.110974853,panther2_controller,28.71%,123.8MiB / 31.05GiB,0B / 0B,0B / 1.09MB,55
1788355910.110974853,panther3_controller,23.81%,125.6MiB / 31.05GiB,0B / 0B,0B / 1.1MB,55
1788355912.124148152,panther_controller,28.47%,127.6MiB / 31.05GiB,0B / 0B,0B / 1.09MB,56
1788355912.124148152,panther2_controller,29.61%,124.3MiB / 31.05GiB,0B / 0B,0B / 1.09MB,55
1788355912.124148152,panther3_controller,22.69%,126.2MiB / 31.05GiB,0B / 0B,0B / 1.1MB,55
1788355914.136514664,panther_controller,31.15%,127.7MiB / 31.05GiB,0B / 0B,0B / 1.09MB,56
1788355914.136514664,panther2_controller,32.80%,124.1MiB / 31.05GiB,0B / 0B,0B / 1.09MB,55
1788355914.136514664,panther3_controller,24.32%,125.6MiB / 31.05GiB,0B / 0B,0B / 1.1MB,55
1788355916.151810876,panther_controller,28.50%,127.8MiB / 31.05GiB,0B / 0B,0B / 1.09MB,56
1788355916.151810876,panther2_controller,28.83%,124.4MiB / 31.05GiB,0B / 0B,0B / 1.09MB,55
1788355916.151810876,panther3_controller,22.68%,125.7MiB / 31.05GiB,0B / 0B,0B / 1.1MB,55
1788355918.165810036,panther_controller,28.03%,127.9MiB / 31.05GiB,0B / 0B,0B / 1.09MB,56
1788355918.165810036,panther2_controller,29.78%,123.6MiB / 31.05GiB,0B / 0B,0B / 1.09MB,55
1788355918.165810036,panther3_controller,19.95%,125.7MiB / 31.05GiB,0B / 0B,0B / 1.1MB,55
1788355920.178824531,panther_controller,30.57%,127.9MiB / 31.05GiB,0B / 0B,0B / 1.09MB,56
1788355920.178824531,panther2_controller,30.98%,123.7MiB / 31.05GiB,0B / 0B,0B / 1.09MB,55
1788355920.178824531,panther3_controller,22.99%,125.6MiB / 31.05GiB,0B / 0B,0B / 1.1MB,55
1788355922.192987156,panther_controller,24.40%,127.9MiB / 31.05GiB,0B / 0B,0B / 1.09MB,56
1788355922.192987156,panther2_controller,24.52%,123.7MiB / 31.05GiB,0B / 0B,0B / 1.09MB,55
1788355922.192987156,panther3_controller,18.55%,125.8MiB / 31.05GiB,0B / 0B,0B / 1.1MB,55
