wall_time,sim_time,elapsed_s,panther/cmd_vel_nav_hz,panther/cmd_vel_nav_jitter_ms,panther/cmd_vel_nav_sim_hz,panther/cmd_vel_nav_sim_jitter_ms,panther/amcl_pose_hz,panther/amcl_pose_jitter_ms,panther/amcl_pose_sim_hz,panther/amcl_pose_sim_jitter_ms,panther/plan_hz,panther/plan_jitter_ms,panther/plan_sim_hz,panther/plan_sim_jitter_ms,panther/local_costmap_hz,panther/local_costmap_jitter_ms,panther/local_costmap_sim_hz,panther/local_costmap_sim_jitter_ms,panther/velodyne_filtered_hz,panther/velodyne_filtered_jitter_ms,panther/velodyne_filtered_sim_hz,panther/velodyne_filtered_sim_jitter_ms,panther/path_length_m,panther2/cmd_vel_nav_hz,panther2/cmd_vel_nav_jitter_ms,panther2/cmd_vel_nav_sim_hz,panther2/cmd_vel_nav_sim_jitter_ms,panther2/amcl_pose_hz,panther2/amcl_pose_jitter_ms,panther2/amcl_pose_sim_hz,panther2/amcl_pose_sim_jitter_ms,panther2/plan_hz,panther2/plan_jitter_ms,panther2/plan_sim_hz,panther2/plan_sim_jitter_ms,panther2/local_costmap_hz,panther2/local_costmap_jitter_ms,panther2/local_costmap_sim_hz,panther2/local_costmap_sim_jitter_ms,panther2/velodyne_filtered_hz,panther2/velodyne_filtered_jitter_ms,panther2/velodyne_filtered_sim_hz,panther2/velodyne_filtered_sim_jitter_ms,panther2/path_length_m,panther3/cmd_vel_nav_hz,panther3/cmd_vel_nav_jitter_ms,panther3/cmd_vel_nav_sim_hz,panther3/cmd_vel_nav_sim_jitter_ms,panther3/amcl_pose_hz,panther3/amcl_pose_jitter_ms,panther3/amcl_pose_sim_hz,panther3/amcl_pose_sim_jitter_ms,panther3/plan_hz,panther3/plan_jitter_ms,panther3/plan_sim_hz,panther3/plan_sim_jitter_ms,panther3/local_costmap_hz,panther3/local_costmap_jitter_ms,panther3/local_costmap_sim_hz,panther3/local_costmap_sim_jitter_ms,panther3/velodyne_filtered_hz,panther3/velodyne_filtered_jitter_ms,panther3/velodyne_filtered_sim_hz,panther3/velodyne_filtered_sim_jitter_ms,panther3/path_length_m
1788355427.221,165.892,0.1,0.00,0.00,0.00,0.00,0.00,0.00,0.00,0.00,0.00,0.00,0.00,0.00,0.00,0.00,0.00,0.00,0.00,0.00,0.00,0.00,0.000,0.00,0.00,0.00,0.00,0.00,0.00,0.00,0.00,0.00,0.00,0.00,0.00,0.00,0.00,0.00,0.00,0.00,0.00,0.00,0.00,0.000,0.00,0.00,0.00,0.00,0.00,0.00,0.00,0.00,0.00,0.00,0.00,0.00,0.00,0.00,0.00,0.00,0.00,0.00,0.00,0.00,0.000
1788355427.396,166.000,0.3,9.93,0.00,15.63,0.00,0.00,0.00,0.00,0.00,0.00,0.00,0.00,0.00,0.00,0.00,0.00,0.00,0.00,0.00,0.00,0.00,0.000,10.15,0.00,15.63,0.00,0.00,0.00,0.00,0.00,0.00,0.00,0.00,0.00,0.00,0.00,0.00,0.00,0.00,0.00,0.00,0.00,0.000,0.50,0.00,0.50,0.00,0.00,0.00,0.00,0.00,0.50,0.00,0.50,0.00,0.50,0.00,0.50,0.00,0.00,0.00,0.00,0.00,13.726
1788355429.012,167.000,1.9,10.02,3.46,16.22,6.73,0.00,0.00,0.00,0.00,0.50,0.00,0.50,0.00,0.99,0.00,1.57,0.00,3.13,6.17,5.00,0.00,0.121,10.01,4.01,16.16,7.65,0.00,0.00,0.00,0.00,0.50,0.00,0.50,0.00,1.00,0.00,1.63,0.00,3.13,5.89,5.00,0.00,3.291,10.01,1.69,16.41,7.20,0.00,0.00,0.00,0.00,0.97,0.00,1.55,0.00,1.00,0.00,1.61,0.00,3.13,5.80,5.00,0.00,13.344
1788355430.720,168.000,3.6,10.03,1.20,16.63,8.44,2.96,8.54,5.00,0.00,0.97,0.00,1.67,0.00,0.99,0.00,1.66,29.45,4.07,155.44,6.11,77.14,0.100,9.98,6.87,16.63,9.47,2.90,0.00,5.00,0.00,0.97,0.00,1.66,16.00,1.00,0.00,1.67,14.00,4.07,155.70,6.11,77.14,2.301,10.01,1.10,16.60,7.75,1.45,12.95,2.50,0.00,0.97,0.00,1.61,29.27,1.00,0.00,1.66,13.60,4.07,155.07,6.11,77.14,12.363
1788355432.361,169.000,5.3,10.00,5.59,16.67,9.70,3.08,8.35,5.00,0.00,0.97,0.00,1.62,19.14,1.01,0.00,1.69,18.86,6.66,160.67,8.89,99.22,0.071,10.00,2.36,16.67,10.42,1.53,8.53,2.86,86.60,0.97,0.00,1.63,17.28,1.00,2.77,1.67,13.06,6.66,160.70,8.89,99.22,1.806,10.01,1.00,16.73,8.12,1.53,24.31,2.50,0.00,0.96,0.00,1.62,25.92,1.00,1.58,1.66,4.99,6.65,160.05,8.89,99.22,11.868
1788355434.020,170.000,6.9,10.14,27.25,16.60,15.09,1.18,123.85,3.33,152.75,1.51,366.92,2.15,219.61,1.00,0.51,1.66,0.00,6.50,167.39,10.56,99.86,24.040,10.01,2.46,16.53,9.15,1.50,31.82,2.50,0.00,0.97,0.00,1.62,13.20,1.00,0.35,1.66,16.11,6.50,167.77,10.56,99.86,0.816,10.01,3.52,16.53,10.19,1.49,28.82,2.50,0.00,0.97,0.00,1.62,6.80,1.00,0.90,1.66,6.80,6.51,166.26,10.56,99.86,11.040
1788355435.778,171.000,8.7,10.00,2.96,17.28,14.85,2.84,23.51,3.75,149.07,0.96,0.00,2.00,199.45,1.00,0.73,1.72,39.73,6.24,174.53,10.56,99.86,23.935,9.99,0.80,17.10,8.73,1.49,19.26,2.50,0.00,0.97,0.00,1.63,11.47,1.00,0.00,1.68,13.20,6.25,175.08,10.56,99.86,0.474,10.00,2.47,17.07,10.44,1.44,49.20,2.50,0.00,0.97,0.00,1.66,38.13,1.00,0.14,1.72,31.72,6.24,174.76,10.56,99.86,10.263
1788355437.428,172.000,10.3,10.00,2.11,17.03,9.39,1.78,140.39,3.89,90.35,0.97,0.00,1.64,21.00,1.00,0.00,1.72,39.73,6.72,161.86,10.56,99.86,23.124,10.02,4.64,17.07,8.51,0.70,0.00,1.88,188.56,0.98,0.00,1.67,19.87,1.00,2.23,1.71,14.24,6.72,161.99,10.56,99.86,0.212,10.00,1.25,17.05,8.28,1.50,25.08,2.50,0.00,0.96,0.00,1.66,38.13,1.00,0.21,1.72,30.35,6.72,160.97,10.56,99.86,9.932
1788355439.135,173.000,12.0,10.00,4.10,16.73,9.34,1.46,26.32,2.50,0.00,0.95,0.00,1.62,17.28,1.00,0.00,1.67,21.42,6.47,167.89,10.56,99.86,22.761,9.97,5.88,16.80,8.74,3.14,0.00,1.25,600.00,0.98,0.00,1.64,11.47,1.11,73.76,1.82,37.57,6.47,167.84,10.56,99.86,0.071,10.00,1.85,16.67,8.06,1.45,22.19,2.50,0.00,0.97,0.00,1.62,23.17,1.00,0.07,1.68,13.60,6.48,166.20,10.56,99.86,9.315
1788355440.864,174.000,13.8,10.00,2.98,17.07,10.44,1.49,17.61,2.50,0.00,0.95,0.00,1.61,9.80,1.00,1.63,1.69,13.60,6.53,164.29,10.56,99.86,22.023,10.00,5.25,17.07,9.25,3.00,11.24,5.00,0.00,0.97,0.00,1.62,14.24,1.00,0.00,1.72,22.86,6.53,164.00,10.56,99.86,0.071,10.01,1.10,17.21,7.59,1.48,15.11,2.50,0.00,0.97,0.00,1.66,21.00,1.00,14.34,1.69,14.97,6.53,164.43,10.56,99.86,8.565
1788355442.556,175.000,15.5,10.00,2.51,17.07,10.31,1.50,4.52,2.50,0.00,0.93,0.00,1.64,27.39,1.00,6.64,1.72,20.74,6.23,176.44,10.56,99.86,21.345,10.00,3.69,17.07,8.67,2.85,42.13,5.00,0.00,0.98,0.00,1.68,23.55,1.00,1.17,1.71,18.18,6.23,176.53,10.56,99.86,0.050,10.00,1.55,17.21,7.40,1.39,2.86,2.50,0.00,0.96,0.00,1.66,21.00,1.00,0.22,1.73,13.20,6.24,176.78,10.56,99.86,8.215
1788355444.251,176.000,17.2,10.00,0.84,16.80,8.34,1.47,26.57,2.50,0.00,0.97,0.00,1.64,26.40,1.00,4.02,1.72,21.75,6.50,166.63,10.56,99.86,20.945,10.42,22.39,17.38,12.94,1.78,172.19,3.89,90.35,1.02,72.10,1.73,31.72,0.99,0.00,1.70,16.11,6.51,167.52,10.56,99.86,27.499,9.99,0.90,16.80,7.61,1.46,4.40,2.50,0.00,0.97,0.00,1.65,13.60,1.00,0.25,1.72,15.43,6.50,167.21,10.56,99.86,7.486
1788355445.950,177.000,18.8,10.00,3.98,16.91,9.12,1.47,16.56,2.50,0.00,0.96,0.00,1.62,8.22,1.00,2.18,1.69,10.50,6.52,167.05,10.56,99.86,20.148,10.00,1.40,17.42,13.05,2.37,158.43,3.75,94.28,0.95,0.00,1.70,37.85,1.00,4.40,1.69,7.54,6.52,166.81,10.56,99.86,27.315,10.00,3.87,16.94,7.63,1.50,6.28,2.50,0.00,0.97,0.00,1.63,9.98,1.00,0.23,1.69,6.80,6.52,166.21,10.56,99.86,7.086
1788355447.734,178.000,20.6,10.00,1.04,17.49,10.06,1.36,30.22,2.50,0.00,0.95,0.00,1.67,12.36,1.00,3.06,1.76,20.40,6.13,178.55,10.56,99.86,19.298,10.01,9.15,17.35,11.69,1.38,38.02,3.33,100.00,0.91,0.00,1.65,15.43,1.00,0.67,1.76,11.78,6.13,178.28,10.56,99.86,26.512,10.00,1.93,17.35,10.72,1.39,14.50,2.50,0.00,0.98,0.00,1.68,19.96,1.00,0.01,1.75,26.40,6.12,173.92,10.56,99.86,6.306
1788355449.463,179.000,22.4,10.00,0.93,17.68,9.66,1.43,27.22,2.50,0.00,0.97,0.00,1.67,12.36,1.00,1.69,1.74,23.63,6.34,172.04,10.56,99.86,18.948,10.00,1.74,17.54,11.16,1.43,20.67,2.50,0.00,0.96,0.00,1.64,28.47,1.00,0.00,1.74,19.69,6.34,171.39,10.56,99.86,25.693,10.00,1.66,17.61,11.14,1.48,8.71,2.50,0.00,0.97,0.00,1.71,13.06,1.00,1.41,1.73,9.98,6.34,171.67,10.56,99.86,5.478
1788355451.165,180.000,24.1,10.01,1.34,17.17,7.89,1.48,15.68,2.50,0.00,0.95,0.00,1.66,3.27,1.00,0.00,1.71,17.28,6.49,167.34,10.56,99.86,18.145,9.96,1.65,17.17,7.08,1.48,16.55,2.50,0.00,0.94,0.00,1.60,23.55,1.00,0.21,1.71,19.87,6.44,167.22,10.56,99.86,25.279,10.01,3.39,17.24,7.40,1.46,23.69,2.50,0.00,0.97,0.00,1.67,1.89,1.00,1.26,1.72,10.50,6.45,168.01,10.56,99.86,4.657
1788355452.944,181.000,25.8,10.00,2.23,17.35,9.26,1.37,13.92,2.50,0.00,0.96,0.00,1.68,6.80,0.98,0.00,1.72,16.44,6.19,174.84,10.56,99.86,17.437,10.01,3.33,17.38,7.33,1.37,13.57,2.50,0.00,0.95,0.00,1.63,16.33,1.00,0.00,1.74,22.23,6.22,174.16,10.56,99.86,24.691,10.00,1.07,17.38,7.00,1.41,24.29,2.50,0.00,0.97,0.00,1.71,17.99,1.00,0.00,1.73,15.08,6.21,174.54,10.56,99.86,4.306
1788355454.681,182.000,27.6,10.01,2.39,17.61,9.16,1.50,4.18,2.50,0.00,0.97,0.00,1.67,10.50,1.01,10.60,1.76,14.24,6.46,167.58,10.56,99.86,17.037,10.00,1.65,17.45,8.55,1.49,4.07,2.50,0.00,0.95,0.00,1.67,6.53,1.00,1.31,1.76,16.11,6.45,166.75,10.56,99.86,23.960,10.00,3.15,17.54,7.61,1.48,0.42,2.50,0.00,0.98,0.00,1.70,18.86,1.00,0.27,1.75,11.78,6.46,167.11,10.56,99.86,3.631
1788355456.404,183.000,29.3,10.00,1.94,17.31,7.34,2.19,179.37,3.12,97.98,0.97,0.00,1.66,7.54,1.00,0.00,1.73,15.08,6.26,173.15,10.56,99.86,16.184,10.01,4.32,17.28,8.80,1.46,27.28,2.50,0.00,0.95,0.00,1.65,3.77,1.00,0.34,1.72,4.99,6.26,173.98,10.56,99.86,23.552,10.01,3.42,17.35,7.33,1.43,11.00,2.50,0.00,0.98,0.00,1.69,6.53,1.00,0.00,1.74,6.53,6.26,174.32,10.56,99.86,2.673
1788355458.211,184.000,31.1,10.03,2.88,17.57,8.29,1.66,171.15,3.33,100.00,0.96,0.00,1.70,5.66,0.99,0.00,1.77,19.69,6.09,178.99,10.56,99.86,15.284,10.00,3.83,17.64,8.99,1.38,32.75,2.50,0.00,0.95,0.00,1.69,16.76,1.00,0.00,1.76,19.96,6.09,179.00,10.56,99.86,22.772,10.01,2.93,17.64,7.44,1.37,22.26,2.50,0.00,0.98,0.00,1.70,3.77,1.00,0.45,1.76,8.22,6.08,178.28,10.56,99.86,2.171
1788355459.945,185.000,32.8,10.01,6.90,17.64,9.96,1.75,161.85,3.12,97.98,0.97,0.00,1.70,7.54,1.00,5.98,1.77,21.25,6.41,169.41,10.56,99.86,14.834,10.05,2.80,17.64,8.52,1.47,8.53,2.50,0.00,0.95,0.00,1.67,23.17,1.00,1.59,1.76,22.94,6.42,169.24,10.56,99.86,21.936,9.96,1.81,17.54,8.24,1.46,21.54,2.50,0.00,0.97,0.00,1.73,13.60,1.00,0.00,1.76,9.80,6.41,168.16,10.56,99.86,1.238
1788355461.695,186.000,34.6,10.00,3.49,17.42,9.55,1.70,168.26,3.12,97.98,0.97,0.00,1.67,26.13,1.00,0.00,1.74,19.87,6.22,175.06,10.56,99.86,13.976,10.01,1.60,17.53,10.00,1.42,37.65,2.50,0.00,0.95,0.00,1.64,10.50,1.00,0.00,1.73,16.76,6.22,175.14,10.56,99.86,21.496,10.00,5.15,17.38,8.00,1.42,7.41,2.50,0.00,0.97,0.00,1.70,14.97,1.00,0.00,1.75,20.40,6.22,175.00,10.56,99.86,0.333
1788355463.478,187.000,36.4,10.06,2.50,17.78,8.76,1.70,165.17,2.78,80.00,0.96,0.00,1.68,28.16,1.00,0.00,1.76,16.44,6.18,176.39,10.56,99.86,13.126,9.98,2.05,17.68,10.48,1.41,22.10,2.50,0.00,0.96,0.00,1.67,0.00,1.00,2.46,1.76,11.78,6.18,175.76,10.56,99.86,20.815,10.01,1.32,17.82,7.12,1.13,167.04,2.22,86.60,0.97,0.00,1.70,16.76,1.00,0.00,1.75,22.86,6.18,176.00,10.56,99.86,0.050
1788355465.221,188.000,38.1,10.01,8.73,17.61,7.93,1.44,34.71,2.50,0.00,0.97,0.00,1.73,10.50,0.99,0.00,1.79,9.43,6.28,173.82,10.56,99.86,12.721,10.02,2.82,17.57,10.03,1.41,7.79,2.50,0.00,0.96,0.00,1.70,16.97,1.00,0.00,1.79,6.80,6.27,173.31,10.56,99.86,20.185,9.99,0.82,17.61,7.21,2.86,18.30,4.29,74.54,0.97,0.00,1.73,11.47,1.00,0.00,1.78,17.99,6.27,172.51,10.56,99.86,0.000
1788355466.984,189.000,39.9,9.99,4.40,17.49,7.29,1.43,14.43,2.50,0.00,0.97,0.00,1.68,14.24,1.00,2.08,1.76,19.87,6.30,172.06,10.56,99.86,12.008,10.03,5.79,17.54,10.75,1.43,25.08,2.50,0.00,0.95,0.00,1.71,14.97,1.00,0.00,1.75,15.08,6.30,170.92,10.56,99.86,19.792,10.00,1.01,17.45,8.16,2.87,11.86,5.00,0.00,0.97,0.00,1.70,16.11,1.00,0.00,1.74,17.99,6.28,171.19,10.56,99.86,0.100
1788355468.818,190.000,41.7,10.01,5.35,18.00,8.91,1.42,11.09,2.50,0.00,0.97,0.00,1.71,6.80,1.00,2.20,1.76,9.98,6.19,175.48,10.56,99.86,11.217,9.99,2.34,18.00,10.06,1.43,4.36,2.50,0.00,0.94,0.00,1.67,8.64,1.00,0.00,1.80,19.96,6.19,175.53,10.56,99.86,18.927,10.25,24.90,18.29,13.53,2.30,149.18,4.44,66.14,1.15,151.35,1.92,85.81,1.00,0.00,1.76,9.98,6.20,174.09,10.56,99.86,15.369
1788355470.620,191.000,43.5,10.08,4.67,18.15,8.33,1.31,60.09,2.50,0.00,0.97,0.00,1.79,25.51,0.82,0.00,1.70,25.37,5.89,186.08,10.56,99.86,10.467,10.00,2.54,18.15,10.33,1.41,18.09,2.50,0.00,0.95,0.00,1.76,27.78,1.00,0.00,1.83,21.00,5.89,185.12,10.56,99.86,18.140,10.00,4.59,18.48,13.94,2.81,11.22,3.33,152.75,0.95,0.00,1.99,76.27,1.00,0.00,1.82,32.17,5.89,184.72,10.56,99.86,15.021
1788355472.416,192.000,45.3,10.00,5.03,18.00,8.27,1.38,18.10,2.50,0.00,0.97,0.00,1.78,26.40,1.01,7.84,1.73,32.71,6.11,178.52,10.56,99.86,10.117,9.99,3.15,17.82,9.63,1.40,2.61,2.50,0.00,0.96,0.00,1.74,16.76,1.00,0.72,1.79,15.43,6.11,178.46,10.56,99.86,17.326,10.02,2.98,18.04,9.53,1.69,177.95,3.75,94.28,0.97,0.00,1.71,8.22,1.00,2.00,1.79,3.77,6.11,178.30,10.56,99.86,14.267
1788355474.237,193.000,47.1,10.01,2.91,18.04,8.39,1.44,14.44,2.50,0.00,0.97,0.00,1.72,13.06,0.98,0.00,1.79,7.54,6.18,176.27,10.56,99.86,9.349,10.03,6.51,18.04,10.82,1.41,8.10,2.50,0.00,0.97,0.00,1.72,18.86,1.00,0.00,1.78,8.22,6.18,175.99,10.56,99.86,16.976,10.00,1.13,18.00,8.32,1.42,7.52,2.50,0.00,0.97,0.00,1.69,10.50,1.00,0.00,1.77,13.60,6.18,176.13,10.56,99.86,13.837
1788355476.096,194.000,49.0,10.01,5.39,18.40,8.86,1.33,46.88,2.50,0.00,0.98,0.00,1.79,33.15,1.01,4.00,1.85,25.92,5.77,189.38,10.56,99.86,8.670,10.05,6.19,18.40,12.87,1.30,29.26,2.50,0.00,0.96,0.00,1.77,21.75,1.00,0.00,1.74,24.07,5.77,188.83,10.56,99.86,16.431,10.00,4.22,18.29,7.24,1.30,29.46,2.50,0.00,0.96,0.00,1.77,31.16,1.00,3.91,1.85,31.72,5.77,188.80,10.56,99.86,12.982
1788355477.918,195.000,50.8,10.00,0.91,18.52,9.91,1.38,15.66,2.50,0.00,0.97,0.00,1.78,4.99,1.00,0.00,1.82,1.89,6.05,180.21,10.56,99.86,7.972,9.96,7.93,18.37,11.13,1.36,12.96,2.50,0.00,0.96,0.00,1.76,13.20,0.97,0.00,1.79,18.57,6.05,179.64,10.56,99.86,15.817,10.00,3.28,18.44,6.56,1.36,35.24,2.50,0.00,0.96,0.00,1.76,11.47,1.00,0.27,1.84,14.24,6.05,175.89,10.56,99.86,12.166
1788355479.751,196.000,52.7,10.00,1.54,18.15,9.94,1.38,10.59,2.50,0.00,0.97,0.00,1.76,9.98,1.00,1.22,1.83,9.43,6.09,178.67,10.56,99.86,7.626,9.99,4.79,18.22,7.92,1.40,6.89,2.50,0.00,0.96,0.00,1.76,11.78,1.04,0.00,1.81,21.75,6.08,178.65,10.56,99.86,15.337,10.00,1.48,18.29,8.27,1.40,9.09,2.50,0.00,0.97,0.00,1.76,15.43,1.00,0.10,1.83,8.22,6.08,178.62,10.56,99.86,11.418
1788355481.638,197.000,54.5,10.00,3.32,18.57,11.26,1.29,30.87,2.50,0.00,0.98,0.00,1.82,26.13,1.00,1.87,1.89,19.69,5.75,189.86,10.56,99.86,6.976,10.01,11.52,18.61,8.14,1.31,50.82,2.50,0.00,0.98,0.00,1.79,33.94,1.00,0.49,1.90,9.98,5.75,189.96,10.56,99.86,14.748,10.00,1.45,18.54,10.75,1.31,53.17,2.50,0.00,0.96,0.00,1.79,26.20,1.00,0.00,1.76,23.17,5.75,189.93,10.56,99.86,11.064
1788355483.473,198.000,56.4,9.99,4.28,18.72,11.28,1.37,13.43,2.50,0.00,0.97,0.00,1.82,24.07,1.02,0.00,1.87,28.16,6.04,180.13,10.56,99.86,6.260,10.02,10.67,18.65,9.32,1.37,15.07,2.50,0.00,0.97,0.00,1.81,30.35,1.00,0.00,1.87,16.97,6.04,180.39,10.56,99.86,14.373,10.00,0.34,18.57,9.74,1.36,7.11,2.50,0.00,0.97,0.00,1.82,21.25,1.00,0.02,1.76,26.20,6.03,180.09,10.56,99.86,10.316
1788355485.313,199.000,58.2,10.00,1.62,18.33,9.20,1.37,1.91,2.50,0.00,0.98,0.00,1.77,8.64,0.98,0.00,1.81,23.55,5.95,182.97,10.56,99.86,5.511,10.00,2.46,18.48,9.64,2.03,193.79,3.12,97.98,0.97,0.00,1.76,9.98,1.00,1.19,1.82,1.89,5.94,183.20,10.56,99.86,13.587,10.00,0.37,18.29,7.89,1.37,27.21,2.50,0.00,0.97,0.00,1.76,13.20,1.00,0.00,1.82,9.98,5.95,181.65,10.56,99.86,9.446
1788355487.205,200.000,60.1,9.93,4.02,18.61,9.09,1.30,24.71,2.50,0.00,0.97,0.00,1.83,34.62,0.98,0.00,1.74,17.99,5.78,187.43,10.56,99.86,4.780,10.00,4.85,18.65,9.41,1.31,23.11,3.13,97.98,0.96,0.00,1.81,27.19,0.99,0.00,1.76,27.39,5.81,186.45,10.56,99.86,12.775,10.00,1.48,18.72,9.31,1.31,28.70,2.50,0.00,0.97,0.00,1.84,27.39,0.99,0.00,1.88,21.00,5.79,186.60,10.56,99.86,8.739
1788355489.064,201.000,62.0,10.00,4.29,18.76,10.85,1.35,17.05,2.50,0.00,0.98,0.00,1.78,24.07,1.01,11.01,1.85,6.80,5.93,182.47,10.56,99.86,4.030,10.00,6.55,18.84,8.71,1.36,20.37,2.50,0.00,0.97,0.00,1.78,9.98,1.00,4.03,1.84,4.99,5.94,183.20,10.56,99.86,11.909,9.99,0.77,18.65,9.64,1.36,19.87,2.50,0.00,0.96,0.00,1.77,4.99,1.01,5.88,1.87,10.50,5.94,182.22,10.56,99.86,7.886
1788355490.962,202.000,63.9,10.00,2.63,18.72,11.05,1.33,1.61,2.50,0.00,0.98,0.00,1.80,19.14,0.99,0.00,1.88,21.00,5.88,184.95,10.56,99.86,3.700,9.99,2.44,18.80,9.06,1.35,9.68,2.50,0.00,0.96,0.00,1.82,11.47,1.00,0.00,1.84,4.99,5.88,184.84,10.56,99.86,10.990,10.01,0.86,18.72,10.03,1.35,8.55,2.50,0.00,0.95,0.00,1.78,8.22,1.00,0.49,1.87,14.97,5.87,184.62,10.56,99.86,7.539
1788355492.878,203.000,65.8,10.00,6.49,19.11,10.52,1.54,193.78,2.78,80.00,0.97,0.00,1.87,24.51,0.84,0.00,1.80,42.50,5.64,193.41,10.56,99.86,3.020,10.01,2.44,18.99,8.85,1.29,24.11,2.50,0.00,0.98,0.00,1.87,22.86,0.84,0.00,1.79,44.58,5.64,193.44,10.56,99.86,10.707,10.00,1.99,19.11,9.77,1.29,25.22,2.50,0.00,0.97,0.00,1.85,14.24,1.00,0.00,1.81,30.17,5.63,192.65,10.56,99.86,6.860
1788355494.735,204.000,67.6,10.02,4.01,18.80,10.52,1.61,174.57,3.12,97.98,0.97,0.00,1.83,10.50,1.00,0.00,1.77,31.16,5.91,184.09,10.56,99.86,2.126,10.03,1.97,18.80,8.47,1.34,2.40,2.50,0.00,0.97,0.00,1.86,22.23,1.00,0.46,1.77,36.81,5.91,170.08,10.56,99.86,10.009,10.00,0.69,18.84,7.93,1.61,171.76,2.78,80.00,0.97,0.00,1.84,17.99,1.00,0.80,1.81,30.17,5.92,183.35,10.56,99.86,6.154
1788355496.662,205.000,69.6,9.89,5.68,18.69,10.16,1.36,8.67,2.78,80.00,0.99,0.00,1.83,10.50,1.00,0.31,1.87,8.64,5.81,187.52,10.56,99.86,1.283,10.01,1.31,18.92,8.93,1.63,169.55,2.78,80.00,0.98,0.00,1.81,5.66,1.00,0.09,1.89,17.99,5.81,187.26,10.56,99.86,9.566,10.00,1.32,18.99,8.13,1.59,152.04,2.78,80.00,0.98,0.00,1.81,7.54,1.00,0.00,1.84,7.54,5.81,187.45,10.56,99.86,5.327
1788355498.564,206.000,71.5,10.11,5.50,19.08,10.73,1.30,13.08,2.50,0.00,0.97,0.00,1.87,19.69,1.00,0.00,1.80,28.16,5.70,191.49,10.56,99.86,0.495,9.99,4.04,19.19,9.01,1.30,17.42,2.78,80.00,0.96,0.00,1.88,29.63,1.00,0.00,1.94,14.24,5.70,190.86,10.56,99.86,8.906,10.00,2.30,19.15,10.26,1.53,171.95,2.78,80.00,0.96,0.00,1.87,16.97,1.00,0.00,1.79,24.07,5.70,190.25,10.56,99.86,4.557
1788355500.461,207.000,73.4,9.95,2.11,18.80,10.35,0.67,0.00,1.88,188.56,0.98,0.00,1.82,8.64,1.00,1.32,1.88,15.43,5.84,186.35,10.56,99.86,0.312,10.00,0.76,19.04,9.23,1.33,4.44,2.50,0.00,0.98,0.00,1.80,11.78,1.00,2.97,1.88,10.50,5.85,186.01,10.56,99.86,8.186,9.99,3.24,19.07,10.09,1.33,18.79,2.50,0.00,0.97,0.00,1.82,3.27,1.00,3.15,1.89,8.64,5.84,185.94,10.56,99.86,3.783
1788355502.391,208.000,75.3,10.04,2.89,19.23,7.79,0.50,0.00,1.88,188.56,0.98,0.00,1.87,21.75,1.00,0.00,1.88,15.43,5.66,192.52,10.56,99.86,0.171,9.99,1.61,19.11,9.01,1.29,53.09,2.50,0.00,0.97,0.00,1.85,19.96,1.00,0.00,1.88,11.31,5.66,191.05,10.56,99.86,7.536,10.00,0.56,19.04,11.86,1.29,6.15,2.50,0.00,0.97,0.00,1.86,23.63,1.00,0.46,1.92,12.36,5.66,191.61,10.56,99.86,3.185
1788355504.316,209.000,77.2,10.00,4.98,19.35,7.59,0.50,0.00,0.71,0.00,0.97,0.00,1.89,18.18,0.98,0.00,1.79,29.03,5.71,190.53,10.56,99.86,0.150,9.99,5.69,19.15,10.89,1.31,12.10,2.50,0.00,0.97,0.00,1.89,6.53,1.00,0.00,1.81,33.99,5.44,184.05,10.56,99.86,7.206,9.99,1.16,19.31,11.39,1.26,14.96,2.50,0.00,0.97,0.00,1.88,21.25,1.00,0.00,1.94,9.80,5.65,189.85,10.56,99.86,2.758
1788355506.255,210.000,79.2,10.01,0.98,19.15,11.71,0.87,0.00,1.25,200.00,0.97,0.00,1.88,1.89,1.01,11.51,1.93,11.47,5.70,191.11,10.56,99.86,0.150,10.00,3.14,19.35,9.86,1.29,8.50,2.50,0.00,0.97,0.00,1.87,6.53,1.00,0.00,1.93,11.47,5.71,176.38,10.56,99.86,6.456,10.00,3.98,19.31,10.30,1.34,32.82,2.50,0.00,0.98,0.00,1.87,9.98,1.00,0.00,1.92,13.60,5.72,187.92,10.56,99.86,1.874
1788355508.197,211.000,81.1,9.99,0.95,19.39,11.04,2.82,0.00,1.67,326.60,0.98,0.00,1.91,14.24,0.83,0.00,1.84,43.49,5.66,192.83,10.56,99.86,0.071,10.00,0.94,19.47,9.47,1.25,52.56,2.50,0.00,0.98,0.00,1.91,14.24,0.83,0.00,1.85,42.71,5.66,192.46,10.56,99.86,5.728,9.97,1.59,19.27,11.14,1.30,6.16,2.50,0.00,0.97,0.00,1.91,6.53,1.00,0.00,1.91,12.36,5.66,192.88,10.56,99.86,1.000
1788355510.123,212.000,83.0,10.01,1.88,19.39,11.16,2.60,18.23,5.00,0.00,0.98,0.00,1.91,13.20,1.00,1.47,1.81,37.67,5.70,190.03,10.56,99.86,0.050,10.00,1.32,19.15,10.05,1.30,7.60,2.50,0.00,0.97,0.00,1.89,18.18,1.00,1.02,1.82,35.98,5.70,190.44,10.56,99.86,4.977,10.00,8.29,19.27,10.28,1.27,10.03,2.50,0.00,0.98,0.00,1.90,10.50,1.00,26.54,1.95,8.22,5.70,190.09,10.56,99.86,0.412
1788355512.037,213.000,84.9,10.52,21.86,19.66,13.74,2.61,20.16,5.00,0.00,0.97,0.00,1.88,3.27,1.00,0.38,1.94,4.99,5.68,191.85,10.56,99.86,0.050,10.01,5.82,19.15,9.75,1.28,8.30,2.50,0.00,0.97,0.00,1.88,11.47,1.00,0.00,1.93,1.89,5.68,191.59,10.56,99.86,4.480,10.02,2.63,19.27,11.18,1.04,182.36,2.22,86.60,0.97,0.00,1.88,9.98,1.00,0.19,1.94,8.64,5.68,191.47,10.56,99.86,0.250
1788355514.037,214.000,86.9,10.51,21.36,20.04,11.52,1.87,190.24,3.89,90.35,1.29,272.62,2.18,124.17,1.00,0.00,1.97,1.89,5.58,181.50,10.56,99.86,27.640,10.00,2.05,19.62,12.90,1.24,9.85,2.50,0.00,0.97,0.00,1.90,15.43,1.00,0.10,1.95,6.53,5.57,181.98,10.56,99.86,3.899,10.00,4.25,19.62,9.49,1.87,199.50,3.12,97.98,0.97,0.00,1.92,11.47,0.83,0.00,1.82,36.81,5.57,182.42,10.56,99.86,0.241
1788355516.007,215.000,88.9,10.03,8.47,20.37,11.21,2.02,164.99,3.89,90.35,0.95,0.00,2.17,125.61,1.00,0.00,1.96,7.54,5.56,195.55,10.56,99.86,27.294,10.00,3.23,19.70,12.09,1.28,14.38,2.50,0.00,0.97,0.00,1.93,7.54,0.83,0.00,1.86,43.49,5.55,195.92,10.56,99.86,3.200,10.00,3.55,19.86,9.95,2.53,27.25,4.44,66.14,0.97,0.00,1.93,10.50,1.00,2.32,1.84,39.73,5.55,195.45,10.56,99.86,0.150
1788355517.953,216.000,90.9,10.00,3.29,19.54,8.11,1.29,1.32,3.33,100.00,0.95,0.00,1.87,9.80,1.00,0.00,1.93,8.22,5.69,190.80,10.56,99.86,26.512,10.01,4.85,19.66,9.75,1.29,37.13,2.50,0.00,0.97,0.00,1.90,21.75,1.00,0.00,1.73,40.84,5.72,189.02,10.56,99.86,2.313,10.00,4.21,19.62,12.61,1.56,189.74,3.89,90.35,0.97,0.00,1.90,9.43,0.83,0.00,1.83,47.59,5.69,189.35,10.56,99.86,0.121
1788355519.935,217.000,92.8,9.99,3.63,19.66,11.02,1.26,3.88,2.50,0.00,0.94,0.00,1.86,12.36,1.00,0.00,1.83,30.35,5.64,196.35,10.56,99.86,25.744,10.00,3.73,19.54,10.84,1.24,4.58,2.50,0.00,0.97,0.00,1.90,26.40,0.83,0.00,1.83,38.69,5.64,196.34,10.56,99.86,1.455,10.69,21.92,20.24,13.79,1.25,14.19,2.78,80.00,1.33,268.29,2.21,125.09,0.83,0.00,1.75,47.59,5.02,197.71,10.56,99.86,24.448
1788355521.945,218.000,94.8,9.97,2.68,19.86,11.90,1.24,1.65,2.50,0.00,0.95,0.00,1.88,11.78,0.99,0.00,1.96,7.54,5.51,197.75,10.56,99.86,25.229,10.03,4.62,19.70,14.64,1.26,12.60,2.50,0.00,0.97,0.00,1.93,9.43,0.83,0.00,1.66,1.89,5.52,196.58,10.56,99.86,0.645,9.98,1.20,20.54,13.57,1.89,195.81,3.12,97.98,0.97,0.00,2.24,121.38,0.83,0.00,1.76,44.34,5.53,197.21,10.56,99.86,24.100
1788355523.901,219.000,96.8,10.01,6.50,19.82,8.53,1.27,25.16,2.50,0.00,0.93,0.00,1.88,13.20,1.01,0.00,1.98,0.00,5.61,193.79,10.56,99.86,24.641,10.02,2.24,19.70,13.50,1.28,27.75,2.50,0.00,0.97,0.00,1.89,11.31,1.00,0.00,1.84,39.73,5.60,193.38,10.56,99.86,0.071,10.01,1.06,19.82,9.35,1.27,12.42,3.13,97.98,0.96,0.00,1.88,11.31,1.00,7.08,1.84,40.84,5.58,193.41,10.56,99.86,23.323
1788355525.940,220.000,98.8,10.00,8.53,19.98,5.86,1.24,22.51,2.50,0.00,0.96,0.00,1.93,13.20,0.83,0.00,1.77,42.71,5.56,200.34,10.56,99.86,23.941,10.00,1.22,20.12,12.74,2.49,0.20,2.50,244.95,0.99,0.00,1.97,20.40,0.83,0.00,1.88,24.73,5.56,199.89,10.56,99.86,0.000,10.00,4.04,20.02,6.00,1.24,0.99,2.50,0.00,0.98,0.00,1.94,19.60,0.83,0.00,1.88,27.78,5.56,196.70,10.56,99.86,22.495
1788355527.938,221.000,100.8,10.00,8.29,20.16,9.16,1.23,5.83,2.50,0.00,0.94,0.00,1.90,15.43,0.83,0.00,1.80,32.17,5.58,199.46,10.56,99.86,23.252,10.00,2.55,20.12,14.67,2.48,20.73,5.00,0.00,0.97,0.00,2.00,9.80,0.83,0.00,1.70,15.08,5.57,198.46,10.56,99.86,0.050,10.00,1.99,20.16,9.24,1.25,15.49,2.50,0.00,0.94,0.00,1.98,9.98,0.82,0.00,1.69,13.20,5.26,191.79,10.56,99.86,21.788
1788355529.930,222.000,102.8,10.00,6.54,19.98,9.92,1.29,13.89,2.50,0.00,0.97,0.00,1.88,6.53,0.83,0.00,1.79,20.40,5.51,197.80,10.56,99.86,22.902,10.00,1.64,19.74,15.11,2.51,21.20,5.00,0.00,0.97,0.00,1.93,4.99,0.83,0.00,1.67,11.47,5.51,196.60,10.56,99.86,0.050,10.00,0.54,19.98,9.71,1.25,23.65,2.50,0.00,0.97,0.00,1.91,19.87,0.83,0.00,1.67,0.00,5.51,183.92,10.56,99.86,21.081
1788355531.961,223.000,104.9,10.01,1.51,20.08,11.49,1.21,25.13,2.50,0.00,0.95,0.00,1.94,8.64,0.84,0.00,1.77,23.63,5.45,204.40,10.56,99.86,22.387,10.23,26.50,20.28,15.73,1.65,194.12,3.89,90.35,1.37,303.71,2.33,151.33,1.00,0.00,1.78,40.84,5.45,203.79,10.56,99.86,15.185,10.00,1.30,20.08,11.49,1.24,9.18,2.50,0.00,0.96,0.00,1.96,8.22,1.00,0.00,1.78,41.99,5.45,203.78,10.56,99.86,20.416
1788355533.974,224.000,106.9,10.00,3.99,20.20,12.38,1.24,6.03,2.50,0.00,0.95,0.00,1.94,9.80,0.83,0.00,1.68,8.22,5.53,199.70,10.56,99.86,21.778,10.00,3.19,20.37,14.11,1.86,185.11,3.33,100.00,0.94,0.00,2.32,151.88,0.83,0.00,1.79,40.13,5.54,199.23,10.56,99.86,14.628,10.01,0.96,20.20,12.54,1.24,28.60,2.50,0.00,0.96,0.00,1.93,11.47,0.83,0.00,1.78,40.84,5.56,199.31,10.56,99.86,19.877
1788355536.009,225.000,108.9,10.01,7.36,20.24,11.51,1.24,29.86,2.50,0.00,0.95,0.00,1.93,11.47,0.83,0.00,1.77,43.37,5.52,197.95,10.56,99.86,21.180,10.01,2.85,20.12,11.20,1.24,29.10,2.78,80.00,0.95,0.00,1.92,14.97,0.83,0.00,1.78,30.35,5.51,197.38,10.56,99.86,13.970,10.00,0.98,20.24,11.51,1.25,31.79,2.50,0.00,0.95,0.00,1.91,13.20,0.83,0.00,1.77,43.37,5.00,198.76,10.56,99.86,19.177
1788355538.037,226.000,110.9,10.05,3.56,20.24,10.06,1.23,31.38,2.50,0.00,0.95,0.00,1.93,11.47,1.00,0.00,1.78,26.20,5.66,196.16,10.56,99.86,20.560,10.00,9.73,20.24,10.14,1.22,28.74,2.50,0.00,0.96,0.00,1.94,21.00,0.85,0.00,1.70,0.00,5.65,196.05,10.56,99.86,13.237,10.01,1.72,20.24,10.02,1.23,8.13,2.50,0.00,0.96,0.00,1.97,3.77,1.00,0.00,1.77,27.90,5.65,195.91,10.56,99.86,18.534
1788355540.045,227.000,112.9,10.00,3.83,20.16,10.84,1.26,5.12,2.50,0.00,0.95,0.00,1.92,16.97,0.84,0.00,1.82,13.20,5.68,195.25,10.56,99.86,19.946,10.00,3.59,20.12,8.24,1.26,11.11,2.50,0.00,0.98,0.00,1.94,19.87,0.84,0.00,1.70,0.00,5.68,194.42,10.56,99.86,12.590,10.00,2.23,20.16,11.45,1.23,21.29,2.50,0.00,0.96,0.00,1.97,3.77,0.83,0.00,1.77,29.45,5.68,194.09,10.56,99.86,18.234
1788355542.123,228.000,115.0,10.07,3.48,20.28,13.10,1.23,22.70,2.50,0.00,0.96,0.00,1.93,9.98,0.83,0.00,1.70,19.14,5.41,204.76,10.56,99.86,19.283,10.00,3.73,20.62,9.23,1.23,19.87,2.50,0.00,0.97,0.00,1.98,9.80,0.84,0.00,1.69,6.80,5.42,204.46,10.56,99.86,11.986,10.07,3.04,20.24,13.34,1.21,2.40,2.50,0.00,0.98,0.00,1.95,11.31,0.83,0.00,1.70,15.08,5.42,204.99,10.56,99.86,17.634
1788355544.177,229.000,117.1,10.00,6.89,20.62,12.15,1.83,171.50,3.12,97.98,0.95,0.00,1.96,4.99,0.83,0.00,1.71,8.22,5.46,204.09,10.56,99.86,18.577,10.01,2.67,20.54,8.56,1.22,30.93,2.50,0.00,0.97,0.00,2.02,11.78,0.83,0.00,1.72,8.22,5.46,203.33,10.56,99.86,11.347,10.00,0.92,20.62,11.79,1.22,8.42,2.50,0.00,0.97,0.00,1.96,15.43,0.83,0.00,1.71,19.87,5.45,203.64,10.56,99.86,16.990
1788355546.142,230.000,119.0,10.00,1.01,20.04,12.36,1.24,13.41,3.13,97.98,0.96,0.00,1.92,14.97,1.00,0.00,1.78,29.63,5.56,195.79,10.56,99.86,17.747,10.01,2.00,20.08,8.76,1.24,12.42,2.50,0.00,0.96,0.00,1.96,21.25,1.00,0.00,1.79,35.83,5.56,195.08,10.56,99.86,10.569,10.00,1.16,20.04,12.20,1.29,0.57,2.50,0.00,0.94,0.00,1.95,18.57,1.00,0.00,1.77,37.09,5.57,194.80,10.56,99.86,16.244
1788355548.249,231.000,121.1,9.98,2.54,20.16,10.54,1.18,0.79,2.50,0.00,0.97,0.00,1.94,18.18,0.83,0.00,1.78,30.35,4.12,209.98,9.44,99.83,17.102,9.99,4.60,20.37,11.87,1.18,1.52,2.50,0.00,0.97,0.00,1.97,21.00,0.83,0.00,1.79,35.83,5.54,200.53,10.56,99.86,10.027,10.00,0.85,20.20,12.12,1.60,234.34,2.78,80.00,0.98,0.00,1.95,29.93,0.83,0.00,1.80,31.72,5.54,200.91,10.56,99.86,15.544
1788355550.336,232.000,123.2,10.00,6.49,21.05,8.62,1.17,25.25,2.50,0.00,0.94,0.00,2.02,16.58,0.82,0.00,1.75,11.31,5.28,211.66,9.44,99.83,16.604,10.01,2.75,20.96,10.94,2.35,40.14,3.75,94.28,0.97,0.00,2.03,8.94,0.83,0.00,1.74,1.89,5.27,209.98,8.33,160.00,9.501,10.00,1.54,21.00,12.24,1.57,246.28,3.12,97.98,0.95,0.00,2.04,16.76,0.83,0.00,1.73,10.50,5.28,209.73,8.33,160.00,14.824
1788355552.360,233.000,125.3,10.00,2.64,20.49,8.40,1.26,2.51,2.50,0.00,0.96,0.00,1.97,28.53,1.00,0.00,1.79,34.10,5.58,193.29,10.56,99.86,16.037,10.01,3.43,20.54,7.90,1.26,0.53,3.33,100.00,0.95,0.00,1.98,17.28,1.00,0.00,1.79,26.40,5.58,194.45,10.56,99.86,8.821,10.00,0.90,20.45,10.86,1.54,184.45,2.78,80.00,0.97,0.00,1.97,16.11,1.00,0.00,1.81,34.56,5.58,194.74,10.56,99.86,14.040
1788355554.440,234.000,127.3,9.99,4.13,20.66,7.20,1.16,27.71,2.50,0.00,0.98,0.00,2.00,13.06,0.84,0.00,1.84,22.86,5.34,208.61,10.56,99.86,15.463,10.05,2.52,20.54,7.80,2.41,3.90,3.33,100.00,0.97,0.00,1.98,11.31,0.83,0.00,1.82,32.71,5.34,207.76,10.56,99.86,8.338,10.00,2.47,20.62,8.73,1.57,194.98,2.78,80.00,0.97,0.00,2.00,14.24,0.83,0.00,1.82,32.22,5.34,207.96,10.56,99.86,13.386
1788355556.532,235.000,129.4,10.02,7.17,20.83,8.33,1.17,55.67,2.50,0.00,0.95,0.00,2.02,6.56,0.83,0.00,1.74,14.97,5.30,210.91,10.56,99.86,15.061,10.00,2.05,20.88,8.86,1.19,2.00,3.33,100.00,0.96,0.00,2.00,13.08,0.83,0.00,1.72,16.11,5.27,209.85,10.56,99.86,7.743,10.01,1.27,20.75,8.96,1.17,49.30,2.78,80.00,0.97,0.00,2.05,14.53,0.83,0.00,1.74,16.33,5.29,210.42,10.56,99.86,12.686
1788355558.631,236.000,131.5,10.01,1.52,21.13,9.99,1.54,174.75,2.78,80.00,0.94,0.00,1.98,10.50,0.98,0.00,1.79,37.09,5.30,210.30,10.56,99.86,14.297,10.00,6.43,20.96,8.02,1.18,60.73,2.50,0.00,0.98,0.00,2.03,15.84,1.00,0.00,1.81,34.62,5.30,210.17,10.56,99.86,7.206,10.00,0.87,21.05,10.04,1.25,27.10,2.50,0.00,0.97,0.00,1.98,29.03,0.83,0.00,1.71,19.87,5.30,209.50,10.56,99.86,12.074
1788355560.718,237.000,133.6,10.02,8.15,21.13,11.14,1.83,207.58,3.33,100.00,0.97,0.00,2.01,3.77,0.82,0.00,1.85,31.72,5.39,206.02,10.56,99.86,13.509,10.00,3.99,21.00,7.00,1.22,23.42,2.50,0.00,0.95,0.00,2.04,17.06,0.83,0.00,1.83,32.88,5.39,205.91,10.56,99.86,6.536,10.00,1.61,21.09,12.00,1.21,5.89,2.50,0.00,0.96,0.00,2.00,13.06,0.83,0.00,1.72,21.00,5.40,188.65,10.56,99.86,11.336
1788355562.785,238.000,135.7,10.00,2.11,20.83,14.54,1.21,23.37,2.78,80.00,0.96,0.00,2.01,8.19,0.83,0.00,1.73,18.57,5.46,202.90,10.56,99.86,12.733,10.00,2.01,20.71,8.26,1.22,25.56,2.50,0.00,1.33,279.36,2.34,113.95,0.83,0.00,1.73,13.20,5.46,202.38,10.56,99.86,6.120,10.00,1.35,20.79,15.67,1.19,30.12,2.50,0.00,0.96,0.00,2.05,7.48,0.83,0.00,1.73,23.63,5.46,203.12,10.56,99.86,10.686
1788355564.990,239.000,137.9,10.00,2.22,21.38,14.49,1.15,67.33,2.50,0.00,0.97,0.00,2.05,24.72,0.83,0.00,1.76,34.10,5.10,218.79,10.56,99.86,12.030,10.00,3.04,21.21,11.33,1.14,64.15,2.50,0.00,0.98,0.00,2.36,113.67,0.83,0.00,1.76,17.99,5.10,218.94,10.56,99.86,5.580,10.01,0.82,21.38,15.13,1.13,44.48,2.50,0.00,0.97,0.00,2.05,24.39,0.83,0.00,1.77,35.23,5.10,218.72,10.56,99.86,10.036
1788355567.105,240.000,140.0,10.01,8.36,21.54,10.46,1.17,22.36,2.50,0.00,0.97,0.00,2.11,23.56,0.83,0.00,1.82,26.40,5.26,211.54,10.56,99.86,11.393,10.00,1.00,21.72,12.48,1.17,19.67,2.50,0.00,0.96,0.00,2.12,17.75,0.83,0.00,1.79,16.11,5.27,210.00,10.56,99.86,4.598,10.00,4.72,21.59,10.61,1.14,13.43,2.50,0.00,0.95,0.00,2.11,14.28,0.83,0.00,1.80,28.53,5.27,210.84,10.56,99.86,9.133
1788355569.142,241.000,142.0,10.00,0.73,20.67,7.79,1.25,22.76,2.50,0.00,0.97,0.00,2.03,23.56,0.83,0.00,1.74,23.55,5.56,199.24,10.56,99.86,10.686,10.00,1.19,20.67,9.95,1.25,17.45,2.50,0.00,0.98,0.00,2.06,17.32,0.83,0.00,1.75,17.28,5.55,199.73,10.56,99.86,4.244,10.00,0.95,20.67,7.69,1.25,6.03,2.50,0.00,0.97,0.00,2.01,10.39,0.83,0.00,1.74,16.11,5.56,199.53,10.56,99.86,8.333
1788355571.342,242.000,144.2,10.01,5.17,21.17,9.49,1.13,23.45,2.50,0.00,0.97,0.00,2.03,24.33,0.84,0.00,1.76,24.94,5.07,220.11,10.56,99.86,9.953,10.00,8.67,21.08,10.53,1.13,25.64,2.50,0.00,0.98,0.00,2.06,23.58,0.83,0.00,1.76,21.00,5.07,219.40,10.56,99.86,3.405,10.00,3.55,21.17,9.65,1.12,14.90,2.50,0.00,0.98,0.00,2.07,24.17,0.83,0.00,1.77,21.75,5.07,219.00,10.56,99.86,7.595
1788355573.469,243.000,146.4,10.00,4.17,21.63,11.71,1.74,201.94,3.13,97.98,0.95,0.00,2.11,10.34,0.84,0.00,1.79,8.22,5.26,211.10,10.56,99.86,9.566,10.00,1.13,21.59,10.64,1.15,7.89,2.50,0.00,0.97,0.00,2.11,19.29,0.83,0.00,1.77,29.63,5.26,210.50,10.56,99.86,2.758,10.00,1.80,21.63,11.84,1.18,24.65,2.50,0.00,0.98,0.00,2.11,16.37,0.83,0.00,1.77,22.63,5.26,210.38,10.56,99.86,6.845
1788355575.654,244.000,148.6,10.00,5.71,21.47,13.17,1.15,71.53,2.78,80.00,0.97,0.00,2.03,14.14,0.83,0.00,1.75,21.42,5.16,217.72,10.56,99.86,9.006,10.01,4.36,21.54,9.38,1.15,69.68,2.50,0.00,0.97,0.00,2.08,24.66,0.83,0.00,1.77,36.81,5.16,217.45,10.56,99.86,1.982,10.00,1.85,21.47,13.49,1.23,20.68,2.50,0.00,0.98,0.00,2.08,23.90,0.83,0.00,1.77,43.37,5.16,217.40,10.56,99.86,6.185
1788355577.849,245.000,150.7,10.01,4.87,21.72,13.35,1.12,4.82,2.50,0.00,0.97,0.00,2.11,29.98,0.83,0.00,1.72,24.51,5.04,220.43,10.56,99.86,8.356,10.06,2.19,21.98,10.32,1.12,1.47,2.50,0.00,0.98,0.00,2.12,22.69,0.83,0.00,1.82,31.04,5.04,220.21,10.56,99.86,1.237,10.01,1.17,21.72,13.95,1.12,3.73,2.50,0.00,0.98,0.00,2.14,22.52,0.83,0.00,1.83,38.13,5.03,220.60,10.56,99.86,5.535
1788355579.912,246.000,152.8,10.01,1.18,21.21,11.79,1.20,26.03,2.50,0.00,0.97,0.00,2.15,21.24,0.83,0.00,1.78,16.11,5.43,204.68,10.56,99.86,7.606,10.00,2.09,21.30,10.66,1.20,29.59,2.50,0.00,0.97,0.00,2.11,15.84,0.83,0.00,1.79,14.24,5.43,203.67,10.56,99.86,0.574,10.01,0.48,21.21,11.86,1.61,178.61,2.78,80.00,0.97,0.00,2.11,15.33,0.83,0.00,1.81,12.36,5.44,203.47,10.56,99.86,4.785
1788355582.186,247.000,155.1,10.00,4.21,21.76,11.42,1.14,32.84,2.50,0.00,0.96,0.00,2.11,29.17,0.83,0.00,1.80,19.87,4.92,226.78,10.56,99.86,6.656,10.00,9.21,21.54,10.78,0.74,0.00,2.22,86.60,0.97,0.00,2.10,14.42,0.84,0.00,1.78,18.57,4.92,226.70,10.56,99.86,0.271,10.00,1.68,21.76,11.39,1.13,36.44,2.78,80.00,0.99,0.00,2.09,12.17,0.83,0.00,1.82,25.37,4.93,226.65,10.56,99.86,4.135
1788355584.333,248.000,157.2,10.02,1.05,22.13,9.29,1.15,18.81,2.50,0.00,0.97,0.00,2.16,21.24,0.83,0.00,1.81,17.28,5.19,213.72,10.56,99.86,6.035,10.01,0.80,22.13,11.68,1.15,32.14,2.14,94.28,0.98,0.00,2.16,9.80,0.84,0.00,1.83,25.37,5.19,213.60,10.56,99.86,0.221,10.00,0.86,22.13,9.75,1.15,32.97,2.50,0.00,0.97,0.00,2.14,8.66,0.83,0.00,1.86,16.76,5.19,214.29,10.56,99.86,3.485
1788355586.469,249.000,159.4,10.00,3.49,21.30,7.71,1.24,9.18,2.50,0.00,0.96,0.00,2.06,13.38,0.83,0.00,1.76,22.23,5.26,212.32,10.56,99.86,5.448,10.00,5.78,21.34,10.48,2.33,43.66,3.89,90.35,0.97,0.00,2.08,20.40,0.83,0.00,1.78,14.73,5.23,212.03,10.56,99.86,0.241,10.00,1.36,21.30,8.82,1.52,259.31,2.78,80.00,0.97,0.00,2.07,18.33,0.83,0.00,1.77,25.51,5.27,212.10,10.56,99.86,2.694
1788355588.688,250.000,161.6,10.00,1.73,21.67,10.33,1.12,20.75,2.50,0.00,0.96,0.00,2.10,16.58,0.83,0.00,1.81,25.51,5.06,219.79,10.56,99.86,4.948,10.00,2.30,21.67,10.61,1.13,21.75,3.89,90.35,0.99,0.00,2.12,25.67,0.83,0.00,1.83,1.89,5.06,220.04,10.56,99.86,0.100,10.00,1.35,21.63,11.36,1.15,6.12,2.78,80.00,0.97,0.00,2.12,23.15,0.83,0.00,1.78,27.78,5.05,220.26,10.56,99.86,1.707
1788355590.790,251.000,163.7,10.06,2.83,21.72,10.22,1.15,47.26,2.50,0.00,0.98,0.00,2.14,14.70,0.83,0.00,1.83,15.08,5.33,208.42,10.56,99.86,4.409,10.02,1.20,21.59,13.84,1.15,35.23,2.78,80.00,0.97,0.00,2.13,25.83,0.83,0.00,1.82,4.99,5.33,208.48,10.56,99.86,0.071,10.04,3.44,21.72,11.42,1.18,29.35,2.50,0.00,0.97,0.00,2.11,25.04,0.83,0.00,1.83,19.14,5.33,207.36,10.56,99.86,0.929
1788355593.058,252.000,166.0,9.99,5.10,21.67,9.58,1.10,1.03,2.50,0.00,0.97,0.00,2.11,23.56,0.83,0.00,1.80,24.73,4.96,223.95,10.56,99.86,3.797,10.39,23.33,22.40,15.65,1.10,7.10,2.50,0.00,1.06,104.78,2.22,58.34,0.83,0.00,1.81,22.94,4.96,223.66,10.56,99.86,24.398,9.78,38.31,21.59,14.65,1.13,66.15,2.50,0.00,0.98,0.00,2.14,25.98,0.71,0.00,1.69,13.20,4.93,218.10,10.56,99.86,0.362
1788355595.235,253.000,168.1,10.04,3.89,22.13,11.59,1.12,19.99,2.50,0.00,0.98,0.00,2.12,22.80,0.83,0.00,1.88,14.24,5.11,218.34,10.56,99.86,3.104,10.01,5.92,22.68,14.22,1.67,227.84,3.13,97.98,0.94,0.00,2.28,53.99,0.83,0.00,1.89,8.64,5.10,216.85,10.56,99.86,23.938,9.99,4.98,21.94,15.51,0.56,0.00,1.87,188.56,0.99,0.00,2.19,16.34,0.84,0.00,1.78,28.16,5.07,215.94,10.56,99.86,0.121
1788355597.386,254.000,170.3,10.00,3.67,21.54,11.58,1.17,28.66,2.50,0.00,0.97,0.00,2.10,18.55,0.83,0.00,1.80,26.20,5.30,209.52,10.56,99.86,2.351,10.00,1.77,21.63,10.33,1.17,27.86,2.78,80.00,0.93,0.00,2.07,34.22,0.83,0.00,1.80,31.16,5.30,209.48,10.56,99.86,23.040,10.01,1.08,21.59,10.71,2.17,0.00,1.67,282.84,0.97,0.00,2.11,22.00,0.84,0.00,1.82,19.87,5.30,209.54,10.56,99.86,0.121
1788355599.630,255.000,172.5,10.07,4.32,22.04,10.20,1.09,45.02,2.50,0.00,0.97,0.00,2.13,20.86,0.83,0.00,1.80,26.20,5.08,219.60,10.56,99.86,1.168,10.00,6.35,21.89,10.03,1.09,47.56,2.50,0.00,0.93,0.00,2.06,27.48,0.83,0.00,1.87,13.20,5.10,218.95,10.56,99.86,22.333,10.00,4.19,21.89,10.92,2.25,33.49,5.00,0.00,0.98,0.00,2.14,22.80,0.83,0.00,1.84,24.94,5.09,219.40,10.56,99.86,0.050
1788355601.785,256.000,174.7,10.00,0.87,22.22,10.89,1.14,12.35,2.50,0.00,0.98,0.00,2.12,16.82,0.83,0.00,1.87,9.98,5.17,198.94,10.56,99.86,0.454,10.01,7.44,22.04,10.51,1.14,11.22,2.50,0.00,0.96,0.00,2.11,15.10,0.83,0.00,1.88,11.47,5.17,213.43,10.56,99.86,21.696,10.49,21.91,22.22,12.54,1.72,161.50,4.44,66.14,1.21,200.76,2.35,75.17,0.83,0.00,1.86,16.11,5.17,214.34,10.56,99.86,23.748
1788355604.088,257.000,177.0,10.00,3.00,22.18,11.20,1.17,0.00,2.50,0.00,0.97,0.00,2.16,25.69,0.72,0.00,1.77,19.14,4.83,234.13,10.56,99.86,0.121,10.03,2.15,22.18,11.07,1.08,72.70,2.50,0.00,0.96,0.00,2.07,13.56,0.83,0.00,1.81,16.76,4.84,234.17,10.56,99.86,21.010,10.00,0.87,22.68,13.64,2.13,78.75,3.33,152.75,0.96,0.00,2.38,75.95,0.71,0.00,1.77,12.36,4.83,233.72,10.56,99.86,23.706
1788355606.324,258.000,179.2,9.99,5.23,22.64,10.46,2.21,12.88,3.12,240.00,0.98,0.00,2.22,17.55,0.83,0.00,1.83,9.98,4.98,223.01,10.56,99.86,0.000,9.99,2.12,22.59,12.88,1.10,6.34,2.50,0.00,0.96,0.00,2.18,27.20,0.84,0.00,1.91,8.64,4.97,222.32,10.56,99.86,20.232,10.00,1.78,22.59,13.82,1.67,203.04,4.29,74.54,0.95,0.00,2.20,21.98,0.83,0.00,1.83,21.75,4.97,223.52,10.56,99.86,23.204
1788355608.455,259.000,181.4,10.00,2.04,21.67,9.89,2.37,10.58,5.00,0.00,0.97,0.00,2.14,18.55,0.83,0.00,1.82,14.73,5.33,207.94,10.56,99.86,0.050,10.03,1.77,21.85,12.75,1.18,4.77,2.50,0.00,0.96,0.00,2.10,19.80,0.83,0.00,1.85,15.43,5.32,208.24,10.56,99.86,19.727,10.00,1.11,21.85,12.24,1.18,7.05,2.78,80.00,0.95,0.00,2.08,20.40,0.83,0.00,1.81,22.94,5.32,207.97,10.56,99.86,22.459
1788355610.800,260.000,183.7,10.38,22.71,22.64,13.44,1.60,208.41,4.44,66.14,1.00,30.83,2.23,29.44,0.71,0.00,1.75,18.18,4.78,234.48,10.56,99.86,15.298,10.01,1.44,22.22,10.79,1.06,30.64,2.50,0.00,0.96,0.00,2.15,24.06,0.83,0.00,1.88,19.69,4.78,233.60,10.56,99.86,19.227,10.01,28.70,22.22,12.03,1.06,70.23,2.50,0.00,0.96,0.00,2.11,25.51,0.71,0.00,1.75,11.31,4.78,234.55,10.56,99.86,22.036
1788355613.030,261.000,185.9,10.02,2.75,23.37,13.83,2.33,8.12,3.89,90.35,0.97,0.00,2.24,24.74,0.83,0.00,1.82,34.92,5.04,221.50,10.56,99.86,15.102,10.02,2.36,22.82,10.99,1.10,28.56,2.50,0.00,0.96,0.00,2.19,16.34,0.83,0.00,1.86,11.47,5.03,221.13,10.56,99.86,18.632,10.00,1.09,22.77,12.03,1.12,27.55,2.50,0.00,0.95,0.00,2.18,13.42,0.83,0.00,1.82,22.86,5.03,221.32,10.56,99.86,21.494
1788355615.305,262.000,188.2,10.00,1.67,22.64,11.22,1.08,30.22,3.75,94.28,0.96,0.00,2.17,16.25,0.83,0.00,1.88,16.44,4.88,228.05,10.56,99.86,14.530,9.99,5.35,22.40,11.69,1.08,26.76,2.50,0.00,0.96,0.00,2.16,14.25,0.83,0.00,1.86,15.43,4.88,227.59,10.56,99.86,17.990,10.00,2.47,22.45,10.15,1.09,48.52,2.50,0.00,0.95,0.00,2.17,13.38,0.83,0.00,1.88,18.18,4.88,227.92,10.56,99.86,20.580
1788355617.586,263.000,190.5,10.03,3.90,22.73,10.63,1.09,28.97,2.78,80.00,0.96,0.00,2.20,9.17,0.84,0.00,1.90,11.47,4.90,227.25,10.56,99.86,13.970,10.00,3.19,22.68,12.09,1.09,31.32,2.50,0.00,0.97,0.00,2.20,8.25,0.83,0.00,1.92,7.54,4.90,226.89,10.56,99.86,17.390,10.02,1.85,22.68,11.39,1.09,2.41,2.50,0.00,0.96,0.00,2.17,11.31,0.83,0.00,1.93,10.50,4.90,226.30,10.56,99.86,19.944
1788355619.876,264.000,192.8,10.00,3.90,22.68,11.55,1.13,27.41,2.50,0.00,0.96,0.00,2.15,11.79,0.84,0.00,1.90,9.43,5.04,220.83,10.56,99.86,13.352,9.99,2.25,22.77,11.45,1.13,23.39,2.50,0.00,0.94,0.00,2.17,13.96,0.83,0.00,1.88,14.73,5.09,218.62,10.56,99.86,16.484,10.00,2.65,22.87,11.36,1.12,8.60,2.50,0.00,0.96,0.00,2.16,9.38,0.83,0.00,1.88,17.99,5.08,218.82,10.56,99.86,19.394
1788355622.248,265.000,195.1,10.01,2.76,23.23,12.06,1.06,30.74,2.50,0.00,0.96,0.00,2.28,15.59,0.72,0.00,1.78,28.16,4.88,227.86,10.56,99.86,12.428,10.00,5.28,23.37,11.88,1.05,33.46,2.50,0.00,0.96,0.00,2.17,15.59,0.83,0.00,1.82,34.31,4.87,227.22,10.56,99.86,15.881,10.00,1.00,23.37,11.09,1.08,1.81,2.50,0.00,0.96,0.00,2.22,22.87,0.71,0.00,1.76,26.40,4.88,227.42,10.56,99.86,18.921
1788355624.491,266.000,197.4,9.97,3.00,22.73,11.06,1.13,16.37,2.50,0.00,0.94,0.00,2.20,24.08,0.83,0.00,1.83,8.22,5.07,218.91,10.56,99.86,11.700,10.02,1.71,23.05,11.65,1.13,20.32,2.50,0.00,0.96,0.00,2.22,11.09,0.83,0.00,1.93,16.11,5.07,217.70,10.56,99.86,15.264,10.01,0.76,23.05,11.03,1.09,24.81,2.50,0.00,0.96,0.00,2.26,18.00,0.83,0.00,1.76,22.94,5.07,218.99,10.56,99.86,18.334
1788355626.825,267.000,199.7,10.01,2.06,22.91,12.19,1.06,27.01,2.50,0.00,0.95,0.00,2.17,20.07,0.71,0.00,1.79,25.92,4.80,231.36,10.56,99.86,11.043,10.00,3.53,22.82,11.06,1.06,16.15,2.78,80.00,0.96,0.00,2.24,12.12,0.83,0.00,1.90,13.20,4.79,231.51,10.56,99.86,14.608,10.00,1.09,22.73,10.63,1.06,11.38,2.50,0.00,0.96,0.00,2.21,6.93,0.72,0.00,1.81,22.86,4.79,227.60,10.56,99.86,17.495
1788355629.127,268.000,202.0,10.00,1.51,23.42,10.97,1.07,5.15,2.50,0.00,0.98,0.00,2.23,13.08,0.83,0.00,1.84,36.81,4.60,220.71,10.56,99.86,10.457,9.99,2.57,23.14,11.72,1.10,23.21,2.78,80.00,0.97,0.00,2.25,17.20,0.83,0.00,1.94,6.80,4.85,228.69,10.56,99.86,13.711,10.01,1.02,23.14,12.19,1.09,12.18,2.50,0.00,0.95,0.00,2.24,4.36,0.83,0.00,1.83,28.16,4.85,228.46,10.56,99.86,16.890
1788355631.457,269.000,204.4,10.00,2.14,23.19,9.69,1.11,9.55,2.50,0.00,0.96,0.00,2.21,11.79,0.83,0.00,1.89,6.53,4.87,228.75,10.56,99.86,9.800,10.01,1.10,23.28,11.02,1.08,20.35,2.50,0.00,0.96,0.00,2.23,16.09,0.83,0.00,1.92,6.53,4.87,228.14,10.56,99.86,13.108,9.99,2.76,23.33,12.47,1.08,19.98,2.50,0.00,0.96,0.00,2.22,8.66,0.83,0.00,1.93,1.89,4.87,227.57,10.56,99.86,16.223
1788355633.765,270.000,206.7,10.02,2.49,23.19,10.71,1.07,34.05,2.50,0.00,0.97,0.00,2.28,26.00,0.83,0.00,1.84,20.40,4.82,230.38,10.56,99.86,8.931,10.00,3.41,23.09,10.16,1.07,48.29,2.50,0.00,0.97,0.00,2.26,13.67,0.83,0.00,1.84,40.79,4.83,230.30,10.56,99.86,12.477,10.00,1.74,23.28,10.86,1.07,33.69,2.78,80.00,0.98,0.00,2.20,7.14,0.71,0.00,1.75,39.60,4.82,230.82,10.56,99.86,15.570
1788355636.051,271.000,209.0,10.00,3.03,23.01,11.82,1.08,2.85,2.50,0.00,0.98,0.00,2.22,29.44,0.83,0.00,1.89,8.64,4.94,223.63,10.56,99.86,8.365,10.00,1.75,23.05,10.12,1.11,5.98,2.50,0.00,0.96,0.00,2.26,14.56,0.83,0.00,1.93,11.47,4.94,222.80,10.56,99.86,11.877,10.01,1.11,23.01,9.82,1.09,1.67,2.78,80.00,0.96,0.00,2.20,12.81,0.83,0.00,1.82,36.71,4.94,223.34,10.56,99.86,14.647
1788355638.394,272.000,211.3,10.03,1.17,22.96,11.78,1.07,42.26,2.50,0.00,0.97,0.00,2.24,21.79,0.83,0.00,1.82,10.50,4.76,233.61,10.56,99.86,7.796,10.00,4.39,23.09,10.53,1.04,23.56,2.50,0.00,0.96,0.00,2.23,8.49,0.71,0.00,1.84,29.03,4.76,233.54,10.56,99.86,11.377,9.99,1.41,23.14,10.70,1.06,45.65,2.50,0.00,0.97,0.00,2.25,19.47,0.71,0.00,1.84,27.90,4.76,231.31,10.56,99.86,14.151
1788355640.700,273.000,213.6,10.00,2.72,23.23,11.23,1.08,9.86,2.50,0.00,0.98,0.00,2.26,9.95,0.83,0.00,1.90,12.36,4.91,226.50,10.56,99.86,7.199,10.00,1.36,23.19,10.90,1.09,13.88,2.50,0.00,0.94,0.00,2.22,7.21,0.83,0.00,1.84,28.28,4.92,226.16,10.56,99.86,10.374,10.00,1.08,23.19,10.45,1.08,10.94,2.50,0.00,0.98,0.00,2.27,15.84,0.83,0.00,1.84,25.51,4.94,225.47,10.56,99.86,13.451
1788355643.065,274.000,216.0,10.00,1.51,23.23,10.19,1.04,73.78,2.50,0.00,0.97,0.00,2.30,26.13,0.83,0.00,1.93,1.89,4.67,237.37,10.56,99.86,6.473,10.01,3.32,23.33,12.08,1.09,33.14,2.50,0.00,0.96,0.00,2.24,25.69,0.83,0.00,1.90,11.47,4.66,236.77,10.56,99.86,9.774,10.00,3.12,23.42,11.04,1.04,67.72,2.50,0.00,0.97,0.00,2.26,10.72,0.83,0.00,1.90,3.77,4.69,237.35,10.56,99.86,12.794
1788355645.392,275.000,218.3,10.00,6.35,23.19,10.31,1.10,44.81,2.50,0.00,0.97,0.00,2.29,29.26,0.83,0.00,1.86,32.22,4.84,229.20,10.56,99.86,5.942,10.01,2.24,23.42,12.15,1.08,44.92,2.50,0.00,0.99,0.00,2.26,31.80,0.83,0.00,1.86,38.69,4.84,228.89,10.56,99.86,9.186,10.00,1.17,23.52,11.57,1.09,39.84,2.50,0.00,0.97,0.00,2.28,9.17,0.83,0.00,1.86,28.53,4.83,225.06,10.56,99.86,11.950
1788355647.723,276.000,220.6,10.04,2.48,23.37,11.70,1.10,1.94,2.50,0.00,0.96,0.00,2.22,21.24,0.83,0.00,1.92,17.28,4.94,224.58,10.56,99.86,5.356,10.01,0.92,23.14,11.61,1.09,56.43,2.50,0.00,0.97,0.00,2.25,20.59,0.83,0.00,1.85,41.61,4.94,224.39,10.56,99.86,8.586,10.00,0.89,23.14,10.67,1.46,229.04,2.78,80.00,0.97,0.00,2.22,9.17,0.83,0.00,1.91,13.06,4.94,224.54,10.56,99.86,11.351
1788355650.133,277.000,223.0,10.00,2.65,23.88,12.54,1.04,67.19,2.50,0.00,0.98,0.00,2.26,32.31,0.83,0.00,1.82,3.27,4.70,237.22,10.56,99.86,4.487,9.99,4.61,23.59,11.78,1.41,272.73,2.78,80.00,0.97,0.00,2.28,19.87,0.71,0.00,1.79,30.35,4.70,236.87,10.56,99.86,7.574,10.00,1.52,23.55,11.86,2.10,36.95,3.89,90.35,0.96,0.00,2.28,25.38,0.83,0.00,1.87,18.18,4.70,236.76,10.56,99.86,10.701
1788355652.447,278.000,225.3,10.00,1.69,23.64,11.98,1.09,14.67,2.50,0.00,0.98,0.00,2.27,24.66,0.84,0.00,1.85,12.36,4.81,231.62,10.56,99.86,3.995,10.00,10.25,23.83,11.43,1.09,16.79,2.78,80.00,0.97,0.00,2.31,15.75,0.71,0.00,1.72,4.99,4.81,230.06,10.56,99.86,6.886,10.01,2.41,23.83,12.59,1.10,2.67,3.89,90.35,0.97,0.00,2.38,20.27,0.83,0.00,1.86,21.25,4.81,230.79,10.56,99.86,10.103
1788355654.834,279.000,227.7,10.00,1.61,23.52,11.51,1.04,10.55,2.50,0.00,0.97,0.00,2.33,17.29,0.84,0.00,1.94,6.53,4.65,239.18,10.56,99.86,3.468,10.00,6.55,23.55,12.09,1.03,3.47,2.50,0.00,0.97,0.00,2.31,21.35,0.71,0.00,1.78,21.25,4.65,237.58,10.56,99.86,6.373,10.00,2.68,23.55,11.60,1.03,4.64,2.78,80.00,0.97,0.00,2.27,22.69,0.71,0.00,1.80,11.31,4.65,238.52,10.56,99.86,9.195
1788355657.246,280.000,230.1,9.98,4.40,24.18,11.11,1.01,20.14,2.50,0.00,0.98,0.00,2.31,17.66,0.83,0.00,1.90,21.00,4.58,242.42,10.56,99.86,2.810,10.00,3.03,24.08,11.80,1.02,0.00,2.50,0.00,0.96,0.00,2.35,26.00,0.71,0.00,1.80,13.20,4.57,242.21,10.56,99.86,5.476,10.00,0.72,24.03,10.36,1.01,22.01,2.50,0.00,0.97,0.00,2.35,20.10,0.71,0.00,1.82,13.60,4.57,242.14,10.56,99.86,8.684
1788355659.630,281.000,232.5,10.00,1.81,24.03,11.75,1.09,25.18,2.50,0.00,0.97,0.00,2.32,19.26,0.83,0.00,1.87,16.44,4.75,234.48,10.56,99.86,1.803,10.04,2.32,23.79,10.72,1.11,36.44,2.50,0.00,0.97,0.00,2.32,20.27,0.71,0.00,1.80,31.72,4.75,234.00,10.56,99.86,4.876,10.01,3.07,23.74,9.90,1.09,25.35,2.50,0.00,0.97,0.00,2.30,16.12,0.83,0.00,1.87,17.99,4.75,234.25,10.56,99.86,8.238
1788355662.021,282.000,234.9,10.01,6.51,23.93,11.40,1.03,44.29,2.50,0.00,0.97,0.00,2.32,19.26,0.83,0.00,1.86,12.36,4.62,240.31,10.56,99.86,1.096,10.00,1.20,23.79,11.31,1.03,41.56,2.50,0.00,0.98,0.00,2.29,13.67,0.71,0.00,1.76,38.96,4.63,240.59,10.56,99.86,4.226,10.00,1.04,23.74,11.46,1.03,38.73,2.50,0.00,0.97,0.00,2.33,25.36,0.71,0.00,1.81,31.16,4.63,241.75,10.56,99.86,7.517
1788355664.359,283.000,237.3,10.02,5.10,23.69,10.17,1.08,11.56,2.50,0.00,0.97,0.00,2.33,10.34,0.84,0.00,1.86,19.14,4.80,231.43,10.56,99.86,0.554,10.01,1.64,23.79,10.91,1.08,9.53,2.50,0.00,0.97,0.00,2.29,13.56,0.83,0.00,1.80,35.98,4.80,231.65,10.56,99.86,3.326,10.00,1.38,23.74,11.72,1.08,9.76,2.50,0.00,0.98,0.00,2.29,21.61,0.83,0.00,1.90,21.75,4.80,230.62,10.56,99.86,6.846
1788355666.822,284.000,239.7,10.02,12.65,23.88,10.69,1.08,0.00,2.22,86.60,0.97,0.00,2.31,14.14,0.84,0.00,1.88,25.92,4.64,238.46,10.56,99.86,0.200,10.01,2.34,23.74,10.00,1.57,220.58,3.12,97.98,0.98,0.00,2.31,19.87,0.71,0.00,1.87,27.39,4.66,238.39,10.56,99.86,2.686,10.00,1.11,23.74,10.27,1.04,6.27,2.50,0.00,0.97,0.00,2.31,11.45,0.71,0.00,1.78,35.23,4.66,238.47,10.56,99.86,6.276
1788355669.212,285.000,242.1,10.02,2.13,24.24,11.75,0.50,0.00,1.67,163.30,0.99,0.00,2.42,6.00,0.83,0.00,1.90,21.00,4.72,235.36,10.56,99.86,0.191,10.00,8.02,24.14,9.98,1.02,32.11,3.12,97.98,0.97,0.00,2.42,15.10,0.83,0.00,1.82,19.69,4.73,235.26,10.56,99.86,2.027,10.00,0.93,24.19,9.64,1.02,29.43,2.50,0.00,0.97,0.00,2.34,15.07,0.71,0.00,1.73,11.47,4.71,234.74,10.56,99.86,5.506
1788355671.663,286.000,244.6,10.00,3.95,24.19,11.35,1.51,241.17,2.86,165.83,0.98,0.00,2.36,19.39,0.71,0.00,1.89,16.97,4.54,245.33,10.56,99.86,0.191,10.00,1.55,24.44,11.14,1.01,0.00,2.50,0.00,0.98,0.00,2.35,11.09,0.71,0.00,1.88,20.40,4.54,245.46,10.56,99.86,1.118,10.00,1.12,24.39,11.09,1.01,6.63,2.50,0.00,0.99,0.00,2.35,16.82,0.72,0.00,1.85,25.92,4.53,244.92,10.56,99.86,4.956
1788355674.110,287.000,247.0,9.89,6.47,24.19,10.59,1.53,243.53,3.75,94.28,0.97,0.00,2.37,16.12,0.71,0.00,1.76,13.20,4.61,241.30,10.56,99.86,0.141,9.96,4.61,24.24,10.33,1.03,23.35,2.50,0.00,0.97,0.00,2.38,4.90,0.71,0.00,1.75,17.99,4.60,240.50,10.56,99.86,0.524,10.00,1.25,24.34,10.45,1.02,18.53,2.50,0.00,0.98,0.00,2.38,18.55,0.71,0.00,1.74,18.18,4.62,241.69,10.56,99.86,4.193
1788355676.553,288.000,249.5,10.00,8.29,24.54,11.71,0.64,0.00,2.78,149.67,0.99,0.00,2.37,16.12,0.72,0.00,1.74,8.64,4.64,221.31,10.56,99.86,0.050,9.99,5.22,24.19,9.94,0.68,0.00,2.22,86.60,0.98,0.00,2.38,13.38,0.70,0.00,1.73,16.76,4.64,237.13,10.56,99.86,0.050,10.01,0.76,24.24,9.60,1.35,190.03,2.78,80.00,0.98,0.00,2.38,10.72,0.71,0.00,1.75,5.66,4.64,222.22,10.56,99.86,3.593
1788355679.030,289.000,251.9,10.01,3.96,24.90,11.40,2.01,22.03,3.33,152.75,0.97,0.00,2.43,5.66,0.71,0.00,1.76,19.87,4.68,245.97,10.56,99.86,0.000,10.01,8.73,24.70,11.50,2.02,26.02,2.78,195.96,0.98,0.00,2.42,13.96,0.71,0.00,1.76,12.36,4.68,245.43,10.56,99.86,0.000,9.99,1.67,24.60,11.15,1.51,246.05,3.33,100.00,0.98,0.00,2.40,8.49,0.71,0.00,1.77,5.66,4.68,245.86,10.56,99.86,2.993
1788355681.432,290.000,254.3,10.01,2.97,24.55,11.79,1.39,236.28,3.89,90.35,1.27,250.53,2.66,74.28,0.84,0.00,1.80,29.03,4.68,237.33,10.56,99.86,24.398,10.06,9.65,24.19,11.81,2.07,25.12,5.00,0.00,0.98,0.00,2.40,9.54,0.71,0.00,1.75,9.98,4.68,236.51,10.56,99.86,0.050,10.02,1.95,24.19,10.87,2.10,25.91,4.37,69.99,0.98,0.00,2.38,12.00,0.71,0.00,1.74,14.73,4.67,237.39,10.56,99.86,1.843
1788355683.950,291.000,256.8,10.00,6.00,24.70,12.69,1.29,247.81,3.33,100.00,0.97,0.00,2.62,77.71,0.72,0.00,1.83,32.71,4.50,245.44,10.56,99.86,23.655,10.12,29.31,24.60,14.44,1.33,263.45,4.44,66.14,1.33,277.20,2.71,103.40,0.72,0.00,1.76,14.73,4.00,247.39,10.56,99.86,23.727,10.00,2.47,24.29,11.13,1.01,0.00,3.33,100.00,0.97,0.00,2.40,31.03,0.72,0.00,1.76,16.11,4.50,246.15,10.56,99.86,1.169
1788355686.378,292.000,259.3,10.00,3.65,24.90,11.82,1.02,7.94,2.78,80.00,0.95,0.00,2.36,15.07,0.71,0.00,1.78,24.51,4.60,242.10,10.56,99.86,22.969,10.00,9.42,24.70,13.71,2.05,13.69,3.33,152.75,0.96,0.00,2.69,105.38,0.71,0.00,1.76,14.73,4.60,241.77,10.56,99.86,23.625,10.00,5.43,24.65,11.08,1.01,9.38,2.50,0.00,0.97,0.00,2.40,30.59,0.71,0.00,1.76,8.22,4.60,241.58,10.56,99.86,0.595
1788355688.904,293.000,261.8,10.06,3.16,24.70,10.62,0.97,0.00,2.50,0.00,0.96,0.00,2.35,7.14,0.71,0.00,1.78,22.94,4.50,255.10,10.56,99.86,22.071,10.01,1.98,24.65,10.09,0.94,0.00,3.89,90.35,0.96,0.00,2.40,21.42,0.72,0.00,1.76,11.47,4.46,253.57,10.56,99.86,23.106,10.00,1.15,24.70,11.64,0.64,0.00,1.87,94.28,0.97,0.00,2.43,12.12,0.72,0.00,1.74,3.77,4.50,254.58,10.56,99.86,0.221
1788355691.347,294.000,264.2,10.01,9.54,24.80,10.69,1.01,24.47,2.50,0.00,0.93,0.00,2.37,6.00,0.71,0.00,1.81,11.78,4.57,244.03,10.56,99.86,21.485,10.01,3.26,24.75,9.97,1.03,7.20,2.78,80.00,0.93,0.00,2.42,16.12,0.72,0.00,1.80,5.66,4.57,244.07,10.56,99.86,22.530,10.00,1.80,24.90,11.37,0.70,0.00,1.67,0.00,0.97,0.00,2.43,14.97,0.71,0.00,1.78,24.73,4.57,243.20,10.56,99.86,0.171
1788355693.890,295.000,266.8,9.98,5.67,24.95,11.07,1.02,15.60,2.50,0.00,0.97,0.00,2.35,17.29,0.71,0.00,1.76,21.00,4.51,254.81,10.56,99.86,20.989,10.01,1.36,24.70,9.65,0.96,0.00,2.50,0.00,0.96,0.00,2.35,19.26,0.71,0.00,1.79,20.40,4.51,254.11,10.56,99.86,21.830,10.00,3.39,24.90,10.87,0.99,0.00,1.67,163.30,0.97,0.00,2.39,18.00,0.71,0.00,1.76,24.51,4.51,254.23,10.56,99.86,0.191
1788355696.345,296.000,269.2,10.00,4.10,24.80,11.31,1.02,7.79,2.50,0.00,0.96,0.00,2.43,14.14,0.72,0.00,1.80,11.31,4.56,244.63,10.56,99.86,20.197,10.00,1.39,25.05,10.13,1.01,2.89,2.50,0.00,0.96,0.00,2.43,13.27,0.71,0.00,1.80,11.47,4.55,244.13,10.56,99.86,21.294,9.99,2.47,24.95,11.95,1.02,14.38,2.50,0.00,0.98,0.00,2.48,4.90,0.71,0.00,1.80,17.28,4.55,243.53,10.56,99.86,0.121
1788355698.902,297.000,271.8,10.00,2.61,25.21,11.05,1.01,10.10,2.50,0.00,0.97,0.00,2.38,12.65,0.71,0.00,1.79,9.98,4.63,248.14,10.56,99.86,19.677,10.00,5.01,24.80,10.78,1.00,0.00,2.50,0.00,0.96,0.00,2.42,13.11,0.70,0.00,1.77,6.80,4.63,247.75,10.56,99.86,20.430,10.00,1.37,25.05,11.33,1.99,4.78,3.89,90.35,0.98,0.00,2.44,11.45,0.71,0.00,1.79,6.80,4.63,247.62,10.56,99.86,0.100
1788355701.362,298.000,274.3,10.00,1.65,25.25,10.89,1.02,1.38,2.50,0.00,0.97,0.00,2.38,29.17,0.72,0.00,1.81,19.69,4.60,242.02,10.56,99.86,18.877,9.98,1.78,25.10,11.11,1.00,0.00,2.50,0.00,0.96,0.00,2.41,13.38,0.72,0.00,1.81,18.57,4.60,241.41,10.56,99.86,19.846,10.24,25.55,25.20,12.85,1.00,0.00,3.89,90.35,1.23,223.44,2.67,88.81,0.71,0.00,1.81,4.99,4.60,223.42,10.56,99.86,23.899
1788355703.874,299.000,276.8,10.03,8.20,24.85,10.33,1.00,3.61,2.50,0.00,0.98,0.00,2.35,18.41,0.71,0.00,1.76,10.50,4.50,247.32,10.56,99.86,18.384,10.07,4.18,24.65,10.54,0.98,0.00,2.50,0.00,0.94,0.00,2.40,5.92,0.72,0.00,1.77,16.76,4.50,247.36,10.56,99.86,19.346,10.00,0.79,24.80,12.85,2.00,14.83,3.75,94.28,0.96,0.00,2.66,88.62,0.72,0.00,1.76,13.20,4.01,247.91,10.56,99.86,23.715
1788355706.417,300.000,279.3,10.03,2.65,25.20,10.67,1.00,0.00,2.50,0.00,0.96,0.00,2.48,8.94,0.71,0.00,1.82,14.73,4.67,245.55,10.56,99.86,17.840,10.01,1.07,25.20,9.43,1.00,0.00,2.50,0.00,0.94,0.00,2.43,12.96,0.72,0.00,1.82,11.47,4.66,245.68,10.56,99.86,18.549,10.00,0.92,25.41,11.44,1.00,0.00,3.75,94.28,0.96,0.00,2.44,10.77,0.71,0.00,1.84,16.33,4.66,245.28,10.56,99.86,23.131
1788355708.938,301.000,281.8,10.00,2.93,25.20,11.28,1.04,7.33,2.50,0.00,0.95,0.00,2.36,10.34,0.71,0.00,1.76,4.99,4.56,243.36,10.56,99.86,17.005,9.99,0.96,25.35,9.12,1.01,1.52,2.50,0.00,0.96,0.00,2.41,14.25,0.71,0.00,1.78,4.99,4.56,244.03,10.56,99.86,17.997,9.99,1.08,25.20,12.23,1.01,1.66,2.50,0.00,0.94,0.00,2.38,5.20,0.71,0.00,1.77,14.24,4.56,243.70,10.56,99.86,22.304
1788355711.504,302.000,284.4,10.00,2.42,25.35,11.73,1.04,0.00,2.50,0.00,0.97,0.00,2.42,16.58,0.71,0.00,1.82,24.07,4.55,254.45,10.56,99.86,16.390,9.99,2.45,25.20,10.18,0.96,0.00,2.50,0.00,0.96,0.00,2.48,10.95,0.71,0.00,1.82,16.76,4.55,253.65,10.56,99.86,17.239,10.00,0.95,25.51,11.59,0.95,0.00,2.50,0.00,0.96,0.00,2.44,9.17,0.71,0.00,1.81,22.86,4.55,251.73,10.56,99.86,21.916
1788355713.960,303.000,286.9,10.00,1.29,25.05,11.13,1.37,247.12,2.78,80.00,0.97,0.00,2.42,15.10,0.71,0.00,1.80,27.39,4.63,240.19,10.56,99.86,15.484,10.00,4.34,25.15,11.21,2.07,4.97,3.33,100.00,0.97,0.00,2.43,14.97,0.71,0.00,1.80,21.42,4.63,240.31,10.56,99.86,16.543,10.00,2.96,25.05,10.81,1.04,0.92,2.50,0.00,0.96,0.00,2.40,10.20,0.71,0.00,1.83,18.57,4.63,239.93,10.56,99.86,21.145
1788355716.606,304.000,289.5,9.99,5.99,25.56,11.49,1.23,298.45,3.33,100.00,0.97,0.00,2.51,27.48,0.71,0.00,1.84,24.94,4.36,264.69,10.56,99.86,14.931,10.00,0.87,25.20,10.52,1.22,289.81,3.75,94.28,0.97,0.00,2.48,30.33,0.71,0.00,1.84,29.39,4.36,264.60,10.56,99.86,15.675,10.00,0.96,25.55,11.27,0.90,0.00,2.50,0.00,0.96,0.00,2.48,23.66,0.63,0.00,1.76,11.47,4.36,263.97,10.56,99.86,20.595
1788355719.075,305.000,292.0,10.00,2.49,25.86,12.16,1.01,20.39,2.78,80.00,0.97,0.00,2.42,28.07,0.71,0.00,1.83,22.94,4.56,244.51,10.56,99.86,14.161,9.99,2.40,25.55,11.07,1.01,17.82,2.78,80.00,0.97,0.00,2.50,31.62,0.71,0.00,1.85,22.86,4.56,244.51,10.56,99.86,15.113,10.00,1.08,25.25,10.95,1.01,19.49,2.50,0.00,0.96,0.00,2.50,25.92,0.71,0.00,1.76,13.06,4.56,243.70,10.56,99.86,19.998
1788355721.735,306.000,294.6,10.00,5.84,25.35,11.65,0.93,0.00,2.50,0.00,0.97,0.00,2.46,32.30,0.71,0.00,1.83,21.25,4.26,269.84,10.56,99.86,13.627,9.98,4.64,25.91,12.32,0.92,0.00,2.50,0.00,0.98,0.00,2.51,27.87,0.71,0.00,1.83,11.47,4.26,269.66,10.56,99.86,14.301,10.00,0.66,25.65,11.34,0.92,0.00,2.50,0.00,0.95,0.00,2.42,28.35,0.71,0.00,1.82,26.40,4.26,268.42,10.56,99.86,19.145
1788355724.234,307.000,297.1,10.01,5.19,25.71,11.75,1.01,0.00,2.50,0.00,0.97,0.00,2.46,26.00,0.71,0.00,1.87,11.31,4.67,246.33,10.56,99.86,12.674,10.00,0.95,25.91,11.69,1.02,0.00,2.50,0.00,0.96,0.00,2.56,23.22,0.72,0.00,1.86,6.80,4.67,245.75,10.56,99.86,13.701,10.00,1.06,25.71,10.75,1.01,0.00,2.50,0.00,0.98,0.00,2.51,14.56,0.71,0.00,1.81,17.28,4.67,245.02,10.56,99.86,18.545
1788355726.873,308.000,299.8,9.99,5.11,25.71,11.96,0.92,0.00,2.50,0.00,0.97,0.00,2.49,20.69,0.71,0.00,1.80,12.36,4.30,266.37,10.56,99.86,12.136,9.99,4.95,25.71,11.15,0.92,0.00,2.50,0.00,0.97,0.00,2.45,29.80,0.71,0.00,1.80,18.57,4.31,265.68,10.56,99.86,12.894,10.00,1.04,25.55,10.40,0.93,0.00,2.50,0.00,0.96,0.00,2.48,23.15,0.71,0.00,1.81,17.28,4.31,265.83,10.56,99.86,17.743
1788355729.392,309.000,302.3,10.04,1.95,25.71,11.32,0.97,0.00,2.50,0.00,0.97,0.00,2.52,14.18,0.71,0.00,1.87,9.80,4.45,257.57,10.56,99.86,11.286,10.00,0.69,25.71,11.70,1.30,258.45,2.78,80.00,0.97,0.00,2.53,18.97,0.71,0.00,1.87,11.47,4.43,255.36,10.56,99.86,12.300,10.01,1.04,25.76,10.61,0.98,0.00,2.50,0.00,0.96,0.00,2.51,21.42,0.71,0.00,1.85,6.80,4.43,256.64,10.56,99.86,17.187
1788355731.976,310.000,304.9,10.08,6.36,25.71,10.39,1.02,53.08,2.50,0.00,0.97,0.00,2.49,20.69,0.72,0.00,1.84,34.10,4.33,265.68,10.56,99.86,10.686,10.00,0.82,25.51,11.76,0.89,0.00,2.78,80.00,0.97,0.00,2.48,14.25,0.71,0.00,1.84,33.94,4.33,265.38,10.56,99.86,11.450,10.00,1.45,25.25,10.59,1.02,50.52,2.50,0.00,0.93,0.00,2.50,30.07,0.71,0.00,1.81,8.64,4.32,265.64,10.56,99.86,16.387
1788355734.564,311.000,307.5,10.00,1.53,25.91,11.06,0.97,0.00,2.50,0.00,0.96,0.00,2.53,16.82,0.71,0.00,1.89,9.43,4.52,253.94,10.56,99.86,9.836,10.00,3.14,25.71,10.12,0.96,0.00,2.50,0.00,0.97,0.00,2.53,15.88,0.71,0.00,1.89,6.80,4.52,253.87,10.56,99.86,10.861,10.00,1.14,25.71,11.72,1.27,261.24,2.78,80.00,0.97,0.00,2.49,30.38,0.71,0.00,1.88,17.99,4.52,253.95,10.56,99.86,15.784
1788355737.161,312.000,310.1,10.00,8.05,26.02,11.48,1.00,0.00,2.50,0.00,0.97,0.00,2.44,12.17,0.71,0.00,1.83,38.13,4.51,255.41,10.56,99.86,9.236,10.00,5.72,25.76,10.96,0.94,0.00,2.50,0.00,0.96,0.00,2.54,24.61,0.71,0.00,1.83,34.92,4.51,255.27,10.56,99.86,9.959,10.00,1.34,25.71,12.60,1.37,265.43,3.12,97.98,0.96,0.00,2.45,13.27,0.71,0.00,1.82,19.69,4.51,255.32,10.56,99.86,14.884
1788355739.796,313.000,312.7,10.00,6.05,26.16,10.33,0.92,0.00,2.50,0.00,0.97,0.00,2.53,16.08,0.71,0.00,1.92,19.14,4.29,268.48,10.56,99.86,8.386,10.00,1.88,26.05,12.46,0.94,0.00,2.50,0.00,0.97,0.00,2.51,23.24,0.71,0.00,1.91,17.28,4.28,267.53,10.56,99.86,9.376,10.01,1.50,26.26,12.17,0.92,0.00,2.78,80.00,0.94,0.00,2.52,23.95,0.71,0.00,1.90,6.80,4.30,266.89,10.56,99.86,14.332
1788355742.359,314.000,315.3,9.99,3.78,25.81,11.10,1.02,7.42,2.50,0.00,0.99,0.00,2.55,11.14,0.72,0.00,1.86,17.99,4.51,244.12,10.56,99.86,7.786,10.00,2.87,26.07,11.43,1.01,26.17,2.50,0.00,0.97,0.00,2.51,2.99,0.71,0.00,1.86,16.11,4.53,244.50,10.56,99.86,8.627,10.00,1.35,25.81,10.88,1.02,7.70,2.50,0.00,0.96,0.00,2.43,21.42,0.71,0.00,1.84,27.19,4.53,244.29,10.56,99.86,13.521
1788355744.990,315.000,317.9,10.01,1.38,26.02,11.88,0.99,0.00,2.50,0.00,0.97,0.00,2.56,14.84,0.71,0.00,1.87,21.75,4.47,258.32,10.56,99.86,7.036,10.00,1.82,25.76,10.18,0.92,0.00,2.50,0.00,0.96,0.00,2.55,9.93,0.63,0.00,1.79,12.36,4.47,258.40,10.56,99.86,8.123,10.01,1.28,25.86,10.76,1.00,0.00,2.50,0.00,0.97,0.00,2.49,28.62,0.71,0.00,1.87,33.36,4.47,258.38,10.56,99.86,12.971
1788355747.536,316.000,320.4,10.01,7.64,25.71,11.64,0.98,0.00,2.50,0.00,0.97,0.00,2.54,18.35,0.71,0.00,1.86,24.07,4.65,223.64,10.56,99.86,6.473,10.00,3.37,25.71,10.75,0.98,0.00,2.50,0.00,0.97,0.00,2.46,14.56,0.71,0.00,1.76,6.80,4.64,246.59,10.56,99.86,7.344,10.01,0.96,25.76,9.93,0.98,0.00,2.50,0.00,0.97,0.00,2.47,20.27,0.71,0.00,1.86,23.63,4.64,223.83,10.56,99.86,12.167
1788355750.226,317.000,323.1,9.99,6.49,26.05,11.56,1.24,275.86,2.78,80.00,0.97,0.00,2.52,13.95,0.63,0.00,1.78,17.99,4.26,269.94,10.56,99.86,5.626,10.02,1.32,26.16,9.97,0.92,0.00,2.50,0.00,0.97,0.00,2.54,24.61,0.71,0.00,1.88,23.63,4.26,267.64,10.56,99.86,6.796,10.00,2.36,26.16,10.97,0.91,0.00,2.50,0.00,0.97,0.00,2.54,22.43,0.71,0.00,1.86,18.57,4.26,267.74,10.56,99.86,11.344
1788355752.809,318.000,325.7,10.00,6.00,26.21,10.88,0.97,0.00,2.78,80.00,0.97,0.00,2.55,19.27,0.71,0.00,1.78,29.27,4.74,220.52,10.56,99.86,4.988,10.00,1.89,26.21,8.28,0.97,0.00,2.50,0.00,0.97,0.00,2.56,20.65,0.71,0.00,1.87,24.07,4.74,220.29,10.56,99.86,5.976,9.99,1.15,26.21,11.57,1.06,0.00,2.50,0.00,0.95,0.00,2.58,13.24,0.72,0.00,1.88,18.18,4.74,219.52,10.56,99.86,10.808
1788355755.526,319.000,328.4,9.99,2.94,26.26,10.06,0.93,0.00,2.50,0.00,0.97,0.00,2.57,19.86,0.62,0.00,1.79,31.16,4.23,272.19,10.56,99.86,4.235,10.00,2.90,26.61,9.14,0.92,0.00,2.50,0.00,0.97,0.00,2.53,6.93,0.71,0.00,1.88,24.73,4.21,273.68,10.56,99.86,5.376,10.00,1.70,26.69,11.45,0.90,0.00,2.50,0.00,0.97,0.00,2.55,16.28,0.62,0.00,1.81,9.98,4.19,274.44,10.56,99.86,9.999
1788355758.115,320.000,331.0,10.02,0.98,26.42,10.57,1.00,0.00,2.50,0.00,0.97,0.00,2.60,3.58,0.71,0.00,1.85,31.16,4.48,255.75,10.56,99.86,3.735,10.00,1.45,26.61,9.75,0.99,0.00,2.50,0.00,0.97,0.00,2.57,14.22,0.72,0.00,1.88,14.24,4.48,255.36,10.56,99.86,4.606,10.00,0.74,26.77,11.83,0.95,0.00,2.50,0.00,0.95,0.00,2.54,16.70,0.71,0.00,1.81,8.64,4.48,255.16,10.56,99.86,9.488
1788355760.788,321.000,333.7,10.00,1.19,26.16,10.74,1.25,273.03,2.78,80.00,0.96,0.00,2.56,6.50,0.71,0.00,1.86,13.20,4.38,263.03,10.56,99.86,2.985,10.00,1.70,26.21,9.75,0.93,0.00,2.50,0.00,0.97,0.00,2.57,14.62,0.71,0.00,1.87,10.50,4.38,262.14,10.56,99.86,3.873,9.99,1.50,26.10,12.11,0.91,0.00,2.50,0.00,0.97,0.00,2.51,1.73,0.71,0.00,1.84,3.27,4.38,261.23,10.56,99.86,8.767
1788355763.454,322.000,336.4,9.98,4.17,26.26,9.23,1.92,33.77,3.89,90.35,0.98,0.00,2.58,12.13,0.71,0.00,1.82,27.78,4.34,265.70,10.56,99.86,1.990,9.98,1.66,26.66,9.96,0.91,0.00,2.50,0.00,0.97,0.00,2.59,14.66,0.72,0.00,1.84,28.47,4.33,264.94,10.56,99.86,3.373,10.03,1.62,26.71,12.89,0.92,0.00,2.50,0.00,0.97,0.00,2.57,16.89,0.71,0.00,1.82,14.24,4.34,264.25,10.56,99.86,8.361
1788355766.175,323.000,339.1,10.01,9.13,27.16,10.14,0.88,0.00,3.33,100.00,0.97,0.00,2.62,13.76,0.71,0.00,1.92,4.99,4.26,271.29,10.56,99.86,1.424,9.98,3.55,26.77,10.45,1.82,39.77,3.89,90.35,0.97,0.00,2.62,19.03,0.71,0.00,1.88,6.80,4.25,271.05,10.56,99.86,2.435,10.00,2.22,26.71,11.63,0.88,0.00,2.50,0.00,0.97,0.00,2.63,17.34,0.72,0.00,1.88,13.60,4.25,270.77,10.56,99.86,7.622
1788355768.904,324.000,341.8,9.99,3.42,27.16,11.27,0.97,0.00,2.50,0.00,0.97,0.00,2.68,13.00,0.72,0.00,1.85,20.40,4.34,265.93,10.56,99.86,0.545,10.07,5.28,27.05,10.55,1.23,285.33,4.44,66.14,0.97,0.00,2.62,18.17,0.71,0.00,1.85,22.86,4.33,265.15,10.56,99.86,1.778,10.00,1.71,26.71,10.22,0.97,0.00,2.50,0.00,0.98,0.00,2.63,19.27,0.71,0.00,1.84,9.80,4.33,265.42,10.56,99.86,6.822
1788355771.546,325.000,344.4,9.91,4.42,26.71,10.66,1.01,0.00,2.50,0.00,0.97,0.00,2.63,16.67,0.71,0.00,1.89,8.64,4.35,263.98,10.56,99.86,0.121,9.99,6.55,26.88,10.84,0.96,0.00,3.33,100.00,0.97,0.00,2.63,18.14,0.72,0.00,1.93,15.43,4.34,264.66,10.56,99.86,0.886,10.01,1.61,26.71,10.83,0.91,0.00,2.50,0.00,0.97,0.00,2.59,17.82,0.71,0.00,1.89,5.66,4.34,263.76,10.56,99.86,6.276
1788355774.256,326.000,347.2,10.02,6.31,26.71,11.26,1.79,53.85,2.22,327.87,0.97,0.00,2.57,11.70,0.63,0.00,1.82,33.99,4.28,267.03,10.56,99.86,0.000,9.96,9.52,26.55,11.90,0.93,0.00,2.50,0.00,0.97,0.00,2.63,16.67,0.64,0.00,1.87,22.23,4.28,267.27,10.56,99.86,0.262,10.00,1.16,26.71,10.28,0.97,0.00,2.50,0.00,0.97,0.00,2.63,13.00,0.71,0.00,1.84,32.17,4.29,267.51,10.56,99.86,5.661
1788355776.945,327.000,349.8,10.01,3.97,26.71,11.50,1.86,12.27,5.00,0.00,0.97,0.00,2.63,17.89,0.72,0.00,1.82,37.67,4.34,265.28,10.56,99.86,0.000,10.04,3.96,27.05,11.60,0.50,0.00,1.67,163.30,0.97,0.00,2.61,11.70,0.72,0.00,1.86,18.57,4.34,265.25,10.56,99.86,0.121,10.01,1.97,26.88,10.27,0.91,0.00,2.50,0.00,0.98,0.00,2.66,10.43,0.71,0.00,1.94,1.89,4.33,264.72,10.56,99.86,5.180
1788355779.721,328.000,352.6,10.52,21.44,27.72,12.54,0.87,0.00,3.89,90.35,1.42,317.26,3.02,112.15,0.71,0.00,1.92,16.76,4.22,271.94,10.56,99.86,23.774,10.02,7.35,27.27,10.38,1.77,44.16,2.22,259.81,0.97,0.00,2.64,12.50,0.71,0.00,1.90,13.20,4.22,271.59,10.56,99.86,0.071,10.00,1.02,27.11,10.43,0.95,0.00,2.50,0.00,0.97,0.00,2.64,14.40,0.71,0.00,1.92,7.54,4.22,271.34,10.56,99.86,4.361
1788355782.405,329.000,355.3,10.00,1.05,27.72,12.26,1.85,16.09,3.33,100.00,0.94,0.00,3.03,113.13,0.71,0.00,1.87,14.73,4.30,267.18,10.56,99.86,23.625,9.99,3.16,27.16,10.45,1.85,16.64,5.00,0.00,0.97,0.00,2.64,15.72,0.71,0.00,1.85,16.76,4.31,267.11,10.56,99.86,0.071,9.95,2.84,27.11,10.66,0.91,0.00,2.50,0.00,0.97,0.00,2.68,13.95,0.71,0.00,1.84,8.64,4.30,267.02,10.56,99.86,3.580
1788355785.188,330.000,358.1,10.00,12.75,27.16,11.63,0.87,0.00,3.75,94.28,0.98,0.00,2.59,23.27,0.70,0.00,1.89,11.78,4.22,273.50,10.56,99.86,23.075,10.60,21.25,27.72,12.26,0.88,0.00,3.89,90.35,1.09,110.45,2.76,39.57,0.72,0.00,1.83,16.11,4.22,271.44,10.56,99.86,23.994,10.00,1.46,27.16,11.14,1.19,198.32,2.78,80.00,0.98,0.00,2.63,12.13,0.71,0.00,1.82,11.47,4.22,267.35,10.56,99.86,3.064
1788355787.889,331.000,360.8,9.99,5.67,27.38,12.10,0.94,0.00,2.78,80.00,0.96,0.00,2.63,20.24,0.71,0.00,1.85,17.99,4.20,274.39,10.56,99.86,22.269,10.00,1.51,27.72,11.61,1.81,33.18,3.89,90.35,0.96,0.00,2.78,40.56,0.71,0.00,1.87,21.42,4.21,274.17,10.56,99.86,23.857,9.99,2.19,27.22,10.75,1.27,270.67,3.33,100.00,0.97,0.00,2.67,13.99,0.71,0.00,1.84,8.64,4.22,273.19,10.56,99.86,2.192
1788355790.717,332.000,363.6,10.00,10.32,27.56,11.44,0.83,0.00,2.50,0.00,0.94,0.00,2.68,28.44,0.62,0.00,1.83,19.69,4.12,278.90,10.56,99.86,21.544,10.01,3.35,27.83,10.44,0.84,0.00,3.89,90.35,0.96,0.00,2.65,22.82,0.62,0.00,1.88,23.63,4.12,279.28,10.56,99.86,23.054,10.00,0.93,27.89,10.65,0.84,0.00,2.78,80.00,0.97,0.00,2.72,21.53,0.63,0.00,1.79,14.73,4.12,279.65,10.56,99.86,1.354
1788355793.406,333.000,366.3,10.00,1.78,27.56,12.03,0.95,0.00,2.50,0.00,0.95,0.00,2.63,28.78,0.72,0.00,1.80,9.43,4.27,269.82,10.56,99.86,20.980,10.01,1.54,27.56,11.46,0.95,0.00,2.78,80.00,0.96,0.00,2.63,24.13,0.71,0.00,1.88,22.86,4.27,268.92,10.56,99.86,22.445,10.00,3.14,27.61,11.12,0.95,0.00,2.50,0.00,0.98,0.00,2.67,22.99,0.71,0.00,1.88,30.17,4.28,269.46,10.56,99.86,0.778
1788355796.254,334.000,369.2,10.01,6.18,27.61,11.48,0.84,0.00,2.50,0.00,0.95,0.00,2.60,20.86,0.63,0.00,1.78,11.47,4.14,278.37,10.56,99.86,20.146,10.00,1.92,27.72,11.93,0.85,0.00,2.50,0.00,0.96,0.00,2.64,16.28,0.62,0.00,1.93,4.99,4.14,277.93,10.56,99.86,21.709,10.00,2.24,27.72,11.38,0.59,0.00,2.22,86.60,0.99,0.00,2.68,15.47,0.50,0.00,1.87,33.94,4.14,277.70,10.56,99.86,0.383
1788355798.955,335.000,371.9,10.00,2.60,27.38,11.08,0.93,0.00,2.50,0.00,0.95,0.00,2.65,18.00,0.71,0.00,1.79,16.44,4.30,267.55,10.56,99.86,19.334,10.01,2.20,27.67,11.31,0.93,0.00,2.50,0.00,0.95,0.00,2.65,14.40,0.71,0.00,1.90,9.98,4.30,266.83,10.56,99.86,21.098,10.01,1.50,27.72,11.45,0.00,0.00,2.22,86.60,0.97,0.00,2.69,18.59,0.71,0.00,1.82,33.99,4.30,266.78,10.56,99.86,0.221
1788355801.805,336.000,374.7,10.00,5.63,27.72,12.29,0.83,0.00,2.50,0.00,0.98,0.00,2.67,23.54,0.62,0.00,1.82,11.47,4.05,285.10,10.56,99.86,18.810,10.00,2.93,27.72,10.30,0.83,0.00,2.50,0.00,0.96,0.00,2.63,12.90,0.71,0.00,1.91,12.36,4.04,284.77,10.56,99.86,20.606,9.99,2.10,27.83,10.56,0.83,0.00,2.50,0.00,0.97,0.00,2.69,18.14,0.71,0.00,1.96,9.43,4.04,284.33,10.56,99.86,0.100
1788355804.570,337.000,377.5,10.01,7.07,28.23,11.96,0.92,0.00,2.50,0.00,0.95,0.00,2.70,19.86,0.71,0.00,1.82,31.04,4.25,270.79,10.56,99.86,18.161,10.00,5.50,28.06,10.40,0.92,0.00,2.50,0.00,0.96,0.00,2.70,10.31,0.71,0.00,1.93,6.80,4.25,270.57,10.56,99.86,19.861,10.00,1.48,27.83,10.75,1.79,1.76,2.78,149.67,0.97,0.00,2.75,9.60,0.71,0.00,1.92,13.20,4.25,269.91,10.56,99.86,0.050
1788355807.437,338.000,380.3,10.00,9.46,28.06,10.77,0.85,0.00,2.50,0.00,0.98,0.00,2.75,18.76,0.50,0.00,1.82,31.04,3.98,289.52,10.56,99.86,17.539,10.02,3.19,28.17,11.49,0.84,0.00,2.50,0.00,0.97,0.00,2.72,8.54,0.63,0.00,1.89,25.92,3.98,288.82,10.56,99.86,19.155,10.03,1.37,28.17,11.79,1.71,19.34,5.00,0.00,0.98,0.00,2.75,17.05,0.62,0.00,1.82,9.80,3.98,289.17,10.56,99.86,0.050
1788355810.146,339.000,383.0,10.01,2.87,27.72,11.01,0.94,0.00,2.50,0.00,0.97,0.00,2.71,22.99,0.71,0.00,1.84,10.50,4.35,264.18,10.56,99.86,17.047,10.01,3.56,27.72,11.07,0.93,0.00,2.50,0.00,0.96,0.00,2.68,12.24,0.71,0.00,1.81,14.24,4.35,263.71,10.56,99.86,18.721,10.00,1.60,27.72,10.53,1.85,9.58,5.00,0.00,0.97,0.00,2.75,17.42,0.71,0.00,1.89,18.18,4.35,264.05,10.56,99.86,0.000
1788355813.057,340.000,386.0,10.01,10.71,27.72,11.33,0.85,0.00,2.50,0.00,0.97,0.00,2.71,18.00,0.62,0.00,1.89,8.22,3.97,289.85,10.56,99.86,16.332,10.00,2.01,28.06,11.35,0.85,0.00,2.50,0.00,0.94,0.00,2.71,15.51,0.62,0.00,1.83,16.11,3.97,286.80,10.56,99.86,18.045,10.01,4.43,28.40,11.70,1.69,0.98,3.89,90.35,0.95,0.00,2.85,35.54,0.63,0.00,1.83,13.60,3.97,289.83,10.56,99.86,27.647
1788355815.722,341.000,388.6,10.01,6.01,27.72,11.35,0.95,0.00,2.50,0.00,0.97,0.00,2.71,23.27,0.71,0.00,1.83,13.60,4.33,265.75,10.56,99.86,15.470,9.99,8.57,27.89,11.24,0.94,0.00,2.50,0.00,0.96,0.00,2.68,17.08,0.71,0.00,1.93,13.20,4.32,265.12,10.56,99.86,17.237,10.01,4.87,28.06,12.10,1.89,3.69,4.37,69.99,0.96,0.00,2.78,41.95,0.71,0.00,1.89,12.36,4.32,264.92,10.56,99.86,27.379
1788355818.684,342.000,391.6,10.02,5.87,28.06,11.67,0.81,0.00,2.50,0.00,0.97,0.00,2.75,27.48,0.63,0.00,1.84,16.97,3.86,297.73,10.56,99.86,14.697,10.00,11.48,28.06,11.52,0.81,0.00,2.50,0.00,0.97,0.00,2.71,20.77,0.62,0.00,1.87,32.71,3.86,297.66,10.56,99.86,16.434,10.00,5.14,28.11,11.87,0.81,0.00,3.33,100.00,0.95,0.00,2.65,27.29,0.50,0.00,1.87,16.44,3.86,297.47,10.56,99.86,26.539
1788355821.408,343.000,394.3,10.01,3.00,28.28,11.48,0.95,0.00,2.50,0.00,0.97,0.00,2.78,23.05,0.71,0.00,1.94,11.78,4.29,268.23,10.56,99.86,14.200,10.00,6.97,28.40,11.79,0.89,0.00,2.78,80.00,0.97,0.00,2.76,13.99,0.71,0.00,1.92,11.47,4.29,267.91,10.56,99.86,15.884,9.97,8.58,28.23,11.52,0.95,0.00,2.50,0.00,0.93,0.00,2.71,21.56,0.71,0.00,1.86,10.50,4.29,268.13,10.56,99.86,25.744
1788355824.355,344.000,397.3,9.98,9.37,28.23,10.38,0.81,0.00,2.50,0.00,0.95,0.00,2.77,18.31,0.62,0.00,1.88,17.99,3.93,292.89,10.56,99.86,13.447,10.00,7.44,28.23,10.81,0.86,0.00,2.78,80.00,0.97,0.00,2.72,17.05,0.50,0.00,1.90,13.20,3.92,292.91,10.56,99.86,15.176,10.07,7.34,28.46,11.70,0.82,0.00,2.50,0.00,0.93,0.00,2.68,17.05,0.62,0.00,1.84,11.31,3.92,288.37,10.56,99.86,25.294
1788355827.120,345.000,400.0,10.00,4.92,28.51,10.58,0.94,0.00,2.50,0.00,0.95,0.00,2.75,22.40,0.63,0.00,1.84,27.19,4.26,270.11,10.56,99.86,12.694,10.00,3.92,28.56,11.02,1.23,248.60,2.78,80.00,0.96,0.00,2.75,21.08,0.71,0.00,1.87,14.73,4.26,269.82,10.56,99.86,14.432,10.02,4.93,28.23,12.20,0.94,0.00,2.50,0.00,0.93,0.00,2.72,13.39,0.71,0.00,1.87,21.75,4.26,269.59,10.56,99.86,24.760
1788355830.071,346.000,403.0,10.06,4.16,28.79,11.49,0.83,0.00,2.50,0.00,0.97,0.00,2.78,20.08,0.62,0.00,1.85,27.78,3.90,294.45,10.56,99.86,12.000,10.00,5.88,28.34,11.59,0.83,0.00,2.78,80.00,0.98,0.00,2.78,20.08,0.63,0.00,1.86,15.08,3.90,293.93,10.56,99.86,13.671,10.03,5.27,28.67,12.46,0.83,0.00,2.50,0.00,0.95,0.00,2.69,11.14,0.62,0.00,1.87,33.36,3.91,293.87,10.56,99.86,24.079
1788355832.811,347.000,405.7,10.00,1.99,28.28,11.10,0.93,0.00,2.50,0.00,0.98,0.00,2.78,14.09,0.71,0.00,1.86,22.23,4.31,267.12,10.56,99.86,11.494,10.01,5.89,28.34,11.98,0.94,0.00,2.50,0.00,0.95,0.00,2.78,14.09,0.71,0.00,1.85,12.36,4.31,265.35,10.56,99.86,13.121,10.00,2.56,28.23,10.59,0.79,0.00,2.50,0.00,0.93,0.00,2.68,15.88,0.71,0.00,1.92,8.64,4.31,223.05,10.56,99.86,23.638
1788355835.816,348.000,408.7,10.02,6.52,28.73,11.16,0.81,0.00,2.50,0.00,0.98,0.00,2.81,23.46,0.62,0.00,1.87,13.20,3.93,293.53,10.56,99.86,10.731,10.00,3.29,28.85,11.40,0.81,0.00,2.50,0.00,0.97,0.00,2.78,24.13,0.63,0.00,1.87,16.11,3.92,293.19,10.56,99.86,12.413,10.01,4.16,28.56,10.71,0.81,0.00,2.50,0.00,0.95,0.00,2.75,30.29,0.62,0.00,1.89,9.98,3.93,293.28,10.56,99.86,22.892
1788355838.591,349.000,411.5,10.01,6.99,29.08,10.59,0.94,0.00,2.50,0.00,0.97,0.00,2.81,27.48,0.62,0.00,1.78,14.73,4.23,272.22,10.56,99.86,9.938,9.99,1.21,28.73,10.83,0.94,0.00,2.50,0.00,0.98,0.00,2.77,28.78,0.62,0.00,1.87,34.56,4.23,271.68,10.56,99.86,11.658,10.00,5.53,28.73,12.33,0.94,0.00,2.50,0.00,0.95,0.00,2.74,33.43,0.63,0.00,1.88,14.73,4.23,270.94,10.56,99.86,22.167
1788355841.552,350.000,414.5,10.01,3.47,28.56,9.92,0.81,0.00,2.50,0.00,0.97,0.00,2.80,23.10,0.62,0.00,1.83,24.07,3.92,293.73,10.56,99.86,9.264,10.05,2.79,28.73,11.82,0.82,0.00,2.50,0.00,0.97,0.00,2.80,31.03,0.63,0.00,1.82,27.78,3.91,293.19,10.56,99.86,10.958,10.02,4.68,28.96,12.53,0.82,0.00,2.50,0.00,0.96,0.00,2.76,28.69,0.50,0.00,1.87,14.73,3.92,293.49,10.56,99.86,21.574
1788355844.400,351.000,417.3,10.00,7.71,28.96,11.53,0.91,0.00,2.50,0.00,0.97,0.00,2.78,23.32,0.62,0.00,1.87,3.77,4.07,284.52,10.56,99.86,8.583,10.01,4.90,28.73,12.08,0.92,0.00,2.50,0.00,0.97,0.00,2.78,29.76,0.71,0.00,1.87,14.97,4.06,284.65,10.56,99.86,10.408,9.97,4.20,28.79,11.29,0.92,0.00,2.50,0.00,0.95,0.00,2.75,27.13,0.72,0.00,1.86,32.06,4.06,284.38,10.56,99.86,21.106
1788355847.357,352.000,420.3,10.00,1.98,29.12,11.93,0.81,0.00,2.50,0.00,0.98,0.00,2.83,29.22,0.50,0.00,1.88,3.27,3.94,294.22,10.56,99.86,8.173,10.01,4.73,29.02,11.75,0.82,0.00,2.50,0.00,0.98,0.00,2.82,30.42,0.63,0.00,1.88,16.11,3.93,293.66,10.56,99.86,9.749,10.00,11.10,29.06,11.43,0.81,0.00,2.50,0.00,0.96,0.00,2.78,29.61,0.62,0.00,1.86,32.06,3.93,293.63,10.56,99.86,20.501
1788355850.229,353.000,423.1,10.00,1.81,29.06,11.14,0.91,0.00,2.50,0.00,0.97,0.00,2.83,24.97,0.71,0.00,1.87,24.51,3.97,291.50,10.56,99.86,7.444,10.00,8.64,29.06,10.76,0.90,0.00,2.50,0.00,0.97,0.00,2.80,25.47,0.71,0.00,1.87,19.14,3.97,291.16,10.56,99.86,8.989,10.01,5.62,28.73,12.20,0.91,0.00,2.50,0.00,0.96,0.00,2.78,30.71,0.63,0.00,1.88,24.51,3.98,291.06,10.56,99.86,19.648
1788355853.130,354.000,426.0,10.01,2.07,28.73,10.75,0.83,0.00,2.50,0.00,0.96,0.00,2.82,21.41,0.62,0.00,1.93,11.47,4.05,284.43,10.56,99.86,6.746,10.00,3.61,28.73,10.60,0.83,0.00,2.50,0.00,0.96,0.00,2.85,32.26,0.62,0.00,1.89,28.28,4.04,284.91,10.56,99.86,8.361,10.04,4.68,28.90,12.14,0.83,0.00,2.50,0.00,0.95,0.00,2.80,25.60,0.63,0.00,1.84,21.42,4.05,284.46,10.56,99.86,18.827
1788355856.058,355.000,429.0,10.00,0.88,28.73,11.19,0.88,0.00,2.50,0.00,0.97,0.00,2.78,21.61,0.63,0.00,1.87,27.78,3.95,291.40,10.56,99.86,5.926,10.01,5.54,29.12,11.75,0.88,0.00,2.50,0.00,0.97,0.00,2.78,33.66,0.62,0.00,1.85,26.73,3.95,291.27,10.56,99.86,7.672,10.00,5.33,29.18,11.96,1.15,357.30,2.78,80.00,0.94,0.00,2.73,22.14,0.62,0.00,1.88,13.20,3.95,290.88,10.56,99.86,18.074
1788355858.947,356.000,431.8,9.99,2.80,28.79,11.32,0.86,0.00,2.50,0.00,0.97,0.00,2.83,23.41,0.63,0.00,1.83,24.94,4.04,284.40,10.56,99.86,5.106,10.01,5.02,29.12,11.58,0.85,0.00,2.50,0.00,0.97,0.00,2.82,23.92,0.63,0.00,1.86,8.22,4.04,284.50,10.56,99.86,6.926,10.01,7.40,29.06,11.34,1.16,302.52,3.12,97.98,0.96,0.00,2.78,22.20,0.50,0.00,1.88,13.20,4.04,284.10,10.56,99.86,17.547
1788355861.913,357.000,434.8,10.09,7.11,29.23,11.46,0.86,0.00,2.50,0.00,0.97,0.00,2.80,13.95,0.62,0.00,1.89,19.69,3.88,297.18,10.56,99.86,4.335,10.01,1.27,29.18,11.32,0.86,0.00,2.50,0.00,0.97,0.00,2.80,15.05,0.63,0.00,1.89,14.24,3.88,297.11,10.56,99.86,6.510,10.03,11.11,29.06,11.29,0.86,0.00,2.78,80.00,0.96,0.00,2.81,25.17,0.62,0.00,1.80,6.80,3.87,296.19,10.56,99.86,16.932
1788355864.773,358.000,437.7,10.00,1.19,29.29,11.49,0.87,0.00,2.50,0.00,0.98,0.00,2.87,7.59,0.63,0.00,1.84,11.78,4.08,281.29,10.56,99.86,3.923,10.01,7.21,29.06,11.12,0.86,0.00,2.50,0.00,0.97,0.00,2.87,24.13,0.63,0.00,1.83,12.36,4.08,281.07,10.56,99.86,5.861,10.01,7.66,29.18,11.41,0.87,0.00,2.50,0.00,0.96,0.00,2.82,25.47,0.63,0.00,1.82,20.74,4.08,281.33,10.56,99.86,16.272
1788355867.798,359.000,440.7,10.01,5.61,29.29,11.15,1.08,277.59,2.78,80.00,0.97,0.00,2.91,21.01,0.63,0.00,1.87,21.42,3.79,303.55,10.56,99.86,3.223,10.01,9.95,29.23,10.61,1.08,277.30,2.78,80.00,0.98,0.00,2.85,24.08,0.50,0.00,1.82,9.98,3.79,303.40,10.56,99.86,5.111,10.00,7.67,29.23,10.61,0.83,0.00,2.50,0.00,0.96,0.00,2.80,17.05,0.62,0.00,1.86,21.25,3.79,303.56,10.56,99.86,16.125
1788355870.710,360.000,443.6,9.98,7.90,29.74,11.90,1.71,23.53,4.37,69.99,0.98,0.00,2.88,25.97,0.50,0.00,1.86,22.23,3.98,288.45,10.56,99.86,2.314,10.01,3.26,29.68,10.32,0.85,0.00,2.78,80.00,0.96,0.00,2.91,18.14,0.63,0.00,1.84,29.63,3.98,288.40,10.56,99.86,4.361,10.02,7.24,29.56,10.91,0.90,0.00,2.50,0.00,0.97,0.00,2.86,9.33,0.63,0.00,1.86,19.69,3.99,288.07,10.56,99.86,15.367
1788355873.650,361.000,446.5,10.01,6.50,29.06,10.89,1.63,0.00,5.00,0.00,0.97,0.00,2.88,19.82,0.62,0.00,1.83,16.44,3.94,291.60,10.56,99.86,1.414,10.00,7.72,29.18,10.77,0.83,0.00,2.50,0.00,0.97,0.00,2.85,14.62,0.62,0.00,1.82,21.42,2.83,291.56,9.44,99.83,3.730,10.03,5.11,29.23,10.43,0.82,0.00,2.22,86.60,0.97,0.00,2.83,3.92,0.63,0.00,1.84,16.44,2.82,291.15,9.44,99.83,14.996
1788355876.671,362.000,449.6,9.87,7.31,29.47,10.72,0.81,0.00,2.22,327.87,0.97,0.00,2.91,14.84,0.62,0.00,1.86,11.47,2.76,296.35,9.44,99.83,0.636,10.00,3.11,29.74,11.92,0.50,0.00,1.67,282.84,0.97,0.00,2.91,12.65,0.62,0.00,1.87,14.24,3.86,295.59,9.44,99.83,2.979,10.01,3.73,29.74,10.34,1.10,321.90,2.78,80.00,0.97,0.00,2.88,7.76,0.63,0.00,1.87,16.97,5.06,277.30,7.22,164.26,14.303
1788355879.680,363.000,452.6,10.01,8.76,30.06,11.92,0.87,0.00,2.50,0.00,0.98,0.00,2.91,8.39,0.63,0.00,1.87,13.20,3.87,297.12,9.44,99.83,0.212,9.99,8.76,30.06,10.70,1.11,286.58,4.00,86.60,0.97,0.00,2.93,16.47,0.62,0.00,1.87,26.40,3.87,297.23,10.56,99.86,2.230,10.01,3.62,30.18,11.08,1.66,50.88,3.89,90.35,0.97,0.00,2.93,22.82,0.50,0.00,1.87,19.14,3.87,298.46,8.33,160.00,13.539
1788355882.647,364.000,455.5,10.02,5.97,29.74,11.39,0.50,0.00,1.67,282.84,0.97,0.00,2.94,13.15,0.62,0.00,1.87,14.73,3.76,306.06,10.56,99.86,0.071,10.00,8.34,29.74,10.88,0.80,0.00,3.33,100.00,0.97,0.00,2.94,23.05,0.62,0.00,1.91,18.57,3.76,306.12,10.56,99.86,1.381,10.00,4.43,30.06,10.84,0.82,0.00,3.33,100.00,0.97,0.00,2.87,21.53,0.63,0.00,1.90,9.98,3.76,306.25,10.56,99.86,12.803
1788355885.638,365.000,458.5,10.00,1.80,29.74,10.95,1.64,53.31,2.86,259.81,0.97,0.00,2.92,14.66,0.62,0.00,1.89,8.64,3.84,300.81,10.56,99.86,0.000,10.00,0.74,29.62,11.37,0.84,0.00,2.50,0.00,0.97,0.00,2.94,15.80,0.62,0.00,1.89,17.28,3.84,300.00,10.56,99.86,0.636,9.97,8.00,29.68,11.49,0.85,0.00,2.50,0.00,0.96,0.00,2.91,21.23,0.62,0.00,1.84,8.64,3.84,300.78,10.56,99.86,11.959
1788355888.653,366.000,461.6,10.05,5.77,30.12,11.51,1.68,30.43,5.00,0.00,0.97,0.00,2.93,15.05,0.62,0.00,1.87,3.27,3.91,294.92,10.56,99.86,0.050,9.99,1.34,29.98,11.71,0.50,0.00,2.50,0.00,0.98,0.00,2.94,14.31,0.50,0.00,1.86,3.77,3.91,294.04,10.56,99.86,0.404,10.02,5.15,30.12,11.90,0.84,0.00,2.50,0.00,0.97,0.00,2.92,25.75,0.56,0.00,1.79,16.44,3.92,294.40,10.56,99.86,11.181
1788355891.638,367.000,464.5,10.32,24.42,30.18,12.16,1.09,283.31,4.44,66.14,1.15,148.26,3.10,35.30,0.50,0.00,1.86,4.99,3.99,288.65,10.56,99.86,23.994,10.03,3.18,30.06,11.14,0.50,0.00,1.87,188.56,0.98,0.00,2.94,11.31,0.63,0.00,1.89,6.80,3.99,287.14,10.56,99.86,0.241,9.98,7.00,29.74,11.32,0.83,0.00,2.50,0.00,0.98,0.00,2.94,13.15,0.63,0.00,1.80,25.37,3.99,286.22,10.56,99.86,10.474
1788355894.634,368.000,467.5,10.00,5.08,30.18,12.71,1.66,30.53,3.89,90.35,0.96,0.00,3.07,36.34,0.62,0.00,1.90,12.36,3.86,297.11,10.56,99.86,23.856,9.99,5.45,29.86,11.21,0.50,0.00,0.71,0.00,0.97,0.00,2.94,14.97,0.63,0.00,1.89,6.80,3.86,298.40,10.56,99.86,0.150,9.97,3.40,29.74,11.85,0.86,0.00,2.50,0.00,0.98,0.00,2.93,12.55,0.63,0.00,1.77,9.80,3.86,298.97,10.56,99.86,9.775
1788355897.704,369.000,470.6,9.96,3.14,30.24,12.13,1.10,299.41,4.37,69.99,0.95,0.00,2.86,18.17,0.63,0.00,1.87,21.75,3.80,302.95,10.56,99.86,23.124,9.99,1.84,30.06,11.85,1.63,26.48,2.86,259.81,0.97,0.00,2.94,14.31,0.62,0.00,1.86,1.89,3.80,303.14,10.56,99.86,0.100,10.01,2.16,30.24,10.75,0.83,0.00,2.78,80.00,0.97,0.00,2.94,12.13,0.50,0.00,1.83,28.16,3.80,301.66,10.56,99.86,9.265
1788355900.742,370.000,473.6,10.00,5.48,30.24,10.14,0.84,0.00,2.78,80.00,0.97,0.00,2.93,11.48,0.62,0.00,1.92,16.76,3.89,295.81,10.56,99.86,22.488,9.93,3.77,30.56,10.78,1.67,33.55,5.00,0.00,0.97,0.00,2.95,14.62,0.63,0.00,1.91,8.64,3.89,294.65,10.56,99.86,0.050,10.05,2.92,30.24,11.07,0.80,0.00,2.78,80.00,0.96,0.00,2.94,11.31,0.62,0.00,1.93,8.22,3.89,295.30,10.56,99.86,8.636
1788355903.805,371.000,476.7,9.99,4.78,30.24,11.10,0.84,0.00,2.50,0.00,0.94,0.00,2.89,20.49,0.62,0.00,1.90,16.76,3.93,293.19,10.56,99.86,22.066,10.30,24.70,30.75,11.91,1.09,264.77,4.44,66.14,1.39,300.59,3.33,70.77,0.62,0.00,1.84,29.63,3.92,292.67,10.56,99.86,27.640,9.94,3.66,30.24,11.75,0.82,0.00,2.50,0.00,0.97,0.00,2.95,26.94,0.63,0.00,1.89,3.27,3.92,292.68,10.56,99.86,7.936
1788355906.873,372.000,479.8,10.00,7.20,30.56,12.56,0.82,0.00,2.50,0.00,0.96,0.00,2.91,24.19,0.63,0.00,1.87,1.89,3.84,299.66,10.56,99.86,21.445,9.99,5.44,30.68,12.77,1.65,18.04,3.33,152.75,0.95,0.00,3.30,74.53,0.62,0.00,1.87,3.77,3.84,299.59,10.56,99.86,27.528,10.00,3.01,30.68,12.12,0.83,0.00,2.50,0.00,0.97,0.00,2.93,22.29,0.63,0.00,1.88,9.80,3.84,299.74,10.56,99.86,7.286
1788355909.926,373.000,482.8,9.99,1.95,30.62,11.73,0.80,0.00,2.50,0.00,0.96,0.00,2.95,13.24,0.55,0.00,1.84,14.24,3.74,307.05,10.56,99.86,20.748,10.00,6.40,30.30,11.88,0.82,0.00,3.75,94.28,0.95,0.00,2.87,24.32,0.62,0.00,1.93,13.60,3.74,307.87,10.56,99.86,26.852,10.00,2.12,30.24,12.06,0.82,0.00,2.50,0.00,0.97,0.00,3.00,16.28,0.62,0.00,1.90,14.73,3.74,305.72,10.56,99.86,6.586
1788355912.942,374.000,485.8,10.00,3.56,30.18,10.83,0.78,0.00,2.50,0.00,0.97,0.00,2.92,15.92,0.63,0.00,1.86,19.69,3.79,303.23,10.56,99.86,20.056,10.00,3.61,30.62,12.21,0.83,0.00,2.78,80.00,0.96,0.00,2.87,15.26,0.62,0.00,1.90,15.43,3.79,303.50,10.56,99.86,26.319,10.05,4.27,30.68,11.52,0.83,0.00,2.50,0.00,0.98,0.00,2.99,16.32,0.63,0.00,1.88,13.20,3.79,303.37,10.56,99.86,5.965
1788355916.049,375.000,488.9,9.99,2.02,30.56,10.73,0.81,0.00,2.50,0.00,0.96,0.00,2.98,15.59,0.63,0.00,1.92,13.60,3.78,304.25,10.56,99.86,19.406,10.00,1.56,30.24,11.50,0.79,0.00,2.50,0.00,0.95,0.00,2.93,13.00,0.50,0.00,1.89,14.24,2.70,301.72,9.44,99.83,25.653,9.99,1.64,30.68,11.03,0.79,0.00,2.50,0.00,0.97,0.00,2.99,15.30,0.62,0.00,1.86,17.99,3.79,303.29,10.56,99.86,5.257
1788355919.119,376.000,492.0,10.00,10.53,30.56,11.07,0.83,0.00,2.50,0.00,0.96,0.00,2.94,14.53,0.50,0.00,1.89,14.24,3.87,297.29,10.56,99.86,18.707,10.01,4.97,30.75,11.04,1.11,356.47,2.78,80.00,0.94,0.00,2.93,14.88,0.50,0.00,1.92,5.66,3.87,297.05,9.44,99.83,25.091,10.01,1.68,30.75,9.81,0.79,0.00,2.50,0.00,0.99,0.00,2.94,13.15,0.63,0.00,1.89,21.75,3.87,297.08,10.56,99.86,4.636
1788355922.162,377.000,495.1,10.00,6.56,30.56,11.53,0.81,0.00,2.50,0.00,0.96,0.00,2.94,15.80,0.63,0.00,1.85,18.18,3.84,298.87,10.56,99.86,18.045,10.00,10.52,30.68,10.76,0.82,0.00,2.78,80.00,0.96,0.00,2.89,7.84,0.63,0.00,1.93,9.98,3.84,298.47,10.56,99.86,24.529,10.00,2.43,30.68,9.49,0.83,0.00,2.50,0.00,0.97,0.00,3.00,16.12,0.63,0.00,1.86,19.69,3.84,298.29,10.56,99.86,4.046
1788355925.326,378.000,498.2,10.01,3.22,31.06,11.28,0.80,0.00,2.50,0.00,0.94,0.00,3.02,14.50,0.56,0.00,1.83,27.78,3.63,317.32,10.56,99.86,17.337,9.92,3.48,30.75,10.66,0.79,0.00,2.50,0.00,0.91,0.00,2.92,16.32,0.63,0.00,1.93,18.86,3.62,316.57,10.56,99.86,23.879,9.97,3.91,30.75,10.33,0.80,0.00,2.50,0.00,0.97,0.00,3.01,12.53,0.50,0.00,1.86,21.25,3.62,316.60,10.56,99.86,3.380
1788355928.329,379.000,501.2,9.99,3.29,30.75,10.78,0.87,0.00,2.50,0.00,0.97,0.00,2.97,16.47,0.62,0.00,1.78,15.08,4.04,285.16,10.56,99.86,16.634,10.03,3.68,30.75,11.14,0.87,0.00,2.50,0.00,0.96,0.00,2.84,23.60,0.62,0.00,1.87,24.51,4.04,283.96,10.56,99.86,23.232,9.99,1.04,30.56,11.04,0.87,0.00,2.50,0.00,0.97,0.00,2.95,23.65,0.63,0.00,1.86,33.04,4.03,283.49,10.56,99.86,2.603
