wall_time,elapsed_s,panther/cmd_vel_nav_hz,panther/cmd_vel_nav_jitter_ms,panther/amcl_pose_hz,panther/amcl_pose_jitter_ms,panther/plan_hz,panther/plan_jitter_ms,panther/local_costmap_hz,panther/local_costmap_jitter_ms,panther/velodyne_filtered_hz,panther/velodyne_filtered_jitter_ms,panther/path_length_m,panther2/cmd_vel_nav_hz,panther2/cmd_vel_nav_jitter_ms,panther2/amcl_pose_hz,panther2/amcl_pose_jitter_ms,panther2/plan_hz,panther2/plan_jitter_ms,panther2/local_costmap_hz,panther2/local_costmap_jitter_ms,panther2/velodyne_filtered_hz,panther2/velodyne_filtered_jitter_ms,panther2/path_length_m
1787750419.814,0.1,0.0,0.00,0.0,0.00,0.5,0.00,0.0,0.00,0.0,0.00,0.071,0.0,0.00,0.0,0.00,0.0,0.00,0.0,0.00,0.0,0.00,0.000
1787750420.979,1.3,9.8,7.09,2.8,26.85,1.0,0.00,0.5,0.00,5.4,24.30,0.071,9.9,6.86,1.9,0.00,0.5,0.00,0.5,0.00,5.5,22.38,6.385
1787750422.473,2.8,10.4,24.08,2.4,103.12,1.1,0.00,1.3,0.00,6.5,22.21,24.448,10.0,3.20,2.2,46.88,1.0,0.00,1.1,97.90,6.5,22.06,6.075
1787750423.843,4.1,10.0,1.84,2.9,75.50,1.0,0.00,1.3,1.74,7.1,13.79,23.797,10.0,3.23,2.4,20.33,1.0,0.00,1.3,0.00,7.1,14.80,5.119
1787750425.318,5.6,10.0,3.55,2.1,42.31,1.0,0.00,1.2,0.00,7.0,21.69,23.181,10.0,3.53,2.4,28.28,1.0,0.00,1.2,0.00,7.0,22.01,4.586
1787750427.043,7.3,10.1,7.41,1.6,150.22,1.0,0.00,1.0,0.00,5.8,36.12,22.353,10.0,2.78,1.8,44.30,1.0,0.00,1.0,0.00,5.8,36.31,3.836
1787750428.526,8.8,10.1,3.47,1.6,20.15,1.0,0.00,1.2,0.00,6.6,19.48,21.879,10.0,4.95,2.2,31.51,1.0,0.00,1.0,0.00,6.6,19.58,3.380
1787750429.918,10.2,10.0,4.67,2.4,11.56,1.0,0.00,1.2,0.00,7.2,10.96,21.385,10.0,1.83,2.8,55.08,1.0,0.00,1.2,0.00,7.2,11.53,2.182
1787750431.420,11.7,10.0,5.78,1.9,70.16,1.0,0.00,1.3,0.00,6.9,13.62,20.416,10.0,1.92,2.3,33.02,1.0,0.00,1.2,0.00,6.9,13.81,1.673
1787750433.190,13.5,10.0,2.95,2.3,99.85,1.0,0.00,1.0,0.00,5.8,27.48,19.723,10.0,4.27,1.9,59.85,1.0,0.00,1.0,0.00,5.7,29.44,0.666
1787750434.624,14.9,10.0,3.19,2.2,39.26,1.0,0.00,1.3,0.00,6.7,23.82,19.223,10.0,3.01,1.7,64.47,1.0,0.00,1.0,0.00,6.7,23.36,0.262
1787750436.007,16.3,10.0,4.97,2.4,14.97,1.0,0.00,1.3,0.41,7.3,8.11,18.787,10.0,1.81,2.4,209.06,1.0,0.00,1.2,0.00,7.3,7.12,0.000
1787750437.666,18.0,10.0,2.32,2.0,52.78,0.9,0.00,1.0,0.00,6.3,24.79,17.784,10.0,5.61,4.6,81.67,1.0,0.00,1.2,0.00,6.3,22.75,0.050
1787750439.395,19.7,10.0,4.16,1.9,16.07,1.0,0.00,1.0,0.00,5.8,24.54,16.984,10.6,23.35,2.4,49.37,1.8,492.10,1.0,0.00,5.8,24.38,23.706
1787750440.780,21.1,10.0,2.70,2.3,30.00,1.0,0.00,1.2,0.51,6.9,17.93,16.437,10.7,22.27,4.9,66.65,1.8,493.21,1.2,7.52,6.9,18.76,23.684
1787750442.325,22.6,10.0,5.46,2.8,95.03,1.0,0.00,1.2,0.62,6.6,20.45,15.834,9.9,4.44,2.8,96.19,1.0,0.00,1.2,0.00,6.6,21.10,22.898
1787750443.998,24.3,10.0,2.18,2.3,11.72,1.0,0.00,1.1,99.38,6.2,34.14,14.977,10.0,5.20,2.1,62.27,1.0,0.00,1.0,0.00,6.2,34.93,22.442
1787750445.636,25.9,10.0,1.97,2.0,53.58,1.0,0.00,1.0,0.00,5.9,30.91,14.077,10.0,2.80,1.9,51.57,1.0,0.00,1.0,0.00,5.9,31.30,21.667
1787750447.045,27.3,10.0,5.26,2.7,58.99,1.0,0.00,1.3,0.00,7.1,7.50,13.477,10.0,1.03,2.4,14.85,1.0,0.00,1.3,0.00,7.1,7.38,21.213
1787750448.568,28.9,10.0,5.95,2.4,71.34,1.0,0.00,1.0,0.00,6.6,11.53,12.977,10.0,0.96,2.2,23.94,1.0,0.00,1.3,0.00,6.6,12.28,20.287
1787750450.380,30.7,10.0,1.95,2.0,35.26,1.0,0.00,0.5,0.00,5.6,33.72,12.077,10.0,1.70,1.8,35.03,1.0,0.00,1.0,0.00,5.6,36.07,19.804
1787750451.862,32.2,10.0,2.56,2.4,103.03,1.0,0.00,1.0,0.00,6.4,28.76,11.174,10.0,2.84,2.2,39.47,1.0,0.00,1.2,0.00,6.4,28.67,19.029
1787750453.363,33.7,10.0,3.06,2.3,29.32,1.0,0.00,1.3,0.95,6.8,14.74,10.674,10.0,3.03,2.2,28.03,1.0,0.00,1.3,19.22,6.8,13.63,18.612
1787750454.949,35.3,10.0,1.81,2.1,16.50,1.0,0.00,1.2,1.92,6.4,14.55,9.636,10.0,2.06,1.6,21.88,1.0,0.00,1.3,0.00,6.4,14.25,17.890
1787750456.739,37.0,10.0,4.09,1.7,9.17,1.0,0.00,1.0,0.00,5.5,30.78,9.236,10.0,1.09,1.8,66.36,0.5,0.00,0.8,0.00,5.5,29.11,17.537
1787750458.164,38.5,10.0,2.60,2.3,19.84,1.0,0.00,1.2,0.00,6.9,13.72,8.336,10.0,1.84,2.6,70.90,1.0,0.00,1.3,2.75,6.9,13.19,16.595
1787750459.760,40.1,10.0,4.32,2.1,8.98,1.0,0.00,1.0,0.00,6.4,13.09,7.886,10.0,1.84,2.1,34.33,1.0,0.00,1.1,101.56,6.4,12.56,16.115
1787750461.473,41.8,10.0,2.21,2.1,28.06,1.0,0.00,1.0,0.00,6.1,23.04,6.936,10.0,8.06,2.1,24.78,1.0,0.00,1.0,0.00,6.1,22.29,15.177
1787750463.121,43.4,10.0,3.21,2.5,43.32,1.0,0.00,1.3,0.00,5.9,32.68,6.027,10.0,1.93,2.3,21.06,1.0,0.00,1.0,0.00,5.9,33.02,14.347
1787750464.652,45.0,10.0,3.69,2.2,41.46,1.0,0.00,1.2,0.00,6.6,15.48,5.520,10.0,2.67,2.2,42.45,1.0,0.00,1.1,108.00,6.6,19.03,13.885
1787750466.274,46.6,10.0,2.61,2.1,21.07,1.0,0.00,1.2,0.00,6.2,17.85,4.676,10.0,2.55,2.1,23.33,1.0,0.00,1.3,0.00,6.2,20.81,13.049
1787750468.063,48.4,10.0,3.59,1.9,29.60,1.0,0.00,1.0,0.00,5.8,24.22,4.226,10.0,2.04,1.9,52.00,1.0,0.00,1.0,0.00,5.7,25.14,12.650
1787750469.515,49.8,10.0,2.99,2.3,6.19,1.0,0.00,1.1,99.80,6.5,22.06,3.326,10.0,1.56,2.2,23.81,1.0,0.00,1.2,0.00,6.5,21.49,11.754
1787750471.150,51.5,10.0,4.30,2.5,71.79,1.0,0.00,1.0,0.00,6.2,20.67,2.893,10.0,4.55,3.1,27.47,1.0,0.00,1.1,100.85,6.2,19.96,11.294
1787750472.851,53.2,9.9,3.67,2.1,12.06,1.0,0.00,1.0,0.00,6.0,24.91,1.880,10.0,4.86,2.2,97.11,1.0,0.00,1.0,0.00,6.0,25.75,10.342
1787750474.554,54.9,10.0,4.11,1.8,66.60,1.0,0.00,1.0,0.00,5.8,26.73,0.957,10.0,2.09,1.9,50.53,1.0,0.00,1.0,0.00,5.8,25.59,9.441
1787750476.177,56.5,10.0,4.40,1.8,113.43,1.0,0.00,1.3,0.00,6.3,23.87,0.424,10.0,1.36,2.1,31.10,1.0,0.00,1.0,0.00,6.2,23.65,9.006
1787750477.806,58.1,10.0,4.91,0.5,0.00,1.0,0.00,1.2,0.00,6.1,16.57,0.050,10.0,1.53,2.1,15.89,1.0,0.00,1.0,0.00,6.1,15.39,8.138
1787750479.611,59.9,10.0,2.95,4.2,83.75,1.0,0.00,1.0,0.00,5.5,26.82,0.071,10.0,1.79,1.8,52.96,1.0,0.00,1.0,0.00,5.5,26.19,7.488
1787750481.203,61.5,10.0,3.44,3.8,72.20,1.0,0.00,1.3,0.00,6.2,22.81,0.050,10.0,0.87,2.3,93.29,1.0,0.00,1.3,0.00,6.2,22.27,7.017
1787750482.888,63.2,10.0,32.29,2.2,295.21,1.5,354.75,1.0,0.00,5.9,22.74,23.732,10.0,1.04,2.0,31.23,1.0,0.00,1.0,0.00,5.9,22.92,6.146
1787750484.630,64.9,10.0,0.88,4.6,83.54,0.9,0.00,1.0,0.00,5.9,26.16,23.573,10.0,0.99,2.1,26.71,1.0,0.00,1.0,0.00,5.9,26.60,5.396
1787750486.312,66.6,10.0,4.65,1.6,100.11,1.0,0.00,1.0,0.00,5.8,27.68,22.752,10.0,3.04,2.0,45.53,1.0,0.00,1.0,0.00,5.8,27.11,4.989
1787750488.010,68.3,10.0,1.27,1.6,44.56,1.0,0.00,1.0,0.00,6.0,36.53,22.330,10.0,1.26,1.9,46.91,1.0,0.00,1.0,0.00,6.0,35.53,4.056
1787750489.685,70.0,10.0,1.21,2.0,24.03,1.0,0.00,1.0,0.00,6.1,12.59,21.637,10.0,3.25,2.0,21.60,1.0,0.00,1.0,0.00,6.1,12.47,3.697
1787750491.419,71.7,10.0,1.81,1.9,39.87,1.0,0.00,1.0,0.00,5.8,22.20,20.781,10.0,1.61,2.9,26.63,1.0,0.00,1.0,0.00,5.8,22.34,2.828
1787750493.098,73.4,10.0,1.55,2.0,24.12,1.0,0.00,1.0,0.00,6.2,19.48,20.417,10.0,2.40,2.0,28.84,1.0,0.00,1.0,0.00,6.2,18.79,1.735
1787750494.796,75.1,10.0,3.41,2.3,77.28,1.0,0.00,1.0,0.00,5.7,23.45,19.433,10.0,3.30,2.0,7.79,1.0,0.00,1.0,0.00,5.7,23.31,1.240
1787750496.579,76.9,10.0,6.07,1.8,47.64,1.0,0.00,1.0,0.00,5.6,23.32,18.590,10.0,1.57,1.9,10.38,1.0,0.00,1.0,0.00,5.6,22.33,0.404
1787750498.205,78.5,10.1,4.04,2.1,26.57,1.0,0.00,1.2,0.00,6.3,15.58,18.177,10.0,2.17,0.7,0.00,1.0,0.00,1.1,100.72,6.3,15.90,0.121
1787750499.973,80.3,10.0,2.44,1.9,19.09,1.0,0.00,1.0,0.00,5.7,24.79,17.389,10.0,1.68,3.4,192.77,0.5,0.00,1.0,0.00,5.7,24.62,0.100
1787750501.766,82.1,10.0,2.62,1.9,20.05,1.0,0.00,1.0,0.00,5.5,22.58,16.647,10.0,1.95,3.3,77.91,1.0,0.00,1.0,0.00,5.5,22.37,0.050
1787750503.433,83.7,10.0,2.31,2.1,10.46,1.0,0.00,1.0,0.00,6.1,15.31,16.233,10.2,26.74,2.3,56.25,1.0,0.00,1.3,0.00,6.1,14.03,23.994
1787750505.173,85.5,10.0,1.38,1.9,30.75,1.0,0.00,1.0,0.00,5.7,22.53,15.384,10.0,7.58,2.9,35.76,1.0,0.00,1.0,0.00,5.7,23.87,23.885
1787750506.933,87.2,10.0,1.97,1.9,21.51,1.0,0.00,1.0,0.00,5.6,19.41,14.606,10.0,7.38,2.2,86.68,1.0,0.00,1.0,0.00,5.6,20.19,23.532
1787750508.634,88.9,10.0,2.99,1.9,65.64,1.0,0.00,1.0,0.00,5.9,22.32,14.304,9.9,8.96,1.8,47.98,1.0,0.00,1.0,0.00,5.9,23.42,22.690
1787750510.351,90.7,10.0,5.09,1.9,43.42,1.0,0.00,1.0,0.00,5.8,23.40,13.486,10.1,12.00,1.4,33.52,1.0,0.00,1.0,0.00,5.8,21.73,21.998
1787750512.137,92.4,10.0,3.52,1.9,34.45,1.0,0.00,1.0,0.00,5.7,12.95,12.794,10.1,12.00,2.1,76.23,1.0,0.00,1.0,0.00,5.7,13.93,21.659
1787750513.911,94.2,10.0,4.87,1.9,7.73,1.0,0.00,1.0,0.00,5.5,24.84,12.394,10.0,9.05,1.8,23.63,1.0,0.00,1.0,0.00,5.5,24.23,20.998
1787750515.642,95.9,10.0,2.25,1.9,36.23,1.0,0.00,1.0,0.00,5.9,26.51,11.450,10.0,5.69,2.0,38.98,1.0,0.00,1.0,0.00,5.9,25.87,20.245
1787750517.403,97.7,10.0,2.36,1.9,40.10,1.0,0.00,1.0,0.00,5.7,17.48,10.590,10.0,7.61,1.9,43.35,1.0,0.00,1.0,0.00,5.7,17.62,19.895
1787750519.201,99.5,10.0,2.20,1.8,3.37,1.0,0.00,1.0,0.00,5.5,26.54,9.732,9.9,5.17,1.8,36.26,1.0,0.00,1.0,0.00,5.5,29.25,19.098
1787750520.915,101.2,10.0,3.12,1.9,63.24,1.0,0.00,1.3,0.00,5.8,26.91,9.325,10.0,7.85,1.9,43.95,1.0,0.00,1.1,93.77,5.8,28.05,18.301
1787750522.664,103.0,10.0,7.75,1.7,65.52,1.0,0.00,1.0,0.00,5.9,13.11,8.568,10.1,8.59,2.0,10.80,1.0,0.00,1.0,0.00,5.9,12.64,17.895
1787750524.567,104.9,10.0,3.37,1.8,177.56,1.0,0.00,1.0,0.00,5.3,20.36,8.073,10.0,12.49,2.3,100.26,1.0,0.00,1.0,0.00,5.3,23.25,17.037
1787750526.235,106.5,10.0,3.61,2.4,89.25,1.0,0.00,1.0,0.00,5.9,19.99,7.788,10.0,8.24,1.9,23.02,1.0,0.00,1.0,0.00,5.8,20.45,16.134
1787750528.006,108.3,10.0,3.34,1.9,45.84,1.0,0.00,1.0,0.00,5.7,30.33,7.117,9.9,14.59,1.9,30.12,1.0,0.00,1.0,0.00,5.7,29.11,15.334
1787750529.923,110.2,10.0,3.56,1.7,17.22,1.0,0.00,1.0,0.00,5.2,24.00,6.446,10.1,13.46,1.7,32.38,1.0,0.00,1.0,0.00,5.2,22.74,15.034
1787750531.653,112.0,10.0,3.36,1.9,32.05,1.0,0.00,1.0,0.00,5.7,18.12,5.696,10.1,12.15,2.0,33.44,1.0,0.00,1.0,0.00,5.7,16.05,14.326
1787750533.465,113.8,10.1,4.77,1.8,58.09,1.0,0.00,1.0,0.00,5.5,26.67,5.348,10.1,11.01,1.8,66.28,1.0,0.00,1.0,0.00,5.5,27.32,13.576
1787750535.373,115.7,10.0,1.87,1.8,61.02,1.0,0.00,1.0,0.00,5.3,23.31,4.567,10.0,12.80,1.8,37.21,1.0,0.00,1.0,0.00,5.3,23.41,12.817
1787750537.150,117.5,10.0,4.91,1.9,38.02,1.0,0.00,1.0,0.00,5.5,30.99,3.838,10.0,10.45,1.9,68.51,1.0,0.00,1.0,0.00,5.5,31.74,12.313
1787750538.947,119.2,10.1,4.84,2.3,83.02,1.0,0.00,1.0,0.00,5.6,20.76,3.084,10.1,16.04,2.1,113.79,1.0,0.00,1.0,0.00,5.7,19.39,11.502
1787750540.887,121.2,10.0,6.07,2.5,59.12,1.0,0.00,1.0,0.00,5.1,42.20,2.168,10.0,13.72,1.8,0.37,0.9,0.00,1.0,0.00,5.1,38.07,10.694
1787750542.747,123.0,10.0,2.81,1.8,30.31,1.0,0.00,1.0,0.00,5.4,22.55,1.697,10.0,12.70,1.8,38.30,1.0,0.00,1.0,0.00,5.4,22.64,9.999
1787750544.507,124.8,10.0,2.08,1.9,18.25,1.0,0.00,1.0,0.00,5.7,15.39,0.778,10.1,10.18,1.9,25.79,0.5,0.00,1.0,0.00,5.7,18.34,9.649
1787750546.326,126.6,10.0,3.79,0.9,0.00,1.0,0.00,1.0,0.00,5.5,13.46,0.241,10.0,9.45,1.9,13.50,1.0,0.00,1.0,0.00,5.5,13.52,8.866
1787750548.320,128.6,10.0,7.69,0.5,0.00,1.0,0.00,1.0,0.00,4.9,31.94,0.121,10.0,11.99,1.7,70.74,1.0,0.00,0.5,0.00,5.0,32.22,8.205
1787750550.092,130.4,10.0,2.49,4.4,89.57,1.0,0.00,1.0,0.00,5.7,14.32,0.121,10.1,9.34,1.9,17.60,1.0,0.00,1.0,0.00,5.7,14.68,7.372
1787750551.962,132.3,10.0,3.15,2.7,34.56,1.0,0.00,1.0,0.00,5.4,19.17,0.100,10.0,8.30,1.9,1.97,1.0,0.00,1.0,0.00,5.4,20.56,6.626
1787750553.992,134.3,10.2,28.12,1.8,146.14,1.0,96.05,1.0,0.00,4.8,40.20,23.927,10.0,12.05,1.8,133.35,1.0,0.00,1.0,0.00,4.9,41.70,5.907
1787750555.769,136.1,10.0,5.28,3.2,80.80,1.0,0.00,1.0,0.00,5.7,19.83,23.765,10.0,8.17,1.9,33.39,1.0,0.00,1.0,0.00,5.7,20.85,5.542
1787750557.647,137.9,10.0,8.88,1.5,0.00,1.0,0.00,1.0,0.00,5.3,22.59,23.171,10.0,6.87,1.8,46.84,1.0,0.00,1.0,0.00,5.3,22.58,4.774
1787750559.706,140.0,10.0,3.62,1.4,0.00,1.0,0.00,0.5,0.00,4.9,36.54,22.541,10.0,3.50,1.6,88.99,1.0,0.00,0.5,0.00,4.8,37.87,4.283
1787750561.469,141.8,10.0,4.31,1.5,0.00,1.0,0.00,1.0,0.00,5.7,14.42,21.873,10.0,3.50,1.9,24.41,1.0,0.00,1.0,0.00,5.7,14.50,3.533
1787750563.351,143.7,10.0,4.44,2.0,117.75,1.0,0.00,1.0,0.00,5.3,28.39,21.353,10.0,5.28,2.2,43.34,1.0,0.00,1.0,0.00,5.3,27.30,2.815
1787750565.355,145.7,10.0,4.09,1.7,8.04,0.5,0.00,1.0,0.00,4.9,32.02,20.995,10.1,7.13,1.6,14.97,1.0,0.00,1.0,0.00,4.9,31.23,1.947
1787750567.122,147.4,10.0,1.82,1.9,11.68,1.0,0.00,1.0,0.00,5.6,12.76,20.245,10.0,6.29,1.9,25.29,0.5,0.00,1.0,0.00,5.7,12.97,1.452
1787750569.072,149.4,10.0,8.65,1.7,46.03,1.0,0.00,0.5,0.00,5.1,20.40,19.445,10.0,5.24,1.5,64.68,1.0,0.00,0.5,0.00,5.1,19.78,0.686
1787750571.071,151.4,10.0,11.34,1.6,7.01,1.0,0.00,0.8,0.00,5.0,26.79,18.798,10.0,12.21,0.5,0.00,1.0,0.00,0.8,0.00,5.0,27.62,0.283
1787750572.852,153.2,10.0,8.38,1.9,6.10,1.0,0.00,1.0,0.00,5.6,11.73,17.995,10.0,5.34,0.5,0.00,1.0,0.00,1.0,0.00,5.6,13.84,0.141
1787750574.873,155.2,10.0,6.89,1.7,48.35,0.9,0.00,0.8,0.00,5.1,25.49,17.237,10.0,8.65,4.4,60.97,1.0,0.00,0.8,0.00,5.1,25.62,0.050
1787750576.879,157.2,10.0,7.99,1.6,2.61,0.9,0.00,0.5,0.00,5.0,36.95,16.487,10.0,6.58,2.5,50.71,1.0,0.00,0.5,0.00,5.0,39.06,0.071
1787750578.754,159.1,10.0,6.10,2.0,70.81,1.0,0.00,1.0,0.00,5.3,19.57,16.134,10.5,23.13,2.0,70.95,2.3,0.00,1.0,0.00,5.3,20.53,27.593
1787750580.703,161.0,10.0,2.72,1.9,117.69,1.0,0.00,1.0,0.00,5.1,19.17,15.289,10.0,6.19,2.5,34.09,0.9,0.00,1.0,0.00,5.1,20.12,27.456
1787750582.695,163.0,10.0,6.87,1.7,57.32,1.0,0.00,1.0,0.00,5.1,30.82,14.526,10.0,10.08,1.4,58.48,1.0,0.00,1.0,0.00,5.1,30.84,26.693
1787750584.525,164.8,10.0,14.27,1.8,7.68,1.0,0.00,1.0,0.00,5.4,11.90,13.771,10.0,9.32,1.3,1.88,0.9,0.00,1.0,0.00,5.3,15.35,25.974
1787750586.483,166.8,10.0,2.06,1.7,4.16,1.0,0.00,0.8,0.00,5.1,19.33,13.121,10.0,13.05,1.4,101.80,1.0,0.00,0.8,0.00,5.1,19.29,25.329
1787750588.539,168.8,10.0,2.50,1.6,46.49,1.0,0.00,0.8,0.00,4.8,26.67,12.417,10.1,9.61,1.6,45.45,1.0,0.00,0.5,0.00,4.8,22.58,24.765
1787750590.341,170.6,10.0,5.32,1.8,4.44,1.0,0.00,1.0,0.00,5.5,13.11,11.608,10.0,7.87,1.8,7.28,1.0,0.00,1.0,0.00,5.5,12.61,24.419
1787750592.382,172.7,10.0,6.17,1.6,65.34,1.0,0.00,0.8,0.00,4.9,30.33,10.952,10.0,4.96,1.6,63.95,1.0,0.00,0.8,0.00,4.9,30.35,23.658
1787750594.397,174.7,10.0,8.08,1.6,4.79,1.0,0.00,0.8,0.00,5.0,33.61,10.252,10.0,6.61,1.6,3.61,1.0,0.00,0.8,0.00,5.0,33.71,23.007
1787750596.277,176.6,10.0,4.38,1.8,36.10,1.0,0.00,1.0,0.00,5.3,21.45,9.902,10.0,5.27,1.8,38.37,1.0,0.00,1.0,0.00,5.3,23.23,22.272
1787750598.316,178.6,10.0,5.62,1.6,35.02,1.0,0.00,0.8,0.00,4.9,24.48,9.238,10.0,14.39,1.6,32.57,1.0,0.00,0.8,0.00,4.9,28.11,21.654
1787750600.357,180.7,10.0,3.99,1.6,34.29,1.0,0.00,0.8,0.00,4.8,19.05,8.555,10.0,11.74,1.4,142.88,0.9,0.00,0.8,0.00,4.8,20.61,21.071
1787750602.276,182.6,10.0,1.43,1.7,29.03,1.0,0.00,1.0,0.00,5.2,19.69,7.872,10.0,9.59,1.8,15.68,0.9,0.00,1.0,0.00,5.2,19.56,20.438
1787750604.397,184.7,10.0,4.92,1.6,43.60,1.0,0.00,0.5,0.00,4.7,26.01,7.222,9.9,8.14,1.5,33.15,1.0,0.00,0.5,0.00,4.7,27.23,19.816
1787750606.399,186.7,10.0,3.39,1.6,8.50,1.0,0.00,0.8,0.00,5.0,28.60,6.407,9.9,8.01,1.6,35.73,1.0,0.00,0.8,0.00,4.9,28.64,19.138
1787750608.247,188.5,10.0,3.25,1.8,15.70,1.0,0.00,1.0,0.00,5.4,14.53,5.711,10.1,11.15,1.8,21.78,0.5,0.00,1.0,0.00,5.4,14.87,19.190
1787750610.331,190.6,10.0,1.54,1.6,24.86,1.0,0.00,0.8,0.00,4.8,24.86,5.051,10.1,12.67,1.6,24.68,0.5,0.00,0.5,0.00,4.9,25.32,18.078
1787750612.356,192.7,10.0,6.56,1.6,42.06,1.0,0.00,0.5,0.00,4.9,22.63,4.411,9.9,8.86,1.6,41.40,1.0,0.00,1.0,0.00,4.9,21.73,17.314
1787750614.306,194.6,9.9,3.38,1.7,23.76,1.0,0.00,1.0,0.00,5.2,17.70,3.680,10.0,17.21,1.3,13.27,1.0,0.00,1.0,0.00,5.2,18.94,16.723
1787750616.381,196.7,10.0,3.06,2.1,121.51,1.0,0.00,0.8,0.00,4.8,22.41,2.991,10.0,11.31,1.3,48.51,1.0,0.00,0.8,0.00,4.8,23.09,16.264
1787750618.358,198.7,10.0,4.94,1.9,93.63,1.0,0.00,0.8,0.00,5.0,21.14,2.230,10.0,9.89,1.2,0.00,1.0,0.00,0.8,0.00,5.0,20.87,15.726
1787750620.353,200.7,10.0,14.88,1.7,36.00,1.0,0.00,0.8,0.00,5.0,19.47,1.344,10.0,11.54,1.2,12.03,1.0,0.00,0.8,0.00,5.0,19.83,15.306
1787750622.464,202.8,10.0,7.98,1.6,40.05,1.0,0.00,0.5,0.00,4.8,25.69,0.686,10.1,11.91,1.6,26.00,1.0,0.00,1.0,0.00,4.8,26.77,14.673
1787750624.533,204.8,10.0,2.03,1.0,0.00,1.0,0.00,0.8,0.00,4.8,20.92,0.333,10.1,9.06,2.4,12.62,1.0,0.00,0.5,0.00,4.8,20.52,13.938
1787750626.561,206.9,10.0,8.04,0.5,0.00,1.0,0.00,0.8,0.00,4.9,18.30,0.191,10.0,5.81,1.6,29.29,1.0,0.00,0.8,0.00,4.9,18.39,13.210
1787750628.720,209.0,10.0,2.19,0.5,0.00,1.0,0.00,0.8,0.00,4.9,26.88,0.150,10.0,9.50,1.6,23.89,1.0,0.00,0.8,0.00,4.9,26.53,12.504
1787750630.786,211.1,10.0,2.37,1.0,0.00,1.0,0.00,0.5,0.00,4.8,18.54,0.100,10.0,11.15,1.6,35.92,1.0,0.00,0.8,0.00,4.8,17.46,11.776
1787750632.878,213.2,10.0,7.27,4.9,22.88,1.0,0.00,0.8,0.00,4.8,22.60,0.071,10.1,12.18,1.4,90.38,1.0,0.00,0.5,0.00,4.8,23.36,11.048
1787750634.893,215.2,10.0,1.96,2.5,14.87,1.0,0.00,0.8,0.00,5.0,18.23,0.000,10.1,7.99,1.4,122.14,1.0,0.00,1.0,0.00,5.0,17.83,10.433
1787750636.995,217.3,10.1,31.05,1.3,107.08,1.5,0.00,0.5,0.00,4.7,21.34,27.664,10.0,7.11,1.5,22.70,1.0,0.00,0.8,0.00,4.7,21.55,9.873
1787750639.065,219.4,10.0,1.90,2.3,27.80,1.0,0.00,0.8,0.00,4.9,18.54,27.499,10.1,8.82,1.6,29.72,1.0,0.00,0.8,0.00,4.9,19.44,9.274
1787750641.122,221.4,10.0,1.77,1.7,36.90,1.0,0.00,1.0,0.00,5.0,14.06,26.872,10.0,7.14,1.7,10.15,1.0,0.00,1.0,0.00,5.1,13.75,8.644
1787750643.230,223.5,10.0,3.39,1.6,26.75,0.9,0.00,0.8,0.00,4.8,22.55,26.175,10.0,7.45,1.5,0.74,1.0,0.00,0.5,0.00,4.8,22.54,7.974
1787750645.413,225.7,10.0,2.77,1.1,0.00,0.9,0.00,0.8,0.00,4.6,29.26,25.556,9.9,8.70,1.5,25.02,0.5,0.00,0.5,0.00,4.7,29.40,7.324
1787750647.503,227.8,10.0,1.15,1.6,36.00,0.9,0.00,0.5,0.00,4.8,23.44,25.091,10.0,5.87,1.6,37.08,1.0,0.00,0.8,0.00,4.8,23.60,6.494
1787750649.580,229.9,10.0,5.43,1.6,27.08,1.0,0.00,0.5,0.00,4.8,25.12,24.510,10.0,3.34,1.6,28.85,1.0,0.00,0.8,0.00,4.8,24.73,5.778
1787750651.724,232.0,10.0,1.78,1.5,20.86,0.9,0.00,0.8,0.00,4.7,23.65,23.851,10.0,4.70,2.3,5.96,1.0,0.00,0.5,0.00,4.7,24.79,5.113
1787750653.904,234.2,10.0,1.58,1.5,38.78,0.9,0.00,0.8,0.00,4.6,24.67,23.120,10.0,3.13,1.5,39.03,1.0,0.00,0.5,0.00,4.6,23.14,4.439
1787750656.002,236.3,10.1,2.51,1.5,10.02,1.0,0.00,0.8,0.00,4.7,20.63,22.445,10.0,3.13,1.5,11.33,1.0,0.00,0.8,0.00,4.7,23.73,3.859
1787750658.095,238.4,10.1,2.89,1.7,4.52,1.0,0.00,0.5,0.00,4.9,18.83,21.865,10.0,3.94,1.2,11.23,1.0,0.00,1.0,0.00,4.9,19.66,3.261
1787750660.363,240.7,10.0,3.13,1.1,0.00,0.9,0.00,0.5,0.00,4.4,26.28,21.154,10.0,1.34,1.5,33.54,1.0,0.00,0.8,0.00,4.4,26.56,2.517
1787750662.538,242.8,10.0,12.16,1.2,0.00,1.0,0.00,0.8,0.00,4.4,21.96,20.667,10.0,6.94,1.5,1.90,1.0,0.00,0.8,0.00,4.4,21.37,1.735
1787750664.632,244.9,10.0,1.61,1.6,21.79,1.0,0.00,0.8,0.00,4.7,12.97,20.118,10.0,6.36,1.6,27.24,1.0,0.00,0.5,0.00,4.7,11.20,0.947
1787750666.858,247.2,10.0,2.20,1.5,6.88,1.0,0.00,0.8,0.00,4.4,36.86,19.564,10.1,15.19,1.2,0.00,1.0,0.00,0.5,0.00,4.4,36.44,0.312
1787750669.056,249.4,10.0,1.78,1.5,48.81,1.0,0.00,0.5,0.00,4.4,25.12,19.411,10.1,9.42,1.9,135.73,1.0,0.00,0.8,0.00,4.5,24.97,0.000
1787750671.283,251.6,10.0,1.49,1.5,29.17,1.0,0.00,0.5,0.00,4.5,23.73,18.256,10.1,14.20,4.5,26.25,1.0,0.00,0.8,0.00,4.5,22.73,0.000
1787750673.439,253.7,10.0,6.09,1.5,2.99,1.0,0.00,0.8,0.00,4.7,20.12,17.505,9.9,9.73,2.3,16.86,1.0,0.00,0.8,0.00,4.6,18.41,0.000
1787750675.613,255.9,10.0,7.97,1.6,2.76,1.0,0.00,0.8,0.00,4.6,20.09,16.902,10.2,26.32,1.4,108.28,1.6,404.07,0.8,0.00,4.7,15.78,15.237
1787750677.835,258.1,10.0,3.16,1.1,19.20,1.0,0.00,0.8,0.00,4.4,28.21,16.505,10.0,3.10,1.7,103.85,1.0,0.00,0.5,0.00,4.5,29.47,14.668
1787750680.060,260.4,10.0,3.35,0.9,0.00,0.5,0.00,0.8,0.00,4.6,22.52,16.466,10.0,2.47,1.6,26.12,1.0,0.00,0.5,0.00,4.6,22.08,14.057
1787750682.218,262.5,10.0,6.87,0.7,0.00,1.0,0.00,0.5,0.00,4.5,27.27,15.887,10.0,2.31,1.5,25.63,1.0,0.00,0.8,0.00,4.5,28.06,13.352
1787750684.534,264.8,10.0,4.93,0.9,0.00,1.0,0.00,0.5,0.00,4.4,20.69,15.292,10.0,3.81,1.4,41.02,1.0,0.00,0.8,0.00,4.4,20.63,12.661
1787750686.690,267.0,10.0,3.78,1.6,12.85,1.0,0.00,0.8,0.00,4.7,17.98,14.803,10.0,3.26,1.6,0.00,1.0,0.00,0.8,0.00,4.7,18.42,11.904
1787750689.011,269.3,10.0,12.22,2.2,25.08,1.0,0.00,0.8,0.00,4.2,43.33,14.136,10.0,2.09,1.4,69.11,1.0,0.00,0.8,0.00,4.1,44.36,10.943
1787750691.172,271.5,10.0,3.24,1.5,53.32,1.0,0.00,1.0,0.00,4.7,29.88,13.523,10.0,3.93,1.6,29.80,1.0,0.00,0.8,0.00,4.7,29.28,10.216
1787750693.453,273.8,10.1,4.73,1.5,9.29,0.5,0.00,0.8,0.00,4.4,21.73,12.826,10.0,3.94,1.3,93.38,1.0,0.00,0.5,0.00,4.4,21.61,9.629
1787750695.781,276.1,10.0,1.92,1.4,23.80,1.0,0.00,0.5,0.00,4.2,37.61,11.797,10.0,3.22,1.0,0.00,1.0,0.00,0.5,0.00,4.2,37.23,9.043
1787750697.972,278.3,10.0,4.30,1.5,12.83,1.0,0.00,0.5,0.00,4.6,24.45,10.736,10.0,1.82,1.5,13.31,1.0,0.00,0.8,0.00,4.6,25.34,8.315
1787750700.275,280.6,10.0,10.23,1.4,20.21,1.0,0.00,0.8,0.00,4.3,33.20,10.313,10.0,2.56,1.1,0.00,0.5,0.00,0.8,0.00,4.3,32.55,7.586
1787750702.483,282.8,10.0,5.44,2.3,18.67,1.0,0.00,0.8,0.00,4.7,23.86,10.092,10.0,5.58,1.2,0.00,1.0,0.00,0.8,0.00,4.7,25.66,6.787
1787750704.863,285.2,10.0,2.28,1.4,33.54,1.0,0.00,0.7,0.00,4.2,20.03,9.139,10.0,2.06,1.4,36.47,1.0,0.00,0.8,0.00,4.2,20.72,6.195
1787750707.096,287.4,10.0,2.12,1.4,0.72,1.0,0.00,0.5,0.00,4.4,31.52,8.653,10.0,1.61,1.2,102.39,1.0,0.00,0.5,0.00,4.4,31.28,5.718
1787750709.289,289.6,9.9,3.93,1.6,15.57,1.0,0.00,0.5,0.00,4.7,18.47,8.024,10.0,2.47,1.6,50.83,1.0,0.00,0.5,0.00,4.7,18.54,5.163
1787750711.610,291.9,10.0,2.85,1.4,0.53,1.0,0.00,0.8,0.00,4.4,28.54,7.424,10.1,8.12,1.2,102.55,0.5,0.00,0.8,0.00,4.4,28.45,4.664
1787750713.817,294.1,10.0,2.95,1.6,6.52,1.0,0.00,0.8,0.00,4.6,18.96,6.792,10.0,2.20,1.6,7.77,1.0,0.00,0.8,0.00,4.6,18.02,3.891
1787750716.232,296.5,10.0,2.74,1.2,0.00,1.0,0.00,0.7,0.00,3.9,40.58,5.944,10.0,2.24,0.9,0.00,1.0,0.00,0.7,0.00,3.9,41.64,3.375
1787750718.559,298.9,10.0,4.28,1.4,22.48,1.0,0.00,0.8,0.00,4.3,21.92,5.362,10.0,0.88,1.4,2.92,1.0,0.00,0.8,0.00,4.3,23.92,2.793
1787750720.745,301.0,10.0,3.80,1.6,23.23,1.0,0.00,0.5,0.00,4.7,21.79,4.811,10.0,2.66,1.6,13.42,1.0,0.00,0.5,0.00,4.7,21.94,2.086
1787750723.164,303.5,10.0,3.50,1.4,4.64,1.0,0.00,0.5,0.00,4.2,34.12,4.421,10.0,2.85,1.5,26.41,1.0,0.00,0.5,0.00,4.2,30.64,1.025
1787750725.385,305.7,10.0,3.45,0.8,0.00,0.5,0.00,0.7,0.00,4.4,34.70,4.013,10.0,3.30,1.1,0.00,1.0,0.00,0.8,0.00,4.4,34.55,0.483
1787750727.792,308.1,10.0,2.79,1.4,0.00,1.0,0.00,0.7,0.00,4.0,27.00,3.193,10.0,7.05,0.5,0.00,1.0,0.00,0.7,0.00,4.1,26.96,0.250
1787750730.186,310.5,10.0,2.38,1.4,68.40,1.0,0.00,0.8,0.00,4.2,28.51,2.447,10.0,4.63,1.4,0.00,1.0,0.00,0.8,0.00,4.2,29.45,0.262
1787750732.443,312.7,10.0,9.12,1.4,68.98,1.0,0.00,0.5,0.00,4.3,22.62,1.660,10.0,2.76,2.1,44.76,1.0,0.00,0.5,0.00,4.3,22.12,0.191
1787750734.905,315.2,10.0,4.08,1.3,0.00,1.0,0.00,0.5,0.00,4.0,47.27,0.645,10.0,0.98,1.4,18.71,1.0,0.00,0.5,0.00,4.0,47.18,0.171
1787750737.244,317.5,10.0,5.54,0.5,0.00,1.0,0.00,0.8,0.00,4.5,22.42,0.191,10.0,2.79,1.2,0.00,0.5,0.00,0.8,0.00,4.5,22.66,0.121
1787750739.684,320.0,10.0,3.78,2.1,14.94,1.0,0.00,0.7,0.00,4.1,25.64,0.050,10.5,21.68,1.4,0.00,1.4,326.62,0.7,0.00,4.1,28.02,24.447
1787750741.946,322.2,10.0,2.50,4.5,12.20,1.0,0.00,0.8,0.00,4.5,13.54,0.050,10.0,2.95,2.2,9.10,1.0,0.00,0.8,0.00,4.5,13.77,24.071
1787750744.299,324.6,10.0,2.91,2.0,37.62,1.0,0.00,0.5,0.00,4.1,25.47,0.050,10.0,1.42,1.3,27.68,0.9,0.00,0.5,0.00,4.2,21.52,23.414
1787750746.702,327.0,10.4,23.02,1.8,82.94,1.4,332.30,0.5,0.00,4.2,24.38,15.228,10.0,2.86,1.5,0.00,1.0,0.00,0.5,0.00,4.2,23.91,22.678
1787750749.025,329.3,10.0,3.36,1.4,285.96,1.0,0.00,0.5,0.00,4.2,25.83,14.738,10.0,3.53,1.0,0.00,0.5,0.00,0.5,0.00,4.2,26.51,22.021
1787750751.442,331.7,10.0,1.45,1.0,0.00,1.0,0.00,0.8,0.00,4.2,27.68,14.218,10.0,1.28,1.0,0.00,1.0,0.00,0.8,0.00,4.2,23.03,21.172
1787750753.698,334.0,10.0,6.86,1.3,106.46,1.0,0.00,0.8,0.00,4.4,23.46,13.237,10.0,1.35,1.3,59.64,1.0,0.00,0.8,0.00,4.4,31.04,20.506
1787750756.167,336.5,10.0,2.33,1.4,0.00,1.0,0.00,0.7,0.00,4.2,31.58,12.696,10.0,8.20,1.7,162.65,1.0,0.00,0.7,0.00,4.2,31.47,20.032
1787750758.525,338.8,10.0,2.55,1.4,18.94,1.0,0.00,0.5,0.00,4.4,29.24,12.772,10.0,1.84,1.5,41.31,1.0,0.00,0.5,0.00,4.4,29.07,19.184
1787750761.049,341.3,10.0,1.92,1.0,0.00,1.0,0.00,0.5,0.00,3.8,21.38,11.497,10.0,3.87,1.3,0.00,1.0,0.00,0.5,0.00,3.8,20.56,18.627
1787750763.516,343.8,10.0,1.50,1.3,5.84,1.0,0.00,0.5,0.00,3.9,32.45,11.778,10.0,3.80,1.3,0.00,1.0,0.00,0.7,0.00,3.9,31.49,18.102
1787750765.927,346.2,10.0,2.70,2.0,72.26,1.0,0.00,0.7,0.00,3.9,44.29,11.086,10.0,1.89,1.3,86.64,1.0,0.00,0.7,0.00,3.9,43.62,17.247
1787750768.342,348.6,10.0,2.63,1.4,28.04,1.0,0.00,0.8,0.00,4.2,18.66,9.823,10.0,2.53,1.4,10.85,1.0,0.00,0.5,0.00,4.2,18.81,16.697
1787750770.619,350.9,10.1,2.75,1.6,13.21,1.0,0.00,0.8,0.00,4.7,19.11,9.168,10.0,2.11,1.6,13.21,1.0,0.00,0.5,0.00,4.6,20.90,16.044
1787750773.234,353.5,10.0,2.72,2.0,18.35,0.9,0.00,0.5,0.00,4.0,22.48,8.736,10.0,3.53,1.3,14.96,1.0,0.00,0.5,0.00,4.0,23.05,15.336
1787750775.591,355.9,10.0,1.05,1.6,0.00,1.0,0.00,0.5,0.00,4.2,35.38,7.948,10.0,2.88,1.4,86.79,1.0,0.00,0.5,0.00,4.2,33.60,14.824
1787750778.261,358.6,10.0,4.99,1.2,0.00,1.0,0.00,0.5,0.00,3.5,40.27,7.448,10.0,1.23,1.4,208.80,1.0,0.00,0.5,0.00,3.5,42.74,13.974
1787750780.661,361.0,10.0,7.93,1.4,0.00,1.0,0.00,0.8,0.00,4.2,17.97,6.616,10.0,1.25,1.4,49.96,1.0,0.00,0.8,0.00,4.2,21.19,13.374
1787750783.103,363.4,10.0,1.75,1.3,9.41,1.0,0.00,0.7,0.00,4.0,32.83,6.042,10.0,1.58,1.3,0.00,1.0,0.00,0.7,0.00,4.0,32.74,12.736
1787750785.665,366.0,10.0,1.70,1.1,159.25,0.5,0.00,0.7,0.00,4.0,31.15,5.519,10.0,6.19,1.3,34.21,1.0,0.00,0.5,0.00,4.0,29.39,11.936
1787750788.076,368.4,10.0,2.86,1.4,13.57,1.0,0.00,0.5,0.00,4.1,21.68,4.629,10.0,2.78,1.4,12.12,1.0,0.00,0.5,0.00,4.1,21.41,11.386
1787750790.756,371.1,9.9,3.88,1.2,0.00,1.0,0.00,0.5,0.00,3.8,25.23,4.088,10.0,4.35,1.2,0.00,1.0,0.00,0.5,0.00,3.8,26.06,10.532
1787750793.040,373.3,10.0,1.86,1.4,40.16,1.0,0.00,0.8,0.00,4.3,29.12,3.269,10.0,6.82,1.4,35.77,1.0,0.00,0.8,0.00,4.3,29.40,9.933
1787750795.763,376.1,9.9,7.87,1.2,0.00,1.0,0.00,0.5,0.00,3.6,29.75,2.688,10.0,2.44,1.2,0.00,1.0,0.00,0.7,0.00,3.6,29.23,9.133
1787750798.076,378.4,10.0,3.05,1.6,0.00,1.0,0.00,0.8,0.00,4.6,7.84,1.591,10.0,1.89,1.6,0.00,1.0,0.00,0.8,0.00,4.6,8.26,8.583
1787750800.689,381.0,10.0,2.71,1.3,21.00,1.0,0.00,0.5,0.00,3.8,15.84,0.955,10.0,1.47,1.3,31.81,1.0,0.00,0.5,0.00,3.8,18.44,7.983
1787750803.121,383.4,10.0,3.99,1.0,0.00,0.5,0.00,0.5,0.00,4.3,23.62,0.504,10.0,1.92,1.4,41.59,1.0,0.00,0.5,0.00,4.3,23.29,7.145
1787750805.694,386.0,10.0,9.82,0.5,0.00,1.0,0.00,0.5,0.00,3.7,17.15,0.150,10.0,1.05,1.2,0.00,1.0,0.00,0.5,0.00,3.7,15.04,6.585
1787750808.257,388.6,10.0,3.09,1.2,0.00,0.5,0.00,0.5,0.00,3.9,50.55,0.171,10.0,1.83,1.3,156.77,1.0,0.00,0.5,0.00,3.9,51.18,5.871
1787750810.731,391.0,10.0,1.62,2.0,54.87,1.0,0.00,0.7,0.00,3.9,32.40,0.171,10.0,2.73,1.3,53.01,1.0,0.00,0.7,0.00,3.9,32.14,5.285
1787750813.386,393.7,10.0,2.74,1.3,46.44,0.5,0.00,0.7,0.00,3.8,23.25,0.100,10.0,1.07,1.3,0.00,1.0,0.00,0.7,0.00,3.8,22.90,4.461
1787750815.736,396.0,10.0,1.92,1.4,193.39,1.0,0.00,0.7,0.00,4.2,26.90,0.071,10.0,1.42,1.4,18.00,1.0,0.00,0.5,0.00,4.2,28.36,3.864
1787750818.372,398.7,10.4,22.61,1.3,0.00,1.7,435.68,0.5,0.00,3.9,21.96,24.448,10.0,3.73,1.2,17.87,1.0,0.00,0.5,0.00,3.9,23.04,3.060
1787750820.814,401.1,9.9,3.07,1.6,126.45,1.0,0.00,0.5,0.00,4.2,25.33,23.888,10.0,1.53,1.6,126.22,1.0,0.00,0.5,0.00,4.2,24.42,2.381
1787750823.489,403.8,10.0,7.32,1.2,14.74,1.0,0.00,0.5,0.00,3.7,25.33,23.273,10.0,2.98,1.2,11.54,1.0,0.00,0.5,0.00,3.7,25.47,1.520
1787750825.957,406.3,10.0,1.81,1.4,13.96,1.0,0.00,0.7,0.00,4.1,16.77,22.283,10.0,1.69,1.4,9.36,1.0,0.00,0.5,0.00,4.1,16.74,0.764
1787750828.563,408.9,10.0,5.19,1.2,0.00,1.0,0.00,0.7,0.00,3.7,40.70,21.738,10.0,1.81,0.5,0.00,1.0,0.00,0.5,0.00,3.6,44.18,0.121
1787750831.121,411.4,10.0,3.78,1.3,9.68,0.5,0.00,0.7,0.00,3.9,22.27,21.172,10.0,3.81,1.9,0.00,1.0,0.00,0.7,0.00,3.9,23.34,0.000
1787750833.652,414.0,10.0,4.96,1.0,0.00,0.9,0.00,0.7,0.00,3.8,29.64,20.386,10.0,2.57,3.3,95.80,1.0,0.00,0.7,0.00,3.8,30.39,0.050
1787750836.244,416.5,10.0,3.82,1.3,48.40,1.0,0.00,0.5,0.00,3.9,21.63,19.932,10.0,2.47,1.5,106.97,1.0,0.00,0.7,0.00,3.9,21.04,0.000
1787750838.814,419.1,10.0,3.79,1.4,66.73,1.0,0.00,0.5,0.00,4.1,26.02,19.077,10.0,2.96,2.5,105.96,1.0,0.00,0.5,0.00,4.1,25.30,23.723
1787750841.458,421.8,10.1,3.64,1.2,0.00,1.0,0.00,0.5,0.00,3.8,27.06,18.534,10.0,1.40,1.5,163.89,1.0,0.00,0.5,0.00,3.8,27.67,23.365
1787750843.999,424.3,10.0,3.86,1.3,49.22,1.0,0.00,0.5,0.00,3.9,24.76,17.740,10.0,1.59,1.4,0.00,1.0,0.00,0.5,0.00,3.9,23.46,22.473
1787750846.709,427.0,10.0,3.09,1.2,0.00,0.5,0.00,0.6,0.00,3.6,25.63,17.334,10.0,1.29,1.4,174.47,1.0,0.00,0.5,0.00,3.6,23.63,22.051
1787750849.216,429.5,10.0,3.38,1.3,0.00,1.0,0.00,0.7,0.00,4.0,15.31,16.534,10.0,1.01,1.3,0.00,1.0,0.00,0.7,0.00,4.0,16.23,21.396
1787750852.073,432.4,10.0,2.37,1.2,64.37,1.0,0.00,0.5,0.00,3.6,55.36,15.785,10.0,2.35,1.2,68.32,1.0,0.00,0.6,0.00,3.6,53.94,20.635
1787750854.571,434.9,10.0,2.87,1.3,18.72,1.0,0.00,0.5,0.00,4.0,16.60,15.264,10.0,2.50,1.3,21.00,1.0,0.00,0.5,0.00,4.0,17.61,20.170
1787750857.347,437.6,10.0,1.55,1.3,0.00,1.0,0.00,0.5,0.00,3.6,31.45,14.411,10.0,1.18,1.3,0.00,1.0,0.00,0.5,0.00,3.6,31.74,19.450
1787750859.897,440.2,10.0,3.36,1.4,46.58,1.0,0.00,0.7,0.00,4.1,23.01,13.908,10.0,0.71,1.4,46.49,1.0,0.00,0.7,0.00,4.1,22.90,18.978
1787750862.657,443.0,10.0,5.58,1.3,0.00,1.0,0.00,0.7,0.00,3.7,22.59,13.108,10.0,3.99,1.3,0.00,1.0,0.00,0.7,0.00,3.7,23.32,18.319
1787750865.247,445.5,10.0,2.53,1.3,0.00,1.0,0.00,0.7,0.00,4.1,23.72,12.577,10.0,1.50,1.3,0.00,1.0,0.00,0.5,0.00,4.1,19.37,17.838
1787750868.038,448.3,9.9,7.67,1.3,7.77,1.0,0.00,0.7,0.00,3.8,27.76,11.824,10.0,4.04,1.3,9.57,1.0,0.00,0.5,0.00,3.8,32.59,16.992
1787750870.637,450.9,10.0,3.74,1.3,50.81,1.0,0.00,0.5,0.00,3.8,23.65,10.924,10.0,1.22,1.3,50.99,1.0,0.00,0.5,0.00,3.8,24.37,16.520
1787750873.465,453.8,10.0,4.08,1.4,138.13,1.0,0.00,0.5,0.00,3.3,46.79,10.336,10.0,0.73,1.1,0.00,1.0,0.00,0.5,0.00,3.3,48.60,15.731
1787750876.129,456.4,10.0,3.90,1.2,0.00,1.0,0.00,0.5,0.00,3.7,33.37,9.433,10.0,9.23,1.2,6.11,1.0,0.00,0.7,0.00,3.7,34.28,14.947
1787750878.910,459.2,10.0,2.39,1.1,73.08,1.0,0.00,0.5,0.00,3.3,35.42,8.633,10.0,1.65,1.1,0.00,1.0,0.00,0.6,0.00,3.3,36.00,14.501
1787750881.639,461.9,10.0,4.26,1.1,0.00,1.0,0.00,0.7,0.00,3.7,49.20,8.033,10.0,1.25,1.3,0.00,1.0,0.00,0.7,0.00,3.7,50.62,13.786
1787750884.376,464.7,10.0,7.91,1.2,0.00,1.0,0.00,0.6,0.00,3.4,36.54,7.233,10.0,2.85,1.1,29.33,1.0,0.00,0.5,0.00,3.4,36.50,13.046
1787750887.027,467.3,10.0,3.11,1.3,15.67,1.0,0.00,0.5,0.00,3.8,15.78,6.435,10.0,3.83,1.2,0.00,1.0,0.00,0.5,0.00,3.8,16.93,12.494
1787750889.778,470.1,10.0,3.24,1.2,0.00,1.0,0.00,0.5,0.00,3.5,28.13,5.936,10.0,2.48,1.2,0.00,1.0,0.00,0.5,0.00,3.5,29.12,11.633
1787750892.511,472.8,10.0,5.45,1.3,0.00,1.0,0.00,0.5,0.00,3.7,21.90,5.195,10.0,1.80,1.2,22.19,1.0,0.00,0.5,0.00,3.7,20.09,11.013
1787750895.282,475.6,10.0,2.94,1.2,43.37,1.0,0.00,0.5,0.00,3.5,35.38,4.331,10.0,1.11,1.2,44.35,1.0,0.00,0.5,0.00,3.5,34.09,10.370
1787750898.036,478.3,10.0,5.81,1.5,147.20,1.0,0.00,0.5,0.00,3.7,22.11,3.781,10.0,1.46,1.2,0.00,1.0,0.00,0.7,0.00,3.7,23.38,9.552
1787750900.798,481.1,10.0,5.54,1.8,46.35,1.0,0.00,0.7,0.00,3.6,37.38,2.944,10.0,1.42,1.1,0.00,1.0,0.00,0.6,0.00,3.5,38.66,8.653
1787750903.521,483.8,10.0,4.40,1.8,33.69,1.0,0.00,0.6,0.00,3.6,22.93,1.969,10.0,1.10,1.2,17.01,1.0,0.00,0.5,0.00,3.6,21.49,8.248
1787750906.274,486.6,10.0,2.90,1.2,10.92,1.0,0.00,0.5,0.00,3.5,21.67,1.471,10.0,3.91,1.2,0.00,1.0,0.00,0.5,0.00,3.5,20.28,7.414
1787750909.032,489.3,10.0,3.42,1.2,0.00,1.0,0.00,0.5,0.00,3.5,43.47,0.545,10.0,1.49,1.1,0.00,1.0,0.00,0.5,0.00,3.5,40.75,6.688
1787750911.808,492.1,10.0,4.08,0.5,0.00,1.0,0.00,0.5,0.00,3.4,33.20,0.121,10.0,1.34,1.1,2.75,1.0,0.00,0.5,0.00,3.4,33.64,6.167
1787750914.543,494.8,10.0,4.51,2.0,135.62,1.0,0.00,0.5,0.00,3.5,22.81,0.050,10.0,1.35,1.2,0.00,1.0,0.00,0.6,0.00,3.5,23.24,5.512
1787750917.247,497.5,10.0,1.63,2.4,147.21,1.0,0.00,0.5,0.00,3.5,26.67,0.050,10.0,3.77,1.1,0.00,1.0,0.00,0.5,0.00,3.5,31.27,4.720
1787750920.036,500.3,10.5,21.65,1.3,0.00,1.6,411.36,0.7,0.00,3.6,28.55,23.727,10.0,3.90,1.2,36.93,1.0,0.00,0.5,0.00,3.6,26.40,4.213
