wall_time,sim_time,elapsed_s,panther/cmd_vel_nav_hz,panther/cmd_vel_nav_jitter_ms,panther/cmd_vel_nav_sim_hz,panther/cmd_vel_nav_sim_jitter_ms,panther/amcl_pose_hz,panther/amcl_pose_jitter_ms,panther/amcl_pose_sim_hz,panther/amcl_pose_sim_jitter_ms,panther/plan_hz,panther/plan_jitter_ms,panther/plan_sim_hz,panther/plan_sim_jitter_ms,panther/local_costmap_hz,panther/local_costmap_jitter_ms,panther/local_costmap_sim_hz,panther/local_costmap_sim_jitter_ms,panther/velodyne_filtered_hz,panther/velodyne_filtered_jitter_ms,panther/velodyne_filtered_sim_hz,panther/velodyne_filtered_sim_jitter_ms,panther/path_length_m
1788342136.254,126.968,0.1,0.50,0.00,0.50,0.00,0.00,0.00,0.00,0.00,0.00,0.00,0.00,0.00,0.00,0.00,0.00,0.00,0.00,0.00,0.00,0.00,0.000
1788342136.284,127.000,0.1,0.50,0.00,0.50,0.00,0.00,0.00,0.00,0.00,0.00,0.00,0.00,0.00,0.00,0.00,0.00,0.00,0.00,0.00,0.00,0.00,0.000
1788342137.368,128.000,1.2,10.02,1.21,10.78,3.33,0.00,0.00,0.00,0.00,0.00,0.00,0.00,0.00,1.67,0.00,1.80,0.00,4.62,1.77,5.00,0.00,0.000
1788342138.451,129.000,2.3,10.01,0.96,10.82,2.73,0.00,0.00,0.00,0.00,0.50,0.00,0.50,0.00,1.67,1.50,1.81,2.00,4.62,1.22,5.00,0.00,6.896
1788342139.539,130.000,3.4,10.00,0.89,10.89,1.94,2.34,0.00,2.50,0.00,0.96,0.00,1.04,0.00,1.67,0.42,1.81,3.27,4.61,1.51,5.00,0.00,6.246
1788342140.645,131.000,4.5,10.01,0.83,11.03,2.57,2.27,8.95,2.50,0.00,0.97,0.00,1.04,2.00,1.67,0.25,1.83,6.80,4.55,3.69,5.00,0.00,5.646
1788342141.740,132.000,5.6,10.00,0.91,11.01,3.30,2.28,6.93,2.50,0.00,0.97,0.00,1.07,14.00,1.67,0.38,1.84,6.80,4.54,3.74,5.00,0.00,4.326
1788342142.828,133.000,6.7,10.01,0.85,10.94,2.56,2.27,7.34,2.50,0.00,0.98,0.00,1.06,6.00,1.67,0.52,1.82,6.53,4.58,2.02,5.00,0.00,3.764
1788342143.916,134.000,7.8,10.00,0.87,10.89,4.00,2.86,108.34,3.12,97.98,0.97,0.00,1.06,6.00,1.67,0.33,1.81,3.77,4.59,0.73,5.00,0.00,3.014
1788342145.007,135.000,8.9,9.99,0.84,10.87,3.90,4.11,72.08,4.44,66.14,0.98,0.00,1.05,0.00,1.66,0.92,1.81,3.77,4.59,0.77,5.00,0.00,2.255
1788342146.115,136.000,10.0,10.00,1.77,10.98,3.68,3.55,105.51,3.89,90.35,0.97,0.00,1.07,12.00,1.66,0.57,1.83,6.80,4.54,12.10,5.00,0.00,1.523
1788342147.213,137.000,11.1,10.01,1.75,11.04,4.76,2.31,13.78,2.50,0.00,0.98,0.00,1.08,2.00,1.67,1.92,1.84,3.27,4.53,12.05,5.00,0.00,0.745
1788342148.306,138.000,12.2,9.99,0.48,10.96,4.56,2.26,9.81,2.50,0.00,0.98,0.00,1.07,4.00,1.67,0.11,1.82,3.27,4.56,1.26,5.00,0.00,0.333
1788342149.398,139.000,13.2,10.01,1.01,10.91,3.68,1.52,171.83,1.67,163.30,0.97,0.00,1.07,2.00,1.67,0.14,1.82,1.89,4.58,0.60,5.00,0.00,0.150
1788342150.493,140.000,14.3,10.02,2.52,10.96,5.33,1.53,171.26,1.67,163.30,0.97,0.00,1.06,4.00,1.67,0.51,1.82,3.27,4.57,0.78,5.00,0.00,0.121
1788342151.612,141.000,15.5,9.99,2.45,11.07,5.74,2.24,28.63,2.50,0.00,0.98,0.00,1.07,16.00,1.67,0.60,1.85,6.80,4.51,14.50,5.00,0.00,0.141
1788342152.712,142.000,16.6,10.00,0.91,11.09,4.47,2.89,106.41,3.12,97.98,0.97,0.00,1.09,4.00,1.67,0.70,1.85,8.22,4.50,14.43,5.00,0.00,0.121
1788342153.812,143.000,17.7,9.99,1.08,10.98,3.24,3.54,100.34,3.89,90.35,0.97,0.00,1.07,8.00,1.67,0.19,1.83,4.99,4.54,1.02,5.00,0.00,0.071
1788342154.909,144.000,18.8,10.52,21.15,11.51,19.11,3.03,109.30,3.33,100.00,0.96,0.00,1.09,22.00,1.67,0.50,1.82,3.27,4.56,0.59,5.00,0.00,24.068
1788342156.016,145.000,19.9,10.51,21.17,11.55,18.71,3.97,76.17,4.37,69.99,0.94,0.00,1.07,40.00,1.67,0.72,1.84,6.53,4.54,1.75,5.00,0.00,24.027
1788342157.134,146.000,21.0,10.00,1.06,11.16,3.55,2.80,174.70,3.33,152.75,0.94,0.00,1.03,8.00,1.67,0.72,1.86,3.77,4.48,8.64,5.00,0.00,23.765
1788342158.239,147.000,22.1,10.01,0.84,11.13,3.13,1.96,97.36,2.22,86.60,0.94,0.00,1.05,4.00,1.67,1.40,1.85,5.66,4.50,8.10,5.00,0.00,23.195
1788342159.341,148.000,23.2,10.01,1.07,11.02,2.80,2.27,4.67,2.50,0.00,0.93,0.00,1.04,6.00,1.67,0.99,1.83,3.77,4.54,0.82,5.00,0.00,22.619
1788342160.446,149.000,24.3,10.01,1.00,11.02,2.80,2.27,0.68,2.50,0.00,0.95,0.00,1.03,4.00,1.67,0.55,1.83,3.77,4.53,2.79,5.00,0.00,21.503
1788342161.558,150.000,25.4,10.00,0.84,11.09,3.35,2.26,6.42,2.50,0.00,0.95,0.00,1.04,6.00,1.67,0.44,1.85,3.27,4.53,2.27,5.00,0.00,21.048
1788342162.691,151.000,26.5,9.99,0.93,11.25,4.81,2.23,8.74,2.50,0.00,0.95,0.00,1.07,18.00,1.67,1.04,1.88,6.80,4.44,4.41,5.00,0.00,20.545
1788342163.804,152.000,27.7,10.00,1.13,11.25,4.66,2.21,7.45,2.50,0.00,0.95,0.00,1.07,20.00,1.67,0.24,1.86,6.80,4.45,4.64,5.00,0.00,19.948
1788342164.912,153.000,28.8,9.99,0.95,11.11,3.13,2.25,5.11,2.50,0.00,0.95,0.00,1.05,6.00,1.67,0.57,1.86,7.54,4.50,1.60,5.00,0.00,19.348
1788342166.021,154.000,29.9,10.01,0.86,11.09,3.13,2.25,0.75,2.50,0.00,0.96,0.00,1.05,4.00,1.66,0.64,1.84,4.99,4.51,0.72,5.00,0.00,18.745
1788342167.139,155.000,31.0,10.00,0.68,11.16,3.75,2.25,7.82,2.50,0.00,0.94,0.00,1.05,4.00,1.66,0.63,1.85,4.99,4.49,1.55,5.00,0.00,18.101
1788342168.269,156.000,32.1,10.00,0.69,11.20,4.07,2.21,2.67,2.50,0.00,0.96,0.00,1.07,8.00,1.67,0.19,1.88,8.64,4.44,5.86,5.00,0.00,17.543
1788342169.388,157.000,33.2,10.00,0.79,11.25,3.80,2.22,6.35,2.50,0.00,0.96,0.00,1.08,2.00,1.67,0.70,1.88,9.43,4.48,1.86,5.00,0.00,16.984
1788342170.499,158.000,34.4,9.99,0.61,11.18,3.73,2.23,6.01,2.50,0.00,0.94,0.00,1.07,4.00,1.67,0.48,1.85,6.53,4.49,0.85,5.00,0.00,16.334
1788342171.615,159.000,35.5,9.99,0.62,11.16,3.11,2.24,4.15,2.50,0.00,0.96,0.00,1.06,2.00,1.67,0.85,1.85,6.53,4.49,0.71,5.00,0.00,15.676
1788342172.739,160.000,36.6,10.00,0.70,11.22,3.00,2.79,112.47,3.12,97.98,0.96,0.00,1.06,0.00,1.66,0.67,1.86,3.77,4.47,1.04,5.00,0.00,14.976
1788342173.872,161.000,37.7,10.00,0.89,11.25,4.34,2.76,116.75,3.13,97.98,0.96,0.00,1.08,16.00,1.67,0.97,1.88,6.80,4.43,18.45,5.00,0.00,14.326
1788342175.003,162.000,38.9,10.01,0.93,11.34,4.09,2.25,14.53,2.50,0.00,0.97,0.00,1.08,12.00,1.67,0.54,1.89,8.22,4.53,10.21,5.00,0.00,13.621
1788342176.122,163.000,40.0,10.00,0.65,11.29,3.47,2.21,9.46,2.50,0.00,0.96,0.00,1.08,12.00,1.67,0.30,1.88,8.64,4.45,2.13,5.00,0.00,12.971
1788342177.246,164.000,41.1,10.00,0.71,11.22,3.45,2.25,4.69,2.50,0.00,0.97,0.00,1.08,4.00,1.67,0.67,1.87,3.27,4.46,1.38,5.00,0.00,11.763
1788342178.379,165.000,42.2,9.99,0.69,11.25,3.99,2.23,13.03,2.50,0.00,0.97,0.00,1.09,6.00,1.67,1.02,1.88,4.99,4.43,2.16,5.00,0.00,11.208
1788342179.520,166.000,43.4,10.00,0.80,11.41,4.66,2.22,15.05,2.50,0.00,0.97,0.00,1.10,6.00,1.67,0.87,1.90,6.80,4.40,18.44,5.00,0.00,10.655
1788342180.649,167.000,44.5,10.00,0.80,11.34,5.18,2.18,13.62,2.50,0.00,0.97,0.00,1.11,2.00,1.67,0.63,1.88,3.27,4.50,10.56,5.00,0.00,10.007
1788342181.772,168.000,45.6,10.00,0.74,11.22,3.85,2.22,4.94,2.50,0.00,0.97,0.00,1.10,8.00,1.67,0.72,1.87,4.99,4.45,0.83,5.00,0.00,9.399
1788342182.903,169.000,46.8,10.00,0.84,11.29,3.03,2.25,6.41,2.50,0.00,0.97,0.00,1.08,4.00,1.67,0.75,1.88,6.80,4.43,1.75,5.00,0.00,8.718
1788342184.040,170.000,47.9,9.99,0.83,11.39,3.90,2.20,7.37,2.50,0.00,0.97,0.00,1.08,6.00,1.67,0.32,1.89,3.27,4.40,1.57,5.00,0.00,8.105
1788342185.181,171.000,49.0,10.00,0.85,11.39,4.90,2.20,27.32,2.50,0.00,0.98,0.00,1.12,20.00,1.67,0.37,1.91,3.27,4.38,9.42,5.00,0.00,7.505
1788342186.313,172.000,50.2,10.00,1.06,11.39,3.71,2.22,17.79,2.50,0.00,0.96,0.00,1.11,24.00,1.67,1.25,1.89,5.66,4.45,4.62,5.00,0.00,6.905
1788342187.441,173.000,51.3,10.01,1.23,11.32,2.67,2.23,4.54,2.50,0.00,0.96,0.00,1.09,4.00,1.67,0.98,1.88,3.27,4.43,0.82,5.00,0.00,6.355
1788342188.580,174.000,52.4,10.00,1.38,11.32,3.80,2.21,8.41,2.50,0.00,0.96,0.00,1.10,4.00,1.67,0.30,1.89,4.99,4.40,1.33,5.00,0.00,5.273
1788342189.722,175.000,53.6,10.00,1.41,11.46,3.93,2.20,8.93,2.50,0.00,0.96,0.00,1.09,2.00,1.67,0.56,1.90,3.77,4.39,1.69,5.00,0.00,4.673
1788342190.872,176.000,54.7,10.00,0.80,11.41,4.16,2.17,4.38,2.50,0.00,0.96,0.00,1.10,6.00,1.67,0.88,1.90,9.43,4.36,4.73,5.00,0.00,4.126
1788342192.011,177.000,55.9,10.00,0.88,11.43,4.72,2.18,5.82,2.50,0.00,0.97,0.00,1.11,2.00,1.67,0.18,1.90,7.54,4.40,2.11,5.00,0.00,3.611
1788342193.156,178.000,57.0,9.99,0.86,11.39,4.74,2.77,113.33,3.12,97.98,0.97,0.00,1.10,2.00,1.67,0.18,1.90,7.54,4.39,2.41,5.00,0.00,2.923
1788342194.299,179.000,58.2,9.99,1.09,11.41,4.50,3.29,111.43,3.75,94.28,0.98,0.00,1.11,10.00,1.66,1.09,1.90,4.99,4.36,2.49,5.00,0.00,2.230
1788342195.449,180.000,59.3,10.01,0.98,11.51,3.85,2.17,6.38,2.78,80.00,0.97,0.00,1.12,6.00,1.67,0.62,1.90,1.89,4.35,3.86,5.00,0.00,1.542
1788342196.607,181.000,60.5,10.00,1.20,11.55,4.95,2.15,3.28,2.50,0.00,0.97,0.00,1.13,12.00,1.67,0.42,1.94,9.80,4.33,5.85,5.00,0.00,0.816
1788342197.748,182.000,61.6,10.00,0.82,11.53,4.88,1.85,105.23,2.22,86.60,0.98,0.00,1.13,10.00,1.67,0.36,1.92,11.31,4.38,1.88,5.00,0.00,0.404
1788342198.899,183.000,62.8,10.02,0.90,11.48,5.11,1.25,108.36,1.67,163.30,0.97,0.00,1.12,4.00,1.67,0.34,1.91,5.66,4.37,2.38,5.00,0.00,0.171
1788342200.045,184.000,63.9,10.00,1.04,11.58,4.29,4.36,1.15,1.67,565.69,0.97,0.00,1.11,0.00,1.67,0.24,1.92,7.54,4.35,1.57,5.00,0.00,0.100
1788342201.194,185.000,65.0,10.01,0.99,11.46,4.11,4.36,3.00,5.00,0.00,0.97,0.00,1.11,0.00,1.67,0.41,1.89,3.27,4.36,0.72,5.00,0.00,0.050
1788342202.354,186.000,66.2,10.52,21.20,12.05,18.19,3.79,79.33,4.44,66.14,1.69,428.51,1.60,371.60,1.50,94.46,1.73,72.61,4.32,5.45,5.00,0.00,27.643
1788342203.512,187.000,67.4,10.54,21.17,12.15,18.14,3.26,108.00,3.89,90.35,1.62,452.71,1.58,377.63,1.50,94.42,1.75,76.38,4.34,2.74,5.00,0.00,27.576
1788342204.661,188.000,68.5,10.00,0.91,11.57,4.68,3.79,81.88,4.37,69.99,0.94,0.00,1.55,386.57,1.66,4.61,1.92,7.54,4.33,2.16,5.00,0.00,27.294
1788342205.811,189.000,69.7,10.00,0.70,11.46,4.61,2.71,114.99,3.33,100.00,0.91,0.00,1.08,8.00,1.67,7.90,1.91,6.80,4.35,0.93,5.00,0.00,26.693
1788342206.971,190.000,70.8,10.00,0.44,11.55,4.51,2.16,5.46,2.50,0.00,0.96,0.00,1.06,10.00,1.67,0.20,1.92,3.27,4.33,1.48,5.00,0.00,26.077
1788342208.137,191.000,72.0,10.00,0.49,11.66,4.98,2.14,8.86,2.50,0.00,0.95,0.00,1.08,28.00,1.67,4.55,1.94,5.66,4.29,4.02,5.00,0.00,25.633
1788342209.305,192.000,73.2,10.00,0.50,11.71,5.73,2.16,3.47,2.50,0.00,0.94,0.00,1.11,4.00,1.67,2.54,1.94,3.27,4.30,2.90,5.00,0.00,25.173
1788342210.460,193.000,74.3,10.00,0.74,11.64,4.84,2.16,4.16,2.50,0.00,0.94,0.00,1.11,2.00,1.67,0.64,1.94,5.66,4.31,2.56,5.00,0.00,24.791
1788342211.617,194.000,75.5,10.00,0.65,11.57,4.53,2.17,3.46,2.50,0.00,0.96,0.00,1.09,6.00,1.67,0.41,1.92,3.77,4.33,0.77,5.00,0.00,23.634
1788342212.797,195.000,76.6,10.00,0.54,11.71,4.95,2.14,6.17,2.50,0.00,0.93,0.00,1.11,4.00,1.67,1.17,1.94,8.64,4.29,2.53,5.00,0.00,23.034
1788342213.966,196.000,77.8,10.00,0.54,11.69,4.97,2.12,6.15,2.50,0.00,0.93,0.00,1.09,14.00,1.43,100.02,1.76,83.03,4.25,4.59,5.00,0.00,22.484
1788342215.139,197.000,79.0,10.00,0.55,11.73,4.63,2.14,6.98,2.50,0.00,0.95,0.00,1.09,12.00,1.50,94.45,1.76,83.03,4.26,3.55,5.00,0.00,21.958
1788342216.301,198.000,80.2,10.00,0.69,11.71,5.09,2.15,7.77,2.50,0.00,0.95,0.00,1.10,4.00,1.66,1.31,1.96,6.80,4.29,1.85,5.00,0.00,21.431
1788342217.460,199.000,81.3,10.00,0.63,11.62,4.84,2.16,4.53,2.50,0.00,0.95,0.00,1.10,4.00,1.67,0.19,1.92,0.00,4.31,1.11,5.00,0.00,20.814
1788342218.640,200.000,82.5,10.00,1.12,11.71,5.09,2.12,7.71,2.50,0.00,0.95,0.00,1.11,4.00,1.67,0.17,1.93,3.77,4.26,3.66,5.00,0.00,20.222
1788342219.820,201.000,83.7,10.00,1.76,11.86,5.77,2.11,9.20,2.50,0.00,0.95,0.00,1.12,4.00,1.50,94.31,1.78,77.38,4.22,3.95,5.00,0.00,19.595
1788342220.987,202.000,84.8,10.00,1.58,11.76,6.04,2.12,7.53,2.50,0.00,0.96,0.00,1.12,8.00,1.67,0.33,1.96,4.99,4.25,3.35,5.00,0.00,18.977
1788342222.160,203.000,86.0,10.00,0.88,11.66,6.44,2.13,7.19,2.50,0.00,0.96,0.00,1.13,6.00,1.66,0.96,1.95,5.66,4.28,0.75,5.00,0.00,17.740
1788342223.329,204.000,87.2,9.98,0.64,11.71,5.61,2.12,4.44,2.50,0.00,0.96,0.00,1.13,12.00,1.66,1.83,1.94,5.66,4.27,1.89,5.00,0.00,17.242
1788342224.525,205.000,88.4,9.98,0.55,11.83,5.69,2.11,6.13,2.50,0.00,0.96,0.00,1.13,14.00,1.67,1.71,1.95,5.66,4.22,20.48,5.00,0.00,16.754
1788342225.705,206.000,89.6,10.00,0.67,11.86,6.87,2.11,6.86,2.50,0.00,0.97,0.00,1.13,10.00,1.50,94.22,1.79,71.65,4.20,20.39,5.00,0.00,16.293
1788342226.875,207.000,90.7,9.99,1.14,11.69,5.87,2.14,3.01,2.50,0.00,0.98,0.00,1.14,12.00,1.67,0.30,1.95,3.27,4.26,2.26,5.00,0.00,15.902
1788342228.048,208.000,91.9,10.00,0.95,11.64,5.52,2.14,3.61,2.50,0.00,0.95,0.00,1.14,8.00,1.67,0.06,1.95,1.89,4.27,1.31,5.00,0.00,15.461
1788342229.220,209.000,93.1,10.00,0.50,11.76,5.17,2.13,2.95,2.50,0.00,0.96,0.00,1.13,4.00,1.67,0.09,1.96,3.77,4.27,1.26,5.00,0.00,14.955
1788342230.435,210.000,94.3,10.02,0.83,12.05,7.84,2.08,14.80,2.50,0.00,0.95,0.00,1.12,0.00,1.50,94.60,1.80,73.54,4.17,12.13,5.00,0.00,14.398
1788342231.617,211.000,95.5,10.01,0.86,12.02,8.00,2.41,108.57,2.78,80.00,0.98,0.00,1.16,12.00,1.67,0.15,1.79,71.73,4.23,2.43,5.00,0.00,13.137
1788342232.796,212.000,96.6,10.00,0.56,11.86,4.71,2.11,8.09,2.78,80.00,0.95,0.00,1.15,20.00,1.67,0.26,1.96,1.89,4.25,1.01,5.00,0.00,12.383
1788342233.978,213.000,97.8,10.00,0.74,11.76,5.68,2.10,10.04,2.50,0.00,0.96,0.00,1.13,0.00,1.43,100.60,1.77,82.04,4.23,1.88,5.00,0.00,11.697
1788342235.177,214.000,99.0,10.01,0.75,11.88,5.72,2.10,10.20,2.50,0.00,0.96,0.00,1.13,0.00,1.67,0.38,1.77,81.15,4.21,3.88,5.00,0.00,10.990
1788342236.370,215.000,100.2,10.00,0.69,11.90,6.01,2.10,29.26,2.50,0.00,0.96,0.00,1.14,12.00,1.50,94.46,1.80,63.19,4.17,18.14,5.00,0.00,10.495
1788342237.550,216.000,101.4,9.99,0.82,11.76,5.92,2.17,14.50,2.50,0.00,0.96,0.00,1.15,6.00,1.67,0.31,1.97,0.00,4.23,0.85,5.00,0.00,10.030
1788342238.735,217.000,102.6,10.00,1.93,11.90,5.14,2.13,6.32,2.50,0.00,0.96,0.00,1.14,4.00,1.67,0.60,1.97,0.00,4.23,1.16,5.00,0.00,9.661
1788342239.922,218.000,103.8,10.00,0.60,11.93,4.79,2.11,5.46,2.50,0.00,0.96,0.00,1.14,6.00,1.67,1.93,1.97,0.00,4.22,1.13,5.00,0.00,8.586
1788342241.138,219.000,105.0,10.00,0.46,12.02,6.43,2.07,7.71,2.50,0.00,0.96,0.00,1.15,18.00,1.43,102.02,1.79,71.65,4.15,4.46,5.00,0.00,8.056
1788342242.330,220.000,106.2,10.00,0.69,12.05,6.86,2.07,7.97,2.50,0.00,0.96,0.00,1.17,8.00,1.25,1.50,1.51,14.97,4.15,4.34,5.00,0.00,7.486
1788342243.529,221.000,107.4,10.01,0.65,12.05,4.60,2.08,4.30,2.50,0.00,0.97,0.00,1.15,8.00,1.43,100.05,1.62,79.80,4.18,1.37,5.00,0.00,6.936
1788342244.722,222.000,108.6,10.00,0.46,12.00,4.96,2.10,4.38,2.50,0.00,0.97,0.00,1.15,12.00,1.25,0.19,1.64,74.50,4.18,1.29,5.00,0.00,6.386
1788342245.926,223.000,109.8,10.00,0.55,12.03,5.77,2.08,5.30,2.50,0.00,0.97,0.00,1.17,2.00,1.43,100.06,1.63,78.41,4.17,2.05,5.00,0.00,5.828
1788342247.153,224.000,111.0,10.00,0.45,12.10,7.36,2.05,10.04,2.50,0.00,0.98,0.00,1.17,32.00,1.25,1.28,1.64,75.35,4.10,5.84,5.00,0.00,4.636
1788342248.357,225.000,112.2,9.99,0.73,12.12,7.56,2.06,12.59,2.50,0.00,0.97,0.00,1.19,22.00,1.25,0.08,1.53,4.99,4.11,6.01,5.00,0.00,4.014
1788342249.558,226.000,113.4,10.00,0.76,12.02,7.21,2.08,10.10,2.50,0.00,0.97,0.00,1.17,8.00,1.25,0.01,1.52,1.89,4.16,1.63,5.00,0.00,3.529
1788342250.764,227.000,114.6,9.99,0.71,12.05,7.33,2.08,5.77,2.50,0.00,0.97,0.00,1.16,12.00,1.25,0.44,1.49,8.00,4.16,1.81,5.00,0.00,2.923
1788342251.984,228.000,115.8,9.99,0.81,12.15,6.62,2.06,1.59,2.50,0.00,0.97,0.00,1.17,14.00,1.24,4.91,1.51,9.98,4.12,3.08,5.00,0.00,2.249
1788342253.205,229.000,117.1,10.00,0.93,12.24,6.92,2.04,5.62,2.50,0.00,0.97,0.00,1.19,6.00,1.25,6.93,1.53,13.60,4.09,5.66,5.00,0.00,1.635
1788342254.412,230.000,118.3,10.00,0.65,12.20,6.73,2.05,8.39,2.50,0.00,0.98,0.00,1.18,10.00,1.25,0.93,1.52,13.20,4.14,2.39,5.00,0.00,0.333
1788342255.616,231.000,119.5,10.00,1.48,12.07,6.05,1.55,220.88,1.87,188.56,0.97,0.00,1.17,6.00,1.25,1.50,1.51,6.80,4.16,0.49,5.00,0.00,0.050
1788342256.837,232.000,120.7,10.01,1.47,12.15,7.20,4.15,4.14,3.33,223.61,0.97,0.00,1.18,2.00,1.25,0.31,1.52,9.98,4.12,3.51,5.00,0.00,0.050
1788342258.078,233.000,121.9,10.00,1.03,12.24,9.01,4.07,7.31,5.00,0.00,0.97,0.00,1.18,8.00,1.25,0.04,1.52,9.80,4.06,6.51,5.00,0.00,0.150
1788342259.296,234.000,123.1,10.00,0.99,12.37,7.83,4.07,6.53,5.00,0.00,0.97,0.00,1.20,0.00,1.25,0.15,1.53,12.36,4.06,5.67,5.00,0.00,0.121
1788342260.508,235.000,124.4,10.01,0.39,12.20,7.12,4.06,6.87,5.00,0.00,0.97,0.00,1.18,6.00,1.25,1.03,1.54,11.47,4.11,2.24,5.00,0.00,0.000
1788342261.739,236.000,125.6,10.60,21.30,12.76,18.00,4.05,0.00,1.11,700.00,1.54,378.38,1.59,306.45,1.25,1.53,1.53,6.53,4.08,2.75,5.00,0.00,15.270
1788342262.964,237.000,126.8,10.00,1.29,12.86,17.64,2.45,114.73,3.00,94.28,0.96,0.00,1.56,313.96,1.25,0.46,1.53,6.80,4.07,3.54,5.00,0.00,14.447
1788342264.204,238.000,128.1,10.00,0.82,12.40,6.90,2.02,9.10,2.50,0.00,0.96,0.00,1.17,8.00,1.25,1.31,1.53,3.27,4.05,5.25,5.00,0.00,13.877
1788342265.429,239.000,129.3,9.98,1.31,12.24,7.82,2.02,8.45,2.50,0.00,0.95,0.00,1.18,0.00,1.25,0.58,1.55,4.99,4.06,4.97,5.00,0.00,13.352
1788342266.663,240.000,130.5,9.98,1.93,12.24,7.91,2.03,7.23,2.50,0.00,0.95,0.00,1.17,10.00,1.25,0.38,1.54,8.22,4.07,2.31,5.00,0.00,12.782
1788342267.885,241.000,131.7,10.00,1.95,12.37,7.57,2.02,5.66,2.50,0.00,0.95,0.00,1.17,8.00,1.25,2.02,1.53,4.99,4.06,1.97,5.00,0.00,12.245
1788342269.140,242.000,133.0,10.00,0.32,12.35,7.33,1.98,29.23,2.50,0.00,0.95,0.00,1.19,12.00,1.25,0.06,1.54,1.89,3.99,12.67,5.00,0.00,11.052
1788342270.371,243.000,134.2,10.00,0.98,12.37,6.53,2.02,30.24,2.50,0.00,0.95,0.00,1.18,18.00,1.25,0.07,1.55,15.43,4.01,13.41,5.00,0.00,10.445
1788342271.597,244.000,135.4,10.00,2.35,12.35,6.86,2.02,13.26,2.50,0.00,0.96,0.00,1.17,8.00,1.25,0.17,1.55,14.97,4.07,2.35,5.00,0.00,9.788
1788342272.842,245.000,136.7,10.00,2.32,12.30,8.46,2.03,11.25,2.50,0.00,0.95,0.00,1.18,0.00,1.25,0.04,1.56,7.54,4.04,3.39,5.00,0.00,9.201
1788342274.066,246.000,137.9,10.00,1.01,12.30,7.63,2.05,11.49,2.50,0.00,0.95,0.00,1.18,4.00,1.25,0.07,1.54,14.73,4.06,2.04,5.00,0.00,8.536
1788342275.315,247.000,139.2,10.00,1.11,12.45,7.48,2.03,15.72,2.50,0.00,0.95,0.00,1.17,12.00,1.25,0.26,1.54,14.73,4.03,4.11,5.00,0.00,7.807
1788342276.544,248.000,140.4,10.00,1.34,12.35,8.02,2.04,8.22,2.50,0.00,0.97,0.00,1.19,14.00,1.25,0.17,1.56,8.22,4.04,3.62,5.00,0.00,6.823
1788342277.787,249.000,141.6,10.00,1.26,12.42,7.77,2.30,107.10,2.78,80.00,0.96,0.00,1.19,16.00,1.25,0.06,1.55,7.54,4.04,2.84,5.00,0.00,6.302
1788342279.017,250.000,142.9,10.00,0.96,12.45,7.48,2.32,104.30,2.78,80.00,0.96,0.00,1.20,10.00,1.25,0.03,1.54,6.80,4.05,2.02,5.00,0.00,5.772
1788342280.275,251.000,144.1,10.00,1.29,12.42,8.35,2.00,15.07,2.50,0.00,0.97,0.00,1.18,4.00,1.25,0.14,1.55,4.99,4.01,5.88,5.00,0.00,5.151
1788342281.519,252.000,145.4,9.98,1.57,12.61,8.46,1.98,15.88,2.50,0.00,0.97,0.00,1.21,24.00,1.25,0.04,1.55,3.27,3.98,5.73,5.00,0.00,4.440
1788342282.771,253.000,146.6,10.01,1.70,12.45,9.09,1.99,6.83,2.50,0.00,0.97,0.00,1.22,4.00,1.25,0.13,1.56,8.64,4.00,3.04,5.00,0.00,3.327
1788342284.014,254.000,147.9,9.98,1.60,12.58,8.03,2.00,1.99,2.50,0.00,0.97,0.00,1.20,14.00,1.24,0.88,1.55,3.77,4.00,1.93,5.00,0.00,2.701
1788342285.254,255.000,149.1,9.98,0.79,12.35,7.14,2.01,9.61,2.50,0.00,0.98,0.00,1.20,14.00,1.25,0.85,1.55,4.99,4.03,1.36,5.00,0.00,2.015
1788342286.525,256.000,150.4,10.01,1.31,12.53,9.08,1.98,11.69,2.50,0.00,0.97,0.00,1.22,6.00,1.25,0.42,1.57,9.43,3.96,10.58,5.00,0.00,1.330
1788342287.791,257.000,151.6,10.00,1.77,12.73,10.11,1.97,9.02,2.50,0.00,0.98,0.00,1.23,6.00,1.25,0.05,1.58,1.89,3.98,4.73,5.00,0.00,0.362
1788342289.039,258.000,152.9,10.02,1.42,12.60,8.52,1.32,8.76,1.87,94.28,0.97,0.00,1.23,12.00,1.25,0.41,1.57,9.80,3.98,3.03,5.00,0.00,0.200
1788342290.285,259.000,154.1,10.02,1.68,12.47,6.97,1.35,0.81,1.67,0.00,0.97,0.00,1.21,2.00,1.25,0.43,1.58,10.50,4.01,1.55,5.00,0.00,0.241
1788342291.546,260.000,155.4,10.01,1.46,12.55,7.41,2.00,171.24,2.50,141.42,0.97,0.00,1.22,4.00,1.25,1.64,1.56,11.47,3.99,2.23,5.00,0.00,0.262
1788342292.818,261.000,156.7,10.00,1.65,12.68,9.09,2.82,115.81,3.33,100.00,0.97,0.00,1.23,4.00,1.25,1.91,1.59,17.99,3.93,6.28,5.00,0.00,0.191
1788342294.076,262.000,157.9,9.98,1.91,12.68,8.80,2.63,130.32,3.33,100.00,0.97,0.00,1.22,4.00,1.25,1.11,1.59,17.99,3.96,3.73,5.00,0.00,0.071
1788342295.324,263.000,159.2,10.51,21.21,13.05,16.92,3.01,117.65,3.75,94.28,1.00,0.00,1.28,42.00,1.25,0.41,1.56,11.78,4.00,1.89,5.00,0.00,24.448
1788342296.576,264.000,160.4,10.51,21.21,13.03,17.15,2.00,3.69,2.78,80.00,0.95,0.00,1.24,66.00,1.25,1.17,1.57,11.47,3.99,1.51,5.00,0.00,24.209
1788342297.861,265.000,161.7,10.01,1.04,12.73,8.83,1.96,11.38,2.50,0.00,0.96,0.00,1.18,24.00,1.25,1.25,1.59,7.54,3.93,5.14,5.00,0.00,23.797
1788342299.130,266.000,163.0,10.00,1.15,12.70,8.96,1.96,4.29,2.50,0.00,0.95,0.00,1.22,18.00,1.25,0.11,1.59,6.80,3.91,4.43,5.00,0.00,22.586
1788342300.391,267.000,164.2,10.01,1.11,12.70,8.37,1.98,3.51,2.50,0.00,0.95,0.00,1.19,0.00,1.25,0.46,1.58,9.80,3.96,2.04,5.00,0.00,22.021
1788342301.650,268.000,165.5,10.00,0.84,12.63,8.98,1.98,10.16,2.50,0.00,0.93,0.00,1.20,4.00,1.25,0.02,1.58,13.20,3.97,1.56,5.00,0.00,21.505
1788342302.943,269.000,166.8,10.00,0.85,12.70,8.45,1.96,10.10,2.50,0.00,0.94,0.00,1.18,12.00,1.25,0.45,1.58,12.36,3.94,1.74,5.00,0.00,20.939
1788342304.230,270.000,168.1,10.00,0.88,12.86,7.68,1.65,117.69,2.22,86.60,0.96,0.00,1.20,24.00,1.25,1.46,1.60,13.60,3.87,8.57,5.00,0.00,20.536
1788342305.493,271.000,169.3,9.99,0.92,12.83,7.85,1.96,7.46,2.22,86.60,0.95,0.00,1.23,0.00,1.25,2.19,1.62,11.31,3.93,4.46,5.00,0.00,19.727
1788342306.752,272.000,170.6,10.00,0.91,12.63,8.00,1.99,3.28,2.50,0.00,0.97,0.00,1.21,12.00,1.25,0.17,1.59,15.43,3.97,0.89,5.00,0.00,19.232
1788342308.030,273.000,171.9,10.01,0.87,12.63,8.62,1.95,9.58,2.50,0.00,0.97,0.00,1.21,14.00,1.25,0.05,1.59,9.98,3.93,3.80,5.00,0.00,18.682
1788342309.329,274.000,173.2,9.99,0.91,12.78,9.47,1.90,14.48,2.50,0.00,0.97,0.00,1.25,14.00,1.25,0.27,1.62,8.22,3.86,6.89,5.00,0.00,18.082
1788342310.598,275.000,174.4,10.00,0.88,12.94,9.45,2.77,134.42,3.33,100.00,0.96,0.00,1.24,20.00,1.25,0.20,1.60,11.78,3.94,1.81,5.00,0.00,17.534
1788342311.863,276.000,175.7,10.00,0.96,12.73,8.23,2.27,110.84,3.33,100.00,0.97,0.00,1.23,2.00,1.25,0.19,1.59,3.77,3.96,0.85,5.00,0.00,16.244
1788342313.140,277.000,177.0,10.00,0.83,12.65,9.14,2.25,108.48,2.78,80.00,0.97,0.00,1.23,2.00,1.25,0.20,1.58,3.77,3.92,3.79,5.00,0.00,15.690
1788342314.448,278.000,178.3,10.00,1.11,12.86,11.60,2.23,110.49,2.78,80.00,0.97,0.00,1.24,2.00,1.25,0.26,1.63,15.08,3.84,7.05,5.00,0.00,15.115
1788342315.737,279.000,179.6,9.99,1.01,12.94,11.18,1.90,9.34,2.50,0.00,0.95,0.00,1.26,8.00,1.25,0.31,1.64,9.43,3.83,6.31,5.00,0.00,14.558
1788342317.009,280.000,180.9,10.00,0.72,12.89,8.91,1.96,8.58,2.50,0.00,0.97,0.00,1.22,10.00,1.25,0.18,1.59,4.99,3.92,2.62,5.00,0.00,13.524
1788342318.281,281.000,182.1,9.99,0.89,12.78,8.77,1.98,5.66,2.50,0.00,0.97,0.00,1.22,10.00,1.25,0.13,1.60,10.50,3.93,0.60,5.00,0.00,12.974
1788342319.578,282.000,183.4,10.00,0.98,12.89,9.60,1.96,8.14,2.50,0.00,0.96,0.00,1.24,4.00,1.25,0.04,1.61,9.98,3.88,3.06,5.00,0.00,12.436
1788342320.887,283.000,184.7,10.00,0.73,13.05,10.45,1.90,9.67,2.50,0.00,0.95,0.00,1.26,10.00,1.25,2.57,1.62,11.78,3.82,8.01,5.00,0.00,11.886
1788342322.176,284.000,186.0,10.00,0.96,12.94,9.91,1.94,2.40,2.50,0.00,0.98,0.00,1.23,4.00,1.25,1.16,1.64,12.36,3.88,2.19,5.00,0.00,10.774
1788342323.458,285.000,187.3,10.01,1.68,12.78,9.54,1.96,9.48,2.50,0.00,0.98,0.00,1.24,8.00,1.25,0.16,1.62,10.50,3.90,1.48,5.00,0.00,10.274
1788342324.757,286.000,188.6,10.01,1.05,12.83,9.54,1.94,9.14,2.50,0.00,0.96,0.00,1.25,2.00,1.25,0.01,1.60,1.89,3.87,3.16,5.00,0.00,9.586
1788342326.070,287.000,189.9,10.01,1.11,13.08,10.31,1.90,11.08,2.50,0.00,0.95,0.00,1.25,2.00,1.25,0.61,1.62,9.80,3.81,5.67,5.00,0.00,9.036
1788342327.357,288.000,191.2,10.00,1.11,12.97,10.03,1.92,6.31,2.50,0.00,0.96,0.00,1.25,12.00,1.25,0.58,1.64,9.43,3.85,6.15,5.00,0.00,7.936
1788342328.645,289.000,192.5,10.00,1.12,12.78,8.91,1.94,10.83,2.50,0.00,0.97,0.00,1.24,6.00,1.25,0.07,1.62,10.50,3.89,1.08,5.00,0.00,7.436
1788342329.956,290.000,193.8,10.00,1.44,12.97,9.96,2.76,120.77,3.33,100.00,0.96,0.00,1.25,2.00,1.25,0.01,1.61,4.99,3.83,4.27,5.00,0.00,6.836
1788342331.273,291.000,195.1,10.00,1.47,13.18,9.64,2.71,130.46,3.75,94.28,0.96,0.00,1.25,6.00,1.25,0.16,1.65,6.80,3.81,4.44,5.00,0.00,6.227
1788342332.571,292.000,196.4,9.99,0.92,13.10,8.94,1.90,7.34,2.78,80.00,0.96,0.00,1.27,10.00,1.25,0.07,1.66,3.27,3.80,4.93,5.00,0.00,5.129
1788342333.866,293.000,197.7,10.01,1.02,12.91,8.68,1.93,8.61,2.50,0.00,0.96,0.00,1.25,2.00,1.25,0.12,1.62,8.22,3.86,2.23,5.00,0.00,4.679
1788342335.178,294.000,199.0,10.00,1.01,13.05,9.90,1.90,9.34,2.50,0.00,0.97,0.00,1.25,6.00,1.25,0.32,1.62,9.98,3.82,3.20,5.00,0.00,4.179
1788342336.480,295.000,200.3,10.00,0.97,13.10,10.28,1.92,5.94,2.50,0.00,0.98,0.00,1.27,6.00,1.25,0.31,1.62,8.64,3.83,3.60,5.00,0.00,3.676
1788342337.802,296.000,201.7,10.01,0.99,13.13,10.67,2.72,141.34,3.33,100.00,0.97,0.00,1.27,2.00,1.25,0.69,1.64,11.31,3.80,15.50,5.00,0.00,2.569
1788342339.101,297.000,203.0,9.98,1.07,13.10,10.40,3.33,100.62,3.89,90.35,0.97,0.00,1.26,6.00,1.25,1.64,1.66,5.66,3.85,1.67,5.00,0.00,1.980
1788342340.420,298.000,204.3,10.00,1.30,13.10,9.67,1.90,9.94,2.78,80.00,0.97,0.00,1.26,4.00,1.25,0.01,1.63,4.99,3.81,2.89,5.00,0.00,1.273
1788342341.724,299.000,205.6,9.98,1.58,13.03,11.58,1.90,11.71,2.50,0.00,0.98,0.00,1.30,10.00,1.25,2.35,1.63,3.77,3.82,2.87,5.00,0.00,0.241
1788342343.053,300.000,206.9,9.99,1.35,13.24,11.81,1.26,273.15,1.87,188.56,0.97,0.00,1.29,6.00,1.25,1.18,1.63,1.89,3.78,22.48,5.00,0.00,0.050
1788342344.373,301.000,208.2,10.00,1.57,13.35,12.23,3.81,5.41,3.33,223.61,0.97,0.00,1.28,16.00,1.25,0.49,1.65,6.80,3.76,22.34,5.00,0.00,0.050
1788342345.695,302.000,209.5,10.01,1.82,13.29,10.70,3.76,4.37,5.00,0.00,0.98,0.00,1.28,16.00,1.25,0.96,1.65,1.89,3.77,2.21,5.00,0.00,0.050
1788342347.001,303.000,210.9,10.71,22.36,13.75,18.95,2.72,126.06,3.89,90.35,1.30,250.04,1.58,184.82,1.25,1.92,1.66,3.27,3.81,2.40,5.00,0.00,23.727
1788342348.318,304.000,212.2,10.01,1.01,13.78,19.34,3.82,1.80,4.37,69.99,1.26,272.38,1.55,193.03,1.25,0.30,1.65,4.99,3.82,1.72,5.00,0.00,23.753
1788342349.648,305.000,213.5,10.00,0.95,13.32,11.06,2.68,120.69,3.89,90.35,0.94,0.00,1.25,2.00,1.25,0.03,1.66,11.31,3.76,15.91,5.00,0.00,22.851
1788342350.976,306.000,214.8,10.00,1.03,13.37,11.14,1.88,9.60,2.78,80.00,0.94,0.00,1.25,2.00,1.25,1.17,1.67,9.80,3.78,3.81,5.00,0.00,22.239
1788342352.300,307.000,216.2,9.99,1.52,13.13,11.66,1.90,3.26,2.50,0.00,0.95,0.00,1.25,0.00,1.25,0.80,1.66,3.27,3.77,4.68,5.00,0.00,21.786
1788342353.623,308.000,217.5,10.02,1.16,13.32,9.88,1.90,0.65,2.50,0.00,0.95,0.00,1.25,2.00,1.25,0.22,1.65,1.89,3.80,1.94,5.00,0.00,21.330
1788342354.958,309.000,218.8,10.00,1.10,13.43,7.77,1.86,2.12,2.50,0.00,0.95,0.00,1.25,2.00,1.25,0.66,1.66,6.80,3.75,5.15,5.00,0.00,20.230
1788342356.293,310.000,220.1,9.99,1.18,13.24,6.78,1.87,11.27,2.50,0.00,0.95,0.00,1.25,4.00,1.25,0.78,1.67,4.99,3.76,8.35,5.00,0.00,19.634
1788342357.616,311.000,221.5,10.00,1.09,13.27,8.64,1.89,8.63,2.50,0.00,0.97,0.00,1.25,2.00,1.25,0.02,1.66,5.66,3.76,8.25,5.00,0.00,19.182
1788342358.937,312.000,222.8,10.00,0.96,13.29,10.53,1.89,5.78,2.50,0.00,0.94,0.00,1.26,8.00,1.25,0.04,1.64,0.00,3.79,1.75,5.00,0.00,18.727
1788342360.285,313.000,224.1,10.00,0.90,13.27,11.57,1.86,9.18,2.50,0.00,0.97,0.00,1.27,18.00,1.25,0.25,1.67,8.22,3.74,5.50,5.00,0.00,17.788
1788342361.634,314.000,225.5,10.01,0.85,13.43,11.15,1.86,3.03,2.50,0.00,0.97,0.00,1.31,6.00,1.25,0.51,1.69,1.89,3.73,3.90,5.00,0.00,17.339
1788342362.969,315.000,226.8,10.00,0.80,13.60,11.04,1.87,0.80,2.50,0.00,0.97,0.00,1.30,16.00,1.25,0.63,1.69,1.89,3.74,3.27,5.00,0.00,16.892
1788342364.301,316.000,228.2,10.00,0.92,13.21,11.68,1.88,2.96,2.50,0.00,0.95,0.00,1.28,0.00,1.25,0.24,1.67,3.27,3.76,0.80,5.00,0.00,15.873
1788342365.658,317.000,229.5,9.99,1.03,13.54,11.16,1.85,8.76,2.50,0.00,0.96,0.00,1.29,10.00,1.25,0.07,1.69,8.64,3.70,3.99,5.00,0.00,15.321
1788342367.011,318.000,230.9,10.00,0.94,13.58,12.47,1.83,6.74,2.50,0.00,0.97,0.00,1.31,2.00,1.25,0.06,1.69,7.54,3.68,4.37,5.00,0.00,14.856
1788342368.348,319.000,232.2,10.00,0.95,13.49,11.91,1.86,3.97,2.50,0.00,0.96,0.00,1.29,10.00,1.25,0.86,1.67,1.89,3.74,1.43,5.00,0.00,13.901
1788342369.686,320.000,233.5,10.00,0.81,13.27,10.80,1.86,6.32,2.50,0.00,0.96,0.00,1.29,8.00,1.25,0.12,1.67,0.00,3.74,0.96,5.00,0.00,13.352
1788342371.050,321.000,234.9,10.00,0.87,13.53,11.23,1.84,15.81,2.50,0.00,0.96,0.00,1.29,8.00,1.25,0.12,1.67,0.00,3.68,5.99,5.00,0.00,12.794
1788342372.421,322.000,236.3,10.01,1.32,13.72,11.59,1.82,12.01,2.50,0.00,0.98,0.00,1.30,16.00,1.25,1.70,1.71,10.50,3.65,4.72,5.00,0.00,12.350
1788342373.761,323.000,237.6,10.00,1.15,13.55,10.90,1.84,10.48,2.50,0.00,0.95,0.00,1.29,26.00,1.25,0.51,1.71,8.22,3.70,3.95,5.00,0.00,11.190
1788342375.103,324.000,239.0,10.01,1.10,13.32,9.94,1.85,3.74,2.50,0.00,0.95,0.00,1.27,10.00,1.25,0.17,1.69,5.66,3.72,1.52,5.00,0.00,10.680
1788342376.477,325.000,240.3,10.00,0.89,13.58,11.94,1.85,15.45,2.50,0.00,0.97,0.00,1.29,2.00,1.25,0.21,1.68,1.89,3.70,3.71,5.00,0.00,10.228
1788342377.849,326.000,241.7,10.00,0.95,13.80,12.43,1.79,7.06,2.50,0.00,0.96,0.00,1.33,8.00,1.25,0.89,1.70,5.66,3.60,7.64,5.00,0.00,9.224
1788342379.200,327.000,243.1,10.00,1.00,13.64,10.61,1.84,10.49,2.50,0.00,0.96,0.00,1.32,0.00,1.25,0.96,1.70,5.66,3.69,4.51,5.00,0.00,8.696
1788342380.552,328.000,244.4,10.00,0.80,13.53,11.28,1.83,6.04,2.50,0.00,0.96,0.00,1.30,10.00,1.25,0.29,1.71,4.99,3.70,3.74,5.00,0.00,8.288
1788342381.920,329.000,245.8,10.00,0.80,13.64,11.98,1.85,12.56,2.50,0.00,0.96,0.00,1.32,18.00,1.25,0.24,1.70,3.27,3.69,5.31,5.00,0.00,7.417
1788342383.300,330.000,247.2,10.00,0.89,13.64,12.88,1.79,9.94,2.50,0.00,0.96,0.00,1.33,14.00,1.25,0.43,1.71,9.98,3.60,19.82,5.00,0.00,6.896
1788342384.648,331.000,248.5,10.00,1.02,13.69,13.05,1.85,7.50,2.50,0.00,0.97,0.00,1.31,4.00,1.25,0.00,1.70,10.50,3.71,1.39,5.00,0.00,6.346
1788342386.003,332.000,249.9,10.00,0.95,13.55,11.84,2.10,116.87,2.78,80.00,0.96,0.00,1.30,14.00,1.25,0.04,1.70,1.89,3.69,1.11,5.00,0.00,5.246
1788342387.367,333.000,251.2,10.00,0.89,13.64,11.88,1.85,5.88,2.78,80.00,0.96,0.00,1.30,16.00,1.25,0.02,1.71,3.77,3.68,4.12,5.00,0.00,4.626
1788342388.753,334.000,252.6,9.99,0.86,13.83,13.81,1.79,6.18,2.50,0.00,0.97,0.00,1.33,0.00,1.25,0.07,1.73,8.22,3.61,7.91,5.00,0.00,4.176
1788342390.126,335.000,254.0,10.00,0.92,13.86,13.66,1.82,7.85,2.50,0.00,0.97,0.00,1.34,4.00,1.25,0.40,1.71,13.06,3.66,3.73,5.00,0.00,3.664
1788342391.478,336.000,255.3,9.99,1.02,13.64,11.16,3.08,111.89,3.75,94.28,0.97,0.00,1.32,10.00,1.25,0.72,1.71,4.99,3.68,3.99,5.00,0.00,2.430
1788342392.849,337.000,256.7,9.99,0.71,13.61,11.43,3.67,6.97,5.00,0.00,0.98,0.00,1.33,2.00,1.25,0.52,1.71,11.31,3.67,4.83,5.00,0.00,1.804
1788342394.241,338.000,258.1,10.02,2.24,13.95,11.47,2.55,140.20,3.89,90.35,0.97,0.00,1.33,2.00,1.25,0.85,1.72,9.98,3.58,6.84,5.00,0.00,1.202
1788342395.602,339.000,259.5,9.99,1.97,13.64,10.83,1.80,17.34,2.78,80.00,0.98,0.00,1.36,6.00,1.25,0.72,1.71,3.27,3.66,4.60,5.00,0.00,0.283
1788342396.958,340.000,260.8,10.00,1.05,13.64,11.21,1.23,0.02,1.87,94.28,0.97,0.00,1.33,18.00,1.25,0.33,1.71,3.27,3.69,1.31,5.00,0.00,0.121
1788342398.337,341.000,262.2,10.01,1.25,13.78,11.30,3.03,107.44,3.33,152.75,0.97,0.00,1.31,4.00,1.25,0.36,1.72,4.99,3.64,4.20,5.00,0.00,0.050
1788342399.743,342.000,263.6,10.00,1.42,13.98,13.03,3.57,17.69,5.00,0.00,0.98,0.00,1.39,18.00,1.25,0.55,1.72,3.77,3.57,17.65,5.00,0.00,0.000
1788342401.119,343.000,265.0,10.57,21.22,14.43,18.95,2.55,130.47,3.89,90.35,1.05,65.98,1.52,46.00,1.25,0.49,1.75,9.80,3.60,17.32,5.00,0.00,23.950
1788342402.483,344.000,266.3,10.00,3.86,14.17,18.05,3.05,109.35,3.75,94.28,0.94,0.00,1.28,2.00,1.25,0.01,1.71,9.98,3.66,1.01,5.00,0.00,23.765
1788342403.873,345.000,267.7,10.00,3.97,13.64,12.36,2.59,138.14,3.75,94.28,0.96,0.00,1.31,16.00,1.25,0.13,1.70,6.53,3.62,3.87,5.00,0.00,23.312
1788342405.270,346.000,269.1,10.00,2.10,13.86,13.27,1.79,5.93,2.50,0.00,0.95,0.00,1.32,12.00,1.25,2.33,1.75,8.22,3.59,13.70,5.00,0.00,22.728
1788342406.648,347.000,270.5,9.99,2.00,14.00,13.23,1.80,8.99,2.50,0.00,0.97,0.00,1.33,18.00,1.25,2.91,1.73,13.20,3.60,13.63,5.00,0.00,21.912
1788342408.028,348.000,271.9,10.01,1.68,13.89,11.88,1.82,2.31,2.50,0.00,0.95,0.00,1.32,10.00,1.25,0.23,1.73,8.22,3.64,2.00,5.00,0.00,21.553
1788342409.424,349.000,273.3,9.99,1.07,13.92,13.27,2.40,132.89,3.12,97.98,0.94,0.00,1.33,2.00,1.25,1.13,1.75,5.66,3.58,4.54,5.00,0.00,21.198
1788342410.843,350.000,274.7,10.01,1.46,14.11,13.52,1.74,26.88,2.78,80.00,0.96,0.00,1.33,26.00,1.25,4.31,1.74,14.24,3.47,20.50,5.00,0.00,20.248
1788342412.224,351.000,276.1,10.01,1.28,13.95,12.17,1.76,32.73,2.50,0.00,0.95,0.00,1.34,20.00,1.25,0.81,1.76,22.94,3.54,22.61,5.00,0.00,19.756
1788342413.625,352.000,277.5,9.99,1.08,13.92,12.39,1.80,2.00,2.50,0.00,0.94,0.00,1.32,8.00,1.25,0.07,1.73,18.57,3.60,3.77,5.00,0.00,19.248
1788342415.011,353.000,278.9,9.99,2.15,13.83,12.60,1.80,9.12,2.50,0.00,0.97,0.00,1.33,14.00,1.24,3.41,1.75,13.60,3.58,4.16,5.00,0.00,18.351
1788342416.424,354.000,280.3,10.01,1.75,13.95,12.55,1.76,15.12,2.50,0.00,0.97,0.00,1.34,8.00,1.25,1.95,1.72,4.99,3.53,13.38,5.00,0.00,17.901
1788342417.817,355.000,281.7,10.01,1.36,14.08,12.77,1.77,17.19,2.50,0.00,0.98,0.00,1.35,16.00,1.25,0.11,1.76,18.86,3.55,15.06,5.00,0.00,17.437
1788342419.216,356.000,283.1,10.01,3.32,13.89,13.55,1.79,2.52,2.50,0.00,0.96,0.00,1.34,16.00,1.25,1.16,1.74,14.97,3.58,3.28,5.00,0.00,16.434
1788342420.612,357.000,284.5,9.99,3.36,13.89,13.33,1.79,13.12,2.50,0.00,0.97,0.00,1.34,16.00,1.25,1.90,1.76,16.97,3.57,4.40,5.00,0.00,15.984
1788342422.044,358.000,285.9,10.00,2.92,14.17,13.28,1.75,24.58,2.50,0.00,0.97,0.00,1.34,16.00,1.24,3.22,1.73,16.76,3.53,12.30,5.00,0.00,15.426
1788342423.436,359.000,287.3,9.99,3.29,14.14,13.57,1.74,23.33,2.50,0.00,0.94,0.00,1.38,8.00,1.26,1.53,1.76,33.36,3.52,11.69,5.00,0.00,14.582
1788342424.853,360.000,288.7,9.99,3.57,14.08,14.68,1.78,5.03,2.50,0.00,0.96,0.00,1.33,18.00,1.25,1.55,1.75,18.57,3.56,4.23,5.00,0.00,14.082
1788342426.246,361.000,290.1,9.99,3.46,14.08,14.41,1.78,4.80,2.50,0.00,0.97,0.00,1.34,24.00,1.25,1.72,1.76,13.20,3.57,2.15,5.00,0.00,13.571
1788342427.673,362.000,291.5,10.01,1.69,14.08,13.16,1.75,22.47,2.50,0.00,0.95,0.00,1.34,12.00,1.25,4.43,1.75,18.86,3.53,7.64,5.00,0.00,12.621
1788342429.077,363.000,292.9,10.00,1.56,14.11,13.47,1.75,20.87,2.50,0.00,0.95,0.00,1.36,6.00,1.25,0.26,1.78,13.20,3.52,7.07,5.00,0.00,12.167
1788342430.493,364.000,294.3,10.00,2.66,14.14,13.44,1.77,3.94,2.50,0.00,0.97,0.00,1.34,4.00,1.25,4.86,1.76,10.50,3.53,2.96,5.00,0.00,11.617
1788342431.892,365.000,295.7,10.01,1.87,14.08,13.29,1.77,3.59,2.50,0.00,0.96,0.00,1.39,14.00,1.25,3.73,1.76,10.50,3.56,2.52,5.00,0.00,10.558
1788342433.324,366.000,297.2,10.00,3.27,14.20,11.97,1.76,13.37,2.50,0.00,0.95,0.00,1.34,12.00,1.25,1.41,1.76,4.99,3.52,7.04,5.00,0.00,10.058
1788342434.747,367.000,298.6,10.01,1.66,14.40,13.82,1.75,3.66,2.50,0.00,0.97,0.00,1.37,20.00,1.25,2.94,1.79,9.98,3.49,6.64,5.00,0.00,9.135
1788342436.165,368.000,300.0,10.00,1.22,14.26,15.02,1.77,14.82,2.50,0.00,0.97,0.00,1.36,12.00,1.25,1.19,1.79,19.87,3.50,3.72,5.00,0.00,8.670
1788342437.574,369.000,301.4,9.99,1.61,14.06,13.54,1.78,10.50,2.50,0.00,0.96,0.00,1.39,2.00,1.25,0.26,1.77,16.76,3.55,2.19,5.00,0.00,8.209
1788342439.017,370.000,302.9,10.00,1.36,14.34,13.87,1.74,17.03,2.50,0.00,0.96,0.00,1.36,10.00,1.25,0.27,1.78,19.69,3.48,5.95,5.00,0.00,7.372
1788342440.441,371.000,304.3,10.00,1.17,14.49,14.37,1.73,11.76,2.50,0.00,0.96,0.00,1.37,4.00,1.25,0.58,1.81,14.24,3.48,5.63,5.00,0.00,6.872
1788342441.862,372.000,305.7,10.00,2.46,14.31,13.67,1.78,11.05,2.50,0.00,0.96,0.00,1.39,10.00,1.25,0.56,1.78,16.76,3.52,2.94,5.00,0.00,6.422
1788342443.272,373.000,307.1,10.01,1.08,14.06,14.40,1.78,8.28,2.50,0.00,0.97,0.00,1.34,4.00,1.25,4.27,1.76,12.36,3.54,1.95,5.00,0.00,5.523
1788342444.731,374.000,308.6,10.00,1.06,14.49,13.55,1.69,27.10,2.50,0.00,0.97,0.00,1.39,18.00,1.25,2.28,1.76,12.36,3.39,20.64,5.00,0.00,5.126
1788342446.172,375.000,310.0,10.00,1.18,14.40,14.11,1.71,31.43,2.50,0.00,0.96,0.00,1.40,18.00,1.25,1.87,1.80,28.53,3.42,23.45,5.00,0.00,4.126
1788342447.596,376.000,311.4,10.01,0.96,14.23,13.75,1.74,7.12,2.50,0.00,0.98,0.00,1.37,2.00,1.25,0.65,1.77,16.33,3.50,3.74,5.00,0.00,3.672
1788342449.019,377.000,312.9,9.99,1.95,14.31,12.49,2.11,133.95,2.78,80.00,0.97,0.00,1.37,4.00,1.25,0.35,1.77,16.33,3.52,1.47,5.00,0.00,3.268
1788342450.502,378.000,314.4,9.99,2.93,14.56,12.30,3.42,12.49,4.37,69.99,0.97,0.00,1.42,2.00,1.24,0.64,1.80,22.23,3.41,11.62,5.00,0.00,2.088
1788342451.942,379.000,315.8,10.02,3.61,14.71,13.33,2.26,138.05,3.89,90.35,0.98,0.00,1.43,0.00,1.25,7.35,1.83,21.75,3.40,11.55,5.00,0.00,1.523
1788342453.365,380.000,317.2,10.03,1.90,14.40,14.51,1.74,11.24,2.78,80.00,0.97,0.00,1.39,14.00,1.25,1.03,1.80,11.78,3.50,4.31,5.00,0.00,0.474
1788342454.788,381.000,318.6,10.00,2.33,14.14,14.70,1.41,154.63,2.22,86.60,0.98,0.00,1.37,2.00,1.25,1.07,1.76,14.73,3.52,1.54,5.00,0.00,0.283
1788342456.273,382.000,320.1,10.02,1.01,14.59,15.07,1.16,6.08,1.88,94.28,0.97,0.00,1.38,2.00,1.25,0.46,1.81,23.17,3.40,10.64,5.00,0.00,0.191
1788342457.708,383.000,321.6,10.00,1.16,14.68,15.70,3.53,0.00,1.25,600.00,0.97,0.00,1.43,20.00,1.25,0.45,1.82,22.23,3.43,9.32,5.00,0.00,0.100
1788342459.142,384.000,323.0,10.00,1.40,14.49,14.49,3.50,4.32,5.00,0.00,0.98,0.00,1.40,4.00,1.25,0.03,1.80,17.99,3.48,1.70,5.00,0.00,0.100
1788342460.581,385.000,324.4,10.58,21.31,14.86,18.70,2.89,116.54,4.44,66.14,1.04,72.36,1.54,50.00,1.25,0.19,1.81,6.80,3.46,4.20,5.00,0.00,27.618
1788342462.061,386.000,325.9,10.58,21.28,15.09,18.06,2.71,123.54,3.89,90.35,1.02,93.48,1.53,52.00,1.25,0.07,1.82,4.99,3.39,8.62,5.00,0.00,27.576
1788342463.506,387.000,327.4,10.01,1.00,14.71,12.87,2.84,112.12,3.89,90.35,0.94,0.00,1.38,20.00,1.25,1.17,1.82,1.89,3.42,8.19,5.00,0.00,27.424
1788342464.947,388.000,328.8,10.00,1.02,14.61,13.75,1.73,4.70,2.78,80.00,0.94,0.00,1.37,12.00,1.25,0.03,1.81,4.99,3.46,2.23,5.00,0.00,26.410
1788342466.411,389.000,330.3,10.01,1.02,14.53,14.03,1.71,8.48,2.50,0.00,0.94,0.00,1.36,14.00,1.25,0.51,1.82,8.22,3.42,4.56,5.00,0.00,25.865
1788342467.902,390.000,331.8,10.00,0.87,14.92,14.66,1.68,14.68,2.50,0.00,0.93,0.00,1.39,20.00,1.25,0.72,1.83,4.99,3.35,26.66,5.00,0.00,25.173
1788342469.348,391.000,333.2,10.00,0.79,14.74,15.35,1.70,19.42,2.50,0.00,0.93,0.00,1.39,22.00,1.25,0.03,1.83,24.51,3.51,10.28,5.00,0.00,24.891
1788342470.793,392.000,334.6,9.99,1.01,14.34,14.64,1.73,4.01,2.50,0.00,0.95,0.00,1.33,6.00,1.25,0.25,1.78,20.74,3.46,0.86,5.00,0.00,24.410
1788342472.262,393.000,336.1,10.01,1.09,14.62,13.91,1.71,4.67,2.50,0.00,0.94,0.00,1.38,22.00,1.25,0.03,1.79,23.63,3.43,5.25,5.00,0.00,23.452
1788342473.736,394.000,337.6,10.01,0.97,14.83,15.14,1.70,10.22,2.50,0.00,0.94,0.00,1.36,12.00,1.25,1.01,1.82,26.60,3.39,4.77,5.00,0.00,22.972
1788342475.197,395.000,339.0,10.00,1.46,14.74,15.67,1.69,6.95,2.50,0.00,0.93,0.00,1.38,0.00,1.25,0.42,1.81,16.97,3.42,2.76,5.00,0.00,22.488
1788342476.671,396.000,340.5,10.00,1.15,14.68,13.51,1.71,13.02,2.50,0.00,0.96,0.00,1.39,4.00,1.25,0.87,1.84,15.43,3.41,3.71,5.00,0.00,21.573
1788342478.132,397.000,342.0,10.00,1.05,14.77,13.69,1.71,6.22,2.50,0.00,0.94,0.00,1.40,0.00,1.25,0.31,1.83,8.22,3.39,5.34,5.00,0.00,21.043
1788342479.617,398.000,343.5,9.99,0.96,14.83,15.75,1.68,5.37,2.50,0.00,0.94,0.00,1.39,10.00,1.25,1.07,1.83,8.22,3.38,7.52,5.00,0.00,20.218
1788342481.079,399.000,344.9,10.00,1.04,14.74,15.88,1.71,3.72,2.50,0.00,0.95,0.00,1.40,2.00,1.25,0.81,1.83,17.99,3.43,1.27,5.00,0.00,19.803
1788342482.570,400.000,346.4,10.00,1.77,14.68,13.35,1.68,3.70,2.50,0.00,0.94,0.00,1.40,0.00,1.25,0.49,1.84,18.18,3.36,6.27,5.00,0.00,19.283
1788342484.047,401.000,347.9,10.00,1.73,14.98,13.29,1.69,3.14,2.50,0.00,0.95,0.00,1.39,16.00,1.25,0.27,1.86,17.99,3.41,3.81,5.00,0.00,18.131
1788342485.555,402.000,349.4,10.00,1.83,14.74,17.12,1.66,15.29,2.50,0.00,0.96,0.00,1.42,34.00,1.25,0.01,1.87,18.57,3.32,18.63,5.00,0.00,17.740
1788342487.029,403.000,350.9,9.98,0.75,15.07,16.29,1.72,6.14,2.50,0.00,0.94,0.00,1.39,6.00,1.25,0.38,1.86,12.36,3.39,3.75,5.00,0.00,16.826
1788342488.505,404.000,352.4,10.00,0.44,14.83,14.12,1.69,15.16,2.50,0.00,0.94,0.00,1.40,0.00,1.25,0.26,1.87,13.20,3.37,3.60,5.00,0.00,16.527
1788342489.998,405.000,353.8,10.00,0.94,14.80,15.34,1.70,8.63,2.50,0.00,0.95,0.00,1.41,8.00,1.25,6.46,1.86,21.00,3.38,4.70,5.00,0.00,16.236
1788342491.495,406.000,355.3,9.98,2.68,14.83,17.82,1.66,28.57,2.50,0.00,0.98,0.00,1.43,0.00,1.25,2.57,1.88,26.40,3.31,21.08,5.00,0.00,15.401
1788342492.985,407.000,356.8,10.04,4.37,14.77,15.96,1.68,8.46,2.50,0.00,0.97,0.00,1.43,0.00,1.26,0.70,1.85,18.86,3.36,4.49,5.00,0.00,14.980
1788342494.460,408.000,358.3,10.01,1.43,14.68,13.22,1.70,2.59,2.50,0.00,0.97,0.00,1.43,16.00,1.25,0.05,1.87,18.57,3.39,2.33,5.00,0.00,13.947
1788342495.975,409.000,359.8,10.00,1.02,14.86,16.11,1.68,8.50,2.50,0.00,0.97,0.00,1.42,10.00,1.25,2.01,1.87,19.14,3.31,9.17,5.00,0.00,13.428
1788342497.469,410.000,361.3,10.00,1.01,15.12,15.45,1.66,16.15,2.50,0.00,0.96,0.00,1.48,18.00,1.25,2.55,1.87,19.14,3.32,8.94,5.00,0.00,12.451
1788342498.953,411.000,362.8,10.00,0.98,14.74,11.77,1.67,12.13,2.50,0.00,0.96,0.00,1.45,0.00,1.25,0.29,1.86,16.44,3.35,4.28,5.00,0.00,11.888
1788342500.426,412.000,364.3,10.00,1.05,14.92,14.43,1.69,5.19,2.50,0.00,0.97,0.00,1.40,4.00,1.25,0.07,1.83,21.00,3.39,1.73,5.00,0.00,10.778
1788342501.926,413.000,365.8,10.00,0.83,15.04,14.27,1.66,21.69,2.50,0.00,0.97,0.00,1.46,24.00,1.25,0.23,1.86,18.57,3.34,9.59,5.00,0.00,10.424
1788342503.416,414.000,367.3,10.00,0.81,15.01,12.49,1.69,17.65,2.50,0.00,0.96,0.00,1.47,22.00,1.25,0.28,1.87,21.25,3.37,6.45,5.00,0.00,10.030
1788342504.885,415.000,368.7,9.99,0.84,14.74,15.13,2.27,144.99,3.12,97.98,0.97,0.00,1.42,0.00,1.25,0.25,1.87,19.87,3.41,4.06,5.00,0.00,9.436
1788342506.338,416.000,370.2,10.01,0.97,14.65,16.34,1.72,1.48,2.78,80.00,0.97,0.00,1.42,0.00,1.25,0.45,1.82,1.89,3.44,0.65,5.00,0.00,8.936
1788342507.829,417.000,371.7,10.00,1.03,14.86,14.63,1.70,7.36,2.50,0.00,0.96,0.00,1.41,12.00,1.25,0.14,1.85,12.36,3.38,16.47,5.00,0.00,7.936
1788342509.312,418.000,373.2,10.01,0.83,14.98,14.02,1.67,7.23,2.50,0.00,0.96,0.00,1.45,4.00,1.25,0.07,1.87,16.11,3.37,4.40,5.00,0.00,7.486
1788342510.771,419.000,374.6,10.00,1.04,14.68,14.46,1.72,9.35,2.50,0.00,0.96,0.00,1.39,2.00,1.25,1.13,1.85,14.97,3.43,2.29,5.00,0.00,6.486
1788342512.230,420.000,376.1,10.01,1.07,14.65,15.11,1.70,17.74,2.50,0.00,0.96,0.00,1.39,2.00,1.25,1.03,1.82,3.27,3.42,1.91,5.00,0.00,6.006
1788342513.746,421.000,377.6,10.01,0.97,15.04,16.25,1.66,21.31,2.50,0.00,0.97,0.00,1.41,10.00,1.25,0.95,1.87,9.43,3.32,8.87,5.00,0.00,5.611
1788342515.215,422.000,379.1,9.99,0.82,15.01,15.80,1.69,7.16,2.50,0.00,0.97,0.00,1.46,12.00,1.25,0.26,1.86,6.80,3.38,5.14,5.00,0.00,4.707
1788342516.679,423.000,380.5,10.00,0.98,14.74,15.53,1.71,12.39,2.50,0.00,0.97,0.00,1.43,4.00,1.25,0.37,1.82,8.64,3.42,2.24,5.00,0.00,4.334
1788342518.148,424.000,382.0,10.00,0.95,14.71,15.19,1.72,11.07,2.50,0.00,0.98,0.00,1.43,8.00,1.25,0.00,1.81,15.43,3.41,1.09,5.00,0.00,3.599
1788342519.665,425.000,383.5,10.01,1.03,14.80,15.31,1.66,46.80,2.50,0.00,0.97,0.00,1.48,18.00,1.25,0.15,1.87,26.20,3.31,26.71,5.00,0.00,3.206
1788342521.129,426.000,385.0,10.00,1.09,15.10,16.23,1.71,7.27,2.50,0.00,0.97,0.00,1.42,6.00,1.25,0.27,1.86,15.43,3.41,1.43,5.00,0.00,2.030
1788342522.605,427.000,386.5,10.01,0.96,14.80,15.59,1.71,10.46,2.50,0.00,0.97,0.00,1.42,6.00,1.25,2.08,1.87,25.92,3.39,1.68,5.00,0.00,1.494
1788342524.112,428.000,388.0,10.00,0.98,14.98,16.51,1.66,24.54,2.50,0.00,0.97,0.00,1.43,2.00,1.25,0.04,1.87,23.55,3.34,9.04,5.00,0.00,0.922
1788342525.619,429.000,389.5,10.00,0.92,15.12,16.09,1.32,139.59,2.22,86.60,0.98,0.00,1.47,4.00,1.11,99.65,1.73,44.58,3.28,17.80,5.00,0.00,0.121
1788342527.097,430.000,390.9,10.00,0.77,14.86,15.04,2.73,121.32,3.12,160.00,0.97,0.00,1.45,4.00,1.25,0.03,1.75,49.57,3.39,1.24,5.00,0.00,0.071
1788342528.573,431.000,392.4,10.00,0.91,14.68,15.84,3.40,4.16,5.00,0.00,0.97,0.00,1.45,4.00,1.25,0.02,1.87,18.57,3.38,1.68,5.00,0.00,0.100
1788342530.109,432.000,394.0,10.52,21.71,15.59,18.58,3.34,6.84,5.00,0.00,0.98,0.00,1.47,14.00,1.25,0.33,1.88,3.77,3.28,11.32,5.00,0.00,0.050
1788342531.585,433.000,395.4,10.62,21.48,15.78,17.22,2.22,157.93,3.89,90.35,1.04,104.61,1.55,70.65,1.25,0.06,1.88,3.77,3.33,12.11,5.00,0.00,15.143
1788342533.058,434.000,396.9,10.00,0.34,14.74,14.50,2.27,148.65,3.33,100.00,0.96,0.00,1.52,77.38,1.25,0.31,1.87,18.57,3.39,1.38,5.00,0.00,14.840
1788342534.550,435.000,398.4,10.00,0.49,14.71,14.63,1.69,2.15,2.78,80.00,0.97,0.00,1.42,2.00,1.25,0.27,1.83,21.75,3.36,4.11,5.00,0.00,13.877
1788342536.065,436.000,399.9,10.00,0.80,15.06,14.22,1.64,8.37,2.50,0.00,0.95,0.00,1.43,4.00,1.25,0.65,1.87,22.94,3.29,12.35,5.00,0.00,13.447
1788342537.556,437.000,401.4,10.00,0.83,15.06,14.41,1.67,16.24,2.50,0.00,0.95,0.00,1.42,6.00,1.25,0.34,1.87,18.57,3.37,4.60,5.00,0.00,12.449
1788342539.040,438.000,402.9,10.00,0.45,14.71,12.16,1.67,5.94,2.50,0.00,0.95,0.00,1.41,2.00,1.25,0.91,1.86,23.63,3.35,3.29,5.00,0.00,11.954
1788342540.545,439.000,404.4,10.00,0.37,14.83,11.64,1.67,3.68,2.50,0.00,0.97,0.00,1.42,6.00,1.25,0.07,1.87,19.96,3.34,2.62,5.00,0.00,11.488
1788342542.059,440.000,405.9,10.00,0.37,15.15,14.19,1.64,17.79,2.50,0.00,0.95,0.00,1.45,4.00,1.25,0.09,1.88,16.76,3.30,9.68,5.00,0.00,10.528
1788342543.552,441.000,407.4,10.00,0.40,15.06,15.02,1.69,8.06,2.50,0.00,0.96,0.00,1.43,4.00,1.25,0.15,1.88,14.97,3.36,1.95,5.00,0.00,10.012
1788342545.054,442.000,408.9,10.00,0.32,14.83,12.28,1.67,9.62,2.50,0.00,0.97,0.00,1.43,2.00,1.25,0.09,1.87,20.74,3.34,3.68,5.00,0.00,9.001
1788342546.551,443.000,410.4,10.00,0.63,14.86,11.22,1.67,4.04,2.50,0.00,0.96,0.00,1.43,2.00,1.25,0.05,1.87,21.75,3.33,3.57,5.00,0.00,8.527
1788342548.087,444.000,411.9,10.00,0.76,15.24,13.45,1.66,3.47,2.50,0.00,0.96,0.00,1.43,0.00,1.25,0.02,1.87,21.00,3.32,5.14,5.00,0.00,7.639
1788342549.576,445.000,413.4,10.00,0.96,15.21,16.83,1.65,26.16,2.50,0.00,0.97,0.00,1.46,16.00,1.25,0.36,1.90,22.23,3.29,9.82,5.00,0.00,7.131
1788342551.109,446.000,415.0,10.00,0.47,15.18,17.18,1.62,8.83,2.50,0.00,0.96,0.00,1.50,0.00,1.25,0.01,1.89,21.42,3.28,6.18,5.00,0.00,6.340
1788342552.627,447.000,416.5,10.00,0.58,15.34,15.15,1.65,16.42,2.50,0.00,0.96,0.00,1.47,14.00,1.25,0.22,1.88,21.00,3.32,4.61,5.00,0.00,5.942
1788342554.121,448.000,418.0,10.00,0.65,15.09,17.52,1.65,13.39,2.50,0.00,0.98,0.00,1.43,2.00,1.11,99.88,1.73,34.92,3.30,7.38,5.00,0.00,4.818
1788342555.634,449.000,419.5,10.00,0.68,15.03,20.07,1.66,12.24,2.50,0.00,0.97,0.00,1.47,16.00,1.25,0.37,1.88,17.99,3.31,5.63,5.00,0.00,4.284
1788342557.133,450.000,421.0,10.00,0.57,15.06,18.43,1.66,6.00,2.50,0.00,0.96,0.00,1.49,8.00,1.25,0.21,1.89,16.11,3.32,4.13,5.00,0.00,3.783
1788342558.651,451.000,422.5,10.00,0.22,15.12,16.12,1.66,4.50,2.50,0.00,0.98,0.00,1.47,4.00,1.25,1.43,1.87,12.36,3.30,6.05,5.00,0.00,2.810
1788342560.154,452.000,424.0,9.99,1.28,15.12,13.46,1.65,12.33,2.50,0.00,0.98,0.00,1.45,12.00,1.25,1.81,1.87,6.80,3.31,4.85,5.00,0.00,2.194
1788342561.680,453.000,425.5,10.02,0.94,15.24,15.62,1.66,23.22,2.50,0.00,0.97,0.00,1.50,8.00,1.25,0.44,1.89,16.97,3.29,3.96,5.00,0.00,1.142
1788342563.177,454.000,427.0,10.00,1.07,15.18,19.62,1.66,8.86,2.50,0.00,0.97,0.00,1.49,10.00,1.25,0.99,1.88,11.31,3.32,2.06,5.00,0.00,0.666
1788342564.704,455.000,428.6,10.01,0.33,15.18,19.18,1.34,151.35,2.22,86.60,0.97,0.00,1.45,4.00,1.25,0.17,1.91,11.31,3.28,7.82,5.00,0.00,0.271
1788342566.230,456.000,430.1,10.01,0.84,15.37,16.78,1.64,13.11,2.14,94.28,0.97,0.00,1.46,10.00,1.11,100.95,1.77,49.42,3.29,4.62,5.00,0.00,0.221
1788342567.742,457.000,431.6,10.00,0.94,15.12,16.12,3.31,6.74,3.89,90.35,0.97,0.00,1.51,14.00,1.11,100.66,1.75,43.49,3.28,5.73,5.00,0.00,0.191
1788342569.251,458.000,433.1,9.98,0.87,15.12,14.56,2.21,152.19,3.89,90.35,0.97,0.00,1.45,12.00,1.25,0.07,1.89,8.64,3.31,1.81,5.00,0.00,0.121
1788342570.805,459.000,434.7,10.02,1.09,15.50,16.26,1.95,149.21,2.78,80.00,0.97,0.00,1.52,12.00,1.25,0.53,1.91,11.31,3.25,8.67,5.00,0.00,0.000
1788342572.344,460.000,436.2,10.63,21.49,16.19,20.64,2.16,159.04,3.12,97.98,1.07,96.75,1.64,70.45,1.25,0.65,1.94,8.22,3.24,7.61,5.00,0.00,24.469
1788342573.851,461.000,437.7,10.00,0.90,15.91,22.03,2.64,130.62,3.33,100.00,0.93,0.00,1.58,86.98,1.25,0.50,1.91,18.57,3.31,1.61,5.00,0.00,23.938
1788342575.370,462.000,439.2,9.99,1.08,15.15,20.49,1.65,5.72,2.78,80.00,0.96,0.00,1.41,4.00,1.25,0.39,1.89,18.57,3.31,2.60,5.00,0.00,23.414
1788342576.931,463.000,440.8,10.00,1.17,15.24,19.09,1.60,10.35,2.50,0.00,0.97,0.00,1.48,12.00,1.25,0.90,1.95,13.20,3.21,9.15,5.00,0.00,22.474
1788342578.442,464.000,442.3,10.00,1.03,15.31,16.89,1.65,7.54,2.50,0.00,0.95,0.00,1.45,0.00,1.25,0.96,1.88,8.22,3.30,1.23,5.00,0.00,21.979
1788342579.953,465.000,443.8,10.00,2.02,15.18,18.09,1.66,3.04,2.50,0.00,0.95,0.00,1.43,6.00,1.25,0.50,1.90,12.36,3.31,0.93,5.00,0.00,20.939
1788342581.529,466.000,445.4,10.00,2.08,15.27,19.58,1.63,11.39,2.50,0.00,0.94,0.00,1.45,12.00,1.25,0.14,1.88,12.36,3.24,9.74,5.00,0.00,20.556
1788342583.073,467.000,446.9,10.00,1.13,15.66,18.94,1.59,16.31,2.50,0.00,0.96,0.00,1.48,22.00,1.11,97.61,1.82,39.60,3.16,15.19,5.00,0.00,19.827
1788342584.593,468.000,448.4,10.00,1.04,15.50,17.46,1.63,2.75,2.50,0.00,0.95,0.00,1.43,2.00,1.25,0.01,1.91,14.97,3.28,1.78,5.00,0.00,19.377
1788342586.114,469.000,450.0,10.01,0.95,15.09,17.85,1.65,3.94,2.50,0.00,0.95,0.00,1.43,2.00,1.25,0.04,1.91,14.97,3.29,1.84,5.00,0.00,18.927
1788342587.702,470.000,451.6,10.01,1.18,15.53,19.84,1.59,6.37,2.50,0.00,0.95,0.00,1.50,24.00,1.11,100.11,1.79,58.64,3.20,7.32,5.00,0.00,17.990
1788342589.224,471.000,453.1,9.99,0.96,15.59,18.44,1.60,8.85,2.50,0.00,0.95,0.00,1.52,12.00,1.25,0.28,1.80,60.69,3.23,6.51,5.00,0.00,17.555
1788342590.751,472.000,454.6,10.00,1.20,15.37,15.83,1.65,9.37,2.50,0.00,0.96,0.00,1.43,0.00,1.25,0.25,1.92,14.73,3.29,1.50,5.00,0.00,16.584
1788342592.295,473.000,456.1,10.01,0.94,15.53,17.57,1.65,16.01,2.50,0.00,0.95,0.00,1.44,4.00,1.25,0.00,1.90,13.60,3.25,4.27,5.00,0.00,16.181
1788342593.855,474.000,457.7,10.00,1.09,15.56,19.17,1.58,11.03,2.50,0.00,0.97,0.00,1.52,0.00,1.11,99.90,1.82,44.46,3.19,6.57,5.00,0.00,15.284
1788342595.389,475.000,459.2,10.00,1.00,15.69,17.53,1.62,9.33,2.50,0.00,0.95,0.00,1.48,14.00,1.25,0.00,1.79,37.85,3.26,5.14,5.00,0.00,14.727
1788342596.915,476.000,460.8,10.00,0.89,15.15,17.79,1.64,14.24,2.50,0.00,0.96,0.00,1.44,4.00,1.25,0.06,1.93,10.50,3.28,1.11,5.00,0.00,13.908
1788342598.486,477.000,462.3,10.01,0.95,15.66,18.23,1.60,13.05,2.50,0.00,0.95,0.00,1.48,16.00,1.25,0.26,1.94,8.64,3.21,5.77,5.00,0.00,13.458
1788342600.051,478.000,463.9,10.00,0.82,15.75,17.56,1.59,18.30,2.50,0.00,0.98,0.00,1.52,8.22,1.11,99.92,1.79,52.80,3.17,20.10,5.00,0.00,12.527
1788342601.578,479.000,465.4,10.00,0.97,15.59,17.30,1.63,4.72,2.50,0.00,0.95,0.00,1.50,13.20,1.25,0.16,1.93,9.98,3.26,2.27,5.00,0.00,12.024
1788342603.132,480.000,467.0,10.00,0.86,15.27,17.11,1.63,10.78,2.50,0.00,0.96,0.00,1.48,4.00,1.25,0.17,1.90,6.80,3.23,4.61,5.00,0.00,10.986
1788342604.703,481.000,468.6,9.99,0.95,15.66,19.18,1.61,9.27,2.50,0.00,0.96,0.00,1.47,2.00,1.25,0.26,1.91,6.80,3.19,6.64,5.00,0.00,10.486
1788342606.251,482.000,470.1,10.00,1.10,15.66,20.31,1.60,14.25,2.50,0.00,0.96,0.00,1.52,38.00,1.11,99.95,1.83,41.61,3.20,7.35,5.00,0.00,9.583
1788342607.795,483.000,471.6,10.00,0.99,15.72,17.11,1.63,8.24,2.50,0.00,0.97,0.00,1.45,4.00,1.25,0.21,1.89,11.31,3.25,1.80,5.00,0.00,9.083
1788342609.345,484.000,473.2,10.00,2.21,15.37,16.52,1.61,11.38,2.50,0.00,0.97,0.00,1.52,32.00,1.11,100.27,1.80,44.46,3.21,3.56,5.00,0.00,8.036
1788342610.923,485.000,474.8,10.00,0.92,15.66,16.55,1.59,16.83,2.50,0.00,0.97,0.00,1.55,30.17,1.25,0.36,1.83,49.46,3.18,11.52,5.00,0.00,7.536
1788342612.463,486.000,476.3,10.01,0.97,15.66,18.55,1.64,9.30,2.50,0.00,0.97,0.00,1.50,30.35,1.25,0.14,1.92,12.36,3.25,0.42,5.00,0.00,6.573
1788342614.024,487.000,477.9,10.00,0.87,15.53,18.10,1.61,12.13,2.50,0.00,0.97,0.00,1.51,32.00,1.11,100.49,1.81,35.83,3.21,4.80,5.00,0.00,6.035
1788342615.576,488.000,479.4,10.00,0.81,15.59,18.02,1.61,8.41,2.50,0.00,0.96,0.00,1.50,24.94,1.25,1.05,1.90,3.77,3.24,1.16,5.00,0.00,5.285
1788342617.154,489.000,481.0,10.00,1.09,15.72,17.49,1.58,15.11,2.50,0.00,0.97,0.00,1.51,30.35,1.25,0.18,1.93,8.22,3.18,7.81,5.00,0.00,4.835
1788342618.718,490.000,482.6,10.01,0.76,15.63,16.82,1.60,14.00,2.50,0.00,0.97,0.00,1.54,28.53,1.11,100.39,1.83,51.88,3.19,4.71,5.00,0.00,3.885
1788342620.267,491.000,484.1,10.00,0.81,15.62,17.77,1.58,6.91,2.50,0.00,0.97,0.00,1.51,19.69,1.25,0.18,1.81,48.33,3.20,4.92,5.00,0.00,3.438
1788342621.838,492.000,485.7,9.99,0.97,15.62,18.09,2.67,119.95,3.75,94.28,0.98,0.00,1.52,21.42,1.25,0.76,1.91,4.99,3.19,8.08,5.00,0.00,2.357
1788342623.402,493.000,487.3,10.00,0.49,15.72,18.63,3.22,9.74,5.00,0.00,0.97,0.00,1.51,25.51,1.11,100.07,1.83,40.57,3.18,7.18,5.00,0.00,1.815
1788342624.983,494.000,488.8,10.00,1.14,15.88,19.75,1.56,8.92,3.33,100.00,0.97,0.00,1.51,25.51,1.11,99.79,1.79,60.43,3.15,4.74,5.00,0.00,0.686
1788342626.537,495.000,490.4,10.01,2.37,15.75,18.08,1.59,16.67,2.50,0.00,0.97,0.00,1.54,22.86,1.25,1.47,1.79,60.43,3.21,3.20,5.00,0.00,0.262
1788342628.116,496.000,492.0,10.00,2.11,15.63,18.90,1.59,463.01,2.50,244.95,0.97,0.00,1.54,11.78,1.00,0.33,1.69,53.10,3.18,18.83,5.00,0.00,0.071
1788342629.695,497.000,493.5,10.00,2.68,15.98,18.97,3.19,8.82,5.00,0.00,0.97,0.00,1.53,5.66,1.25,0.20,1.80,63.36,3.18,4.66,5.00,0.00,0.071
1788342631.264,498.000,495.1,10.50,21.19,16.39,20.52,2.67,125.66,4.44,66.14,0.97,0.00,1.53,5.66,1.25,0.73,1.97,3.27,3.19,4.28,5.00,0.00,0.121
1788342632.844,499.000,496.7,10.62,21.53,16.49,21.00,2.55,134.36,3.89,90.35,1.22,227.36,1.79,132.15,1.11,100.08,1.84,50.91,3.19,3.23,5.00,0.00,23.791
1788342634.461,500.000,498.3,10.00,1.07,16.67,21.21,2.57,135.58,4.37,69.99,0.93,0.00,1.53,13.60,1.11,100.02,1.70,56.22,3.09,24.95,5.00,0.00,23.167
1788342636.024,501.000,499.9,10.00,1.00,15.88,18.12,1.56,12.37,3.33,100.00,0.94,0.00,1.52,17.28,1.11,100.17,1.69,56.66,3.15,9.68,5.00,0.00,22.549
1788342637.583,502.000,501.4,10.00,1.04,15.53,17.72,1.60,9.38,2.50,0.00,0.94,0.00,1.47,6.00,1.11,100.49,1.82,44.58,3.21,1.17,5.00,0.00,22.136
