wall_time,elapsed_s,panther/cmd_vel_nav_hz,panther/cmd_vel_nav_jitter_ms,panther/amcl_pose_hz,panther/amcl_pose_jitter_ms,panther/plan_hz,panther/plan_jitter_ms,panther/local_costmap_hz,panther/local_costmap_jitter_ms,panther/velodyne_filtered_hz,panther/velodyne_filtered_jitter_ms,panther/path_length_m,panther2/cmd_vel_nav_hz,panther2/cmd_vel_nav_jitter_ms,panther2/amcl_pose_hz,panther2/amcl_pose_jitter_ms,panther2/plan_hz,panther2/plan_jitter_ms,panther2/local_costmap_hz,panther2/local_costmap_jitter_ms,panther2/velodyne_filtered_hz,panther2/velodyne_filtered_jitter_ms,panther2/path_length_m,panther3/cmd_vel_nav_hz,panther3/cmd_vel_nav_jitter_ms,panther3/amcl_pose_hz,panther3/amcl_pose_jitter_ms,panther3/plan_hz,panther3/plan_jitter_ms,panther3/local_costmap_hz,panther3/local_costmap_jitter_ms,panther3/velodyne_filtered_hz,panther3/velodyne_filtered_jitter_ms,panther3/path_length_m
1787756971.270,0.2,0.5,0.00,0.0,0.00,0.0,0.00,0.0,0.00,0.5,0.00,0.000,0.0,0.00,0.0,0.00,0.0,0.00,0.0,0.00,0.0,0.00,0.000,0.0,0.00,0.0,0.00,0.0,0.00,0.0,0.00,0.0,0.00,0.000
1787756973.462,2.3,9.7,33.63,0.7,0.00,1.0,0.00,0.5,0.00,2.9,72.07,0.504,10.0,23.97,0.9,0.00,0.5,0.00,0.5,0.00,3.0,91.49,8.542,10.0,5.66,0.9,0.00,1.0,0.00,0.5,0.00,3.0,68.84,7.767
1787756975.584,4.5,10.0,17.67,1.3,0.00,1.0,0.00,0.5,0.00,5.0,41.76,0.241,9.9,12.36,1.7,10.85,1.0,0.00,1.0,0.00,5.1,41.14,7.621,10.0,4.75,1.7,9.22,1.0,0.00,1.0,0.00,5.1,40.30,7.294
1787756977.266,6.2,10.0,8.98,0.5,0.00,1.0,0.00,1.0,0.00,5.7,25.90,0.121,10.0,6.24,2.6,83.72,1.0,0.00,1.0,0.00,5.7,27.62,7.221,10.0,3.96,2.3,87.04,1.0,0.00,1.0,0.00,5.7,27.50,6.446
1787756980.222,9.1,10.0,25.93,2.0,173.47,1.0,0.00,0.5,0.00,3.3,51.67,0.050,10.0,16.36,1.2,0.00,1.0,0.00,0.5,0.00,3.3,50.14,6.262,10.0,28.74,1.2,0.00,1.0,0.00,0.5,0.00,3.3,50.08,5.615
1787756982.147,11.0,10.0,4.21,4.0,71.04,1.0,0.00,1.0,0.00,5.1,42.66,0.000,10.0,15.13,1.8,54.19,1.0,0.00,0.8,0.00,5.1,42.16,5.552,10.0,2.61,1.8,39.43,1.0,0.00,1.0,0.00,5.1,41.46,4.920
1787756984.033,12.9,10.0,3.61,2.6,53.07,1.0,0.00,0.8,0.00,5.4,28.82,0.071,10.0,13.13,1.7,61.67,1.0,0.00,1.0,0.00,5.3,27.70,4.744,10.0,3.55,1.8,55.53,1.0,0.00,0.8,0.00,5.4,28.19,4.213
1787756987.019,15.9,10.0,10.78,2.2,72.72,1.0,0.00,0.5,0.00,3.6,86.36,24.221,10.0,19.20,1.2,110.44,1.0,0.00,0.5,0.00,3.6,84.52,4.044,10.0,18.73,1.4,0.00,1.0,0.00,0.5,0.00,3.6,85.42,3.506
1787756988.728,17.6,10.0,5.22,1.8,44.47,1.0,0.00,1.0,0.00,5.6,31.99,23.988,10.0,24.07,1.9,38.18,1.0,0.00,0.5,0.00,5.6,27.84,3.708,10.0,3.44,2.5,106.47,1.0,0.00,1.0,0.00,5.6,30.07,3.056
1787756991.231,20.1,10.0,3.54,1.5,0.00,1.0,0.00,0.8,0.00,4.1,75.48,22.828,10.1,9.21,2.2,64.08,1.0,0.00,0.5,0.00,4.1,70.29,2.600,10.0,10.81,1.5,0.00,1.0,0.00,0.5,0.00,4.1,74.90,1.914
1787756993.720,22.6,10.0,21.39,1.0,0.00,1.0,0.00,0.7,0.00,4.4,65.28,22.283,10.0,7.03,1.4,133.91,1.0,0.00,0.5,0.00,4.4,66.09,2.039,10.0,9.51,1.4,132.77,1.0,0.00,0.7,0.00,4.4,65.55,1.344
1787756995.650,24.5,10.0,8.31,1.5,165.34,1.0,0.00,0.5,0.00,5.2,31.32,21.505,9.9,6.05,1.7,17.80,1.0,0.00,0.8,0.00,5.2,31.84,1.212,10.0,4.01,1.4,115.06,1.0,0.00,0.5,0.00,5.2,31.62,0.524
1787756998.359,27.2,10.0,11.04,0.9,0.00,1.0,0.00,0.5,0.00,3.3,59.07,20.748,10.0,23.23,1.1,0.00,1.0,0.00,0.6,0.00,3.3,66.40,0.312,10.0,22.41,0.5,0.00,1.0,0.00,0.5,0.00,3.3,61.33,0.191
1787757000.494,29.4,10.0,5.40,1.7,57.10,1.0,0.00,1.0,0.00,5.0,24.07,20.197,10.0,24.78,0.5,0.00,1.0,0.00,0.5,0.00,5.0,25.74,0.050,10.0,4.15,0.5,0.00,1.0,0.00,1.0,0.00,5.0,24.68,0.071
1787757002.535,31.4,10.0,16.54,1.7,22.85,1.0,0.00,0.8,0.00,5.1,26.99,19.527,10.0,5.73,3.8,79.80,1.0,0.00,1.0,0.00,5.1,27.26,0.050,10.1,5.97,4.5,49.50,1.0,0.00,0.8,0.00,5.1,26.48,0.050
1787757005.340,34.2,10.0,19.72,1.0,0.00,1.0,0.00,0.6,0.00,3.5,48.05,19.077,10.0,10.13,1.7,91.81,1.0,0.00,0.5,0.00,3.5,46.43,0.000,10.0,9.39,1.6,37.31,1.0,0.00,0.6,0.00,3.5,45.18,0.000
1787757007.375,36.3,10.0,15.63,1.6,25.57,1.0,0.00,0.5,0.00,4.9,34.11,18.490,10.1,29.72,1.3,0.00,1.8,0.00,0.8,0.00,4.9,33.08,23.774,10.1,29.91,1.4,75.06,1.4,335.48,1.0,0.00,4.9,34.64,24.021
1787757009.725,38.6,10.0,18.78,1.4,30.76,0.9,0.00,0.5,0.00,4.0,57.51,17.534,10.0,17.01,2.1,49.82,1.0,0.00,0.8,0.00,4.0,58.92,23.692,10.0,3.47,1.9,104.38,1.0,0.00,0.5,0.00,4.0,58.07,23.927
1787757012.226,41.1,10.0,12.53,1.4,0.00,1.0,0.00,0.5,0.00,4.2,35.61,16.984,10.1,12.86,1.4,11.38,1.0,0.00,0.7,0.00,4.3,38.72,23.000,10.2,19.61,1.0,0.00,1.0,0.00,0.5,0.00,4.2,36.07,23.386
1787757014.220,43.1,10.0,8.72,1.7,19.30,1.0,0.00,1.0,0.00,5.0,33.22,16.284,9.9,6.62,1.8,35.14,1.0,0.00,0.5,0.00,5.0,39.38,22.207,10.0,7.33,1.4,104.24,1.0,0.00,1.0,0.00,5.0,37.01,22.612
1787757016.953,45.8,10.0,9.75,1.1,0.00,1.0,0.00,0.5,0.00,3.3,53.48,15.540,10.0,9.27,1.0,0.00,1.0,0.00,0.5,0.00,3.3,53.50,21.740,9.9,8.61,0.9,0.00,1.0,0.00,0.5,0.00,3.3,58.38,22.107
1787757019.156,48.0,10.0,5.90,1.7,95.98,1.0,0.00,0.8,0.00,4.6,36.84,14.827,10.1,5.93,1.6,3.60,0.9,0.00,0.8,0.00,4.7,41.98,21.143,10.0,11.66,1.6,5.03,1.0,0.00,0.8,0.00,4.6,37.40,21.656
1787757021.334,50.2,10.0,4.46,1.6,0.25,1.0,0.00,0.5,0.00,4.6,30.53,14.127,10.0,17.34,1.6,64.50,1.0,0.00,0.8,0.00,4.6,32.64,20.383,10.0,6.73,1.6,3.35,0.5,0.00,0.5,0.00,4.6,30.68,21.106
1787757024.159,53.0,10.0,10.95,1.2,94.15,1.0,0.00,0.5,0.00,3.5,37.68,13.327,10.0,15.53,1.1,0.00,1.0,0.00,0.7,0.00,3.5,36.57,19.583,10.0,5.55,1.2,82.66,1.0,0.00,0.5,0.00,3.5,36.53,20.398
1787757026.215,55.1,10.0,5.45,1.7,50.59,1.0,0.00,0.8,0.00,5.1,19.69,12.574,10.0,11.28,1.7,21.37,1.0,0.00,1.0,0.00,5.1,19.63,19.008,10.0,12.28,1.7,47.57,1.0,0.00,0.8,0.00,5.1,20.68,19.748
1787757028.765,57.6,10.1,20.03,1.3,7.92,1.0,0.00,0.7,0.00,3.9,33.85,12.027,9.9,14.78,1.3,0.00,1.0,0.00,0.5,0.00,3.9,36.34,18.508,10.0,12.20,1.3,10.22,1.0,0.00,0.7,0.00,3.9,37.70,18.848
1787757031.268,60.2,10.0,14.96,1.3,76.63,1.0,0.00,0.8,0.00,4.2,48.17,11.474,10.0,12.04,1.5,12.67,1.0,0.00,0.5,0.00,4.2,49.63,17.790,9.8,10.83,1.3,75.55,1.0,0.00,0.8,0.00,4.2,48.62,18.301
1787757033.459,62.3,10.0,19.07,1.9,83.29,1.0,0.00,0.9,0.00,4.4,24.93,10.336,10.0,5.40,1.4,4.54,1.0,0.00,0.8,0.00,4.4,27.78,17.143,10.0,2.69,1.7,76.42,1.0,0.00,0.5,0.00,4.4,25.81,17.487
1787757036.223,65.1,10.0,22.53,1.4,156.32,1.0,0.00,0.6,0.00,3.4,33.37,9.686,10.0,24.17,1.1,0.00,1.0,0.00,0.5,0.00,3.4,19.97,16.281,10.0,16.56,1.6,10.12,1.0,0.00,0.5,0.00,3.4,21.45,16.637
1787757038.345,67.2,10.0,20.05,1.6,7.80,1.0,0.00,0.5,0.00,4.7,27.05,9.036,10.0,8.56,1.6,18.53,1.0,0.00,0.8,0.00,4.7,26.13,15.625,10.0,7.04,1.6,15.36,1.0,0.00,0.8,0.00,4.7,26.05,16.005
1787757040.753,69.6,10.0,17.32,1.4,52.66,1.0,0.00,0.5,0.00,4.0,43.58,8.133,10.1,16.45,1.4,4.38,1.0,0.00,0.5,0.00,4.1,44.78,15.063,10.0,2.56,1.4,1.60,1.0,0.00,0.8,0.00,4.0,45.04,15.334
1787757043.346,72.2,10.0,7.55,1.3,77.53,1.0,0.00,0.7,0.00,4.0,31.80,7.583,9.9,12.49,1.3,0.00,1.0,0.00,0.5,0.00,4.0,32.66,14.303,10.3,18.92,1.3,0.00,1.0,0.00,0.7,0.00,4.0,32.52,14.534
1787757045.525,74.4,10.0,6.24,1.5,49.26,1.0,0.00,0.8,0.00,4.4,33.09,6.983,9.9,15.74,1.4,62.84,1.0,0.00,0.8,0.00,4.4,34.45,13.689,10.0,13.08,1.4,59.68,1.0,0.00,0.5,0.00,4.4,33.93,13.934
1787757048.342,77.2,10.0,20.48,1.0,0.00,1.0,0.00,0.6,0.00,3.1,33.89,6.250,10.0,21.43,1.1,0.00,1.0,0.00,0.5,0.00,3.1,23.59,13.186,10.0,2.67,1.1,0.00,0.5,0.00,0.5,0.00,3.1,31.05,13.384
1787757050.611,79.5,10.0,10.44,1.5,42.94,1.0,0.00,0.8,0.00,4.4,32.28,5.726,10.0,16.13,1.5,29.76,1.0,0.00,0.8,0.00,4.4,31.96,12.496,10.0,15.45,1.5,21.08,1.0,0.00,0.5,0.00,4.4,33.94,12.634
1787757052.897,81.8,9.9,15.30,1.6,42.41,1.0,0.00,0.5,0.00,4.8,15.23,4.797,10.1,4.57,1.5,12.06,1.0,0.00,0.8,0.00,4.8,19.19,11.798,10.0,3.29,1.5,4.19,1.0,0.00,0.8,0.00,4.8,16.48,11.972
1787757055.702,84.6,10.0,13.89,1.2,47.09,1.0,0.00,0.5,0.00,3.6,46.82,4.234,10.0,17.62,1.5,134.89,1.0,0.00,0.5,0.00,3.7,46.32,11.003,10.0,19.62,1.2,0.00,1.0,0.00,0.6,0.00,3.6,47.53,11.217
1787757057.935,86.8,10.0,16.02,1.6,21.47,1.0,0.00,0.8,0.00,4.6,27.43,3.584,10.0,18.04,1.7,107.24,1.0,0.00,0.5,0.00,4.6,29.31,10.327,10.0,3.71,1.5,33.24,1.0,0.00,0.8,0.00,4.6,26.47,10.612
1787757060.709,89.6,9.9,18.15,1.7,5.02,1.0,0.00,0.5,0.00,3.1,73.39,2.769,10.0,21.47,1.1,0.00,1.0,0.00,0.5,0.00,3.1,61.18,9.735,10.0,6.45,1.0,0.00,0.5,0.00,0.5,0.00,3.1,69.71,9.991
1787757063.129,92.0,10.0,16.03,1.5,0.00,1.0,0.00,0.9,0.00,4.1,37.94,2.135,10.2,13.54,1.5,0.00,1.0,0.00,0.7,0.00,4.1,37.58,8.970,10.0,4.45,1.4,90.43,1.0,0.00,0.5,0.00,4.1,37.18,9.188
1787757065.401,94.3,10.0,17.17,1.5,12.50,1.0,0.00,0.8,0.00,4.7,21.94,1.039,10.0,13.01,1.1,0.00,1.0,0.00,0.8,0.00,4.7,21.37,8.356,10.0,5.64,1.6,39.13,1.0,0.00,0.5,0.00,4.7,21.65,8.644
1787757068.297,97.2,10.0,7.63,0.9,0.00,1.0,0.00,0.5,0.00,3.3,26.35,0.524,10.2,13.29,1.1,50.65,1.0,0.00,0.6,0.00,3.3,27.88,7.817,10.0,8.42,1.1,41.41,1.0,0.00,0.5,0.00,3.4,28.56,8.005
1787757070.413,99.3,10.3,23.99,0.5,0.00,0.5,0.00,0.5,0.00,4.9,31.06,0.100,10.2,21.71,1.6,7.72,1.0,0.00,0.5,0.00,4.9,33.07,7.167,10.0,2.49,1.6,5.91,1.0,0.00,0.8,0.00,4.9,33.33,7.422
1787757073.308,102.2,10.0,5.62,2.3,84.06,1.0,0.00,0.5,0.00,3.1,54.59,0.071,10.0,10.55,1.2,0.00,1.0,0.00,0.5,0.00,3.1,48.91,6.446,10.1,7.18,1.2,0.00,1.0,0.00,0.6,0.00,3.1,45.56,6.657
1787757075.697,104.6,10.0,5.39,2.5,110.81,1.0,0.00,0.8,0.00,4.4,26.76,0.000,10.0,10.58,1.5,31.76,1.0,0.00,0.8,0.00,4.4,26.97,5.876,10.1,15.87,1.5,30.91,1.0,0.00,0.5,0.00,4.4,27.67,6.126
1787757078.037,106.9,9.7,34.02,0.8,0.00,1.1,0.00,0.7,0.00,4.2,42.23,23.759,10.0,12.69,1.3,77.92,1.0,0.00,0.7,0.00,4.2,68.89,5.226,10.1,7.90,1.4,60.68,1.0,0.00,0.5,0.00,4.2,53.73,5.416
1787757080.844,109.7,9.9,25.31,1.8,1.86,1.0,0.00,0.7,0.00,3.5,64.62,23.618,10.1,11.90,1.2,0.00,1.0,0.00,0.5,0.00,3.5,63.78,4.476,10.2,15.97,1.2,0.00,1.0,0.00,0.5,0.00,3.5,62.75,4.711
1787757082.949,111.8,10.0,24.06,1.9,120.99,1.0,0.00,0.5,0.00,4.8,26.46,23.111,10.1,4.03,1.6,45.25,1.0,0.00,0.5,0.00,4.9,28.12,3.843,10.0,7.73,1.6,43.20,1.0,0.00,1.0,0.00,4.8,25.79,4.080
1787757086.029,114.9,10.0,8.88,0.5,0.00,1.0,0.00,0.5,0.00,2.9,102.09,22.278,10.0,33.63,1.4,143.32,1.0,0.00,0.5,0.00,2.9,105.92,3.043,9.9,8.51,0.8,0.00,1.0,0.00,0.5,0.00,2.9,102.43,3.450
1787757088.339,117.2,10.0,22.66,1.6,38.65,0.9,0.00,0.8,0.00,4.4,45.71,21.743,10.0,20.97,1.8,46.21,1.0,0.00,0.8,0.00,4.4,46.86,2.381,10.0,3.33,2.2,68.63,1.0,0.00,0.8,0.00,4.4,46.97,2.845
1787757090.849,119.7,10.0,3.44,1.3,0.00,0.9,0.00,0.5,0.00,3.8,50.84,21.101,10.1,7.14,1.3,106.49,1.0,0.00,0.8,0.00,3.9,50.67,1.311,10.1,8.22,1.3,107.87,1.0,0.00,0.8,0.00,3.8,51.55,1.876
1787757093.671,122.6,10.0,9.39,1.3,0.00,1.0,0.00,0.7,0.00,3.9,35.65,20.426,10.1,18.89,1.3,90.40,0.5,0.00,0.7,0.00,4.0,34.22,0.816,10.0,9.85,1.3,89.30,1.0,0.00,0.7,0.00,4.0,34.24,1.028
1787757096.002,124.9,10.0,14.70,1.5,39.74,1.0,0.00,0.9,0.00,4.3,31.48,19.881,10.0,4.96,0.5,0.00,1.0,0.00,0.8,0.00,4.3,32.80,0.191,10.0,5.85,1.1,0.00,1.0,0.00,0.9,0.00,4.3,32.89,0.474
1787757099.041,127.9,9.9,11.73,1.1,0.00,0.9,0.00,0.6,0.00,2.0,302.76,19.186,10.0,29.61,0.0,0.00,1.0,0.00,0.6,0.00,3.2,48.00,0.100,10.0,10.27,0.5,0.00,1.0,0.00,0.6,0.00,3.2,50.73,0.212
1787757101.252,130.1,10.0,15.36,1.5,6.89,1.0,0.00,0.5,0.00,4.5,30.42,18.603,9.9,7.62,3.9,103.14,1.0,0.00,0.5,0.00,4.5,29.76,0.071,10.0,4.36,1.5,0.00,1.0,0.00,0.5,0.00,4.5,29.27,0.121
1787757104.216,133.1,10.0,13.65,0.9,0.00,1.0,0.00,0.5,0.00,2.9,52.86,17.844,10.0,6.90,1.4,44.49,1.0,0.00,0.5,0.00,2.9,57.37,0.000,10.0,3.87,2.3,201.03,1.0,0.00,0.5,0.00,2.9,52.27,0.121
1787757106.669,135.6,10.0,4.93,1.4,49.03,1.0,0.00,0.5,0.00,4.1,28.61,17.140,10.5,23.73,1.2,89.47,0.9,0.00,0.5,0.00,4.1,30.13,23.994,10.0,5.70,2.1,29.65,1.0,0.00,0.5,0.00,4.1,29.29,0.121
1787757109.133,138.0,10.0,17.94,1.3,0.00,1.0,0.00,0.7,0.00,3.7,37.11,16.546,10.0,9.68,1.8,67.68,0.5,0.00,0.5,0.00,3.6,35.65,23.899,10.4,22.39,3.4,52.44,0.9,0.00,0.7,0.00,3.6,41.38,27.569
1787757112.122,141.0,10.0,13.76,1.2,35.70,1.0,0.00,0.6,0.00,3.7,34.40,15.869,10.0,13.87,1.2,0.00,1.0,0.00,0.6,0.00,3.7,38.94,23.242,10.1,11.31,1.4,124.22,0.9,0.00,0.6,0.00,3.7,35.02,27.223
1787757114.321,143.2,10.0,6.38,1.5,30.44,1.0,0.00,0.5,0.00,4.6,23.54,15.260,10.0,11.55,1.5,69.88,1.0,0.00,0.5,0.00,4.6,23.88,22.488,10.0,2.65,1.5,70.98,0.9,0.00,0.5,0.00,4.6,24.02,26.491
1787757117.391,146.3,10.1,6.04,1.1,0.00,1.0,0.00,0.5,0.00,3.2,32.44,14.547,10.0,9.32,0.8,0.00,1.0,0.00,0.5,0.00,3.2,36.49,21.774,10.0,14.79,1.1,0.00,0.9,0.00,0.5,0.00,3.2,31.91,25.693
1787757119.628,148.5,10.4,16.30,1.5,7.92,1.0,0.00,0.8,0.00,4.5,21.64,13.947,10.0,5.30,1.7,86.19,0.5,0.00,0.8,0.00,4.6,22.37,21.361,10.0,8.82,1.5,64.77,0.9,0.00,0.8,0.00,4.5,22.82,25.223
1787757122.538,151.4,9.9,12.09,1.2,0.00,1.0,0.00,0.5,0.00,2.0,250.49,13.147,10.0,9.38,1.2,0.00,1.0,0.00,0.5,0.00,3.3,51.46,20.648,10.0,19.07,1.1,0.00,1.0,0.00,0.5,0.00,3.3,50.13,24.578
1787757125.112,154.0,10.1,3.80,1.4,0.00,1.0,0.00,0.8,0.00,4.1,46.06,12.696,10.0,12.83,1.4,0.00,1.0,0.00,0.9,0.00,4.2,43.21,19.948,10.0,6.63,1.4,2.38,1.0,0.00,0.8,0.00,4.2,43.69,24.178
1787757127.704,156.6,10.0,6.79,1.2,100.85,1.0,0.00,0.7,0.00,3.6,39.68,11.852,10.1,7.03,1.2,103.35,1.0,0.00,0.7,0.00,3.6,43.41,19.298,10.0,14.38,1.5,57.59,0.9,0.00,0.5,0.00,3.6,40.74,23.307
1787757130.523,159.4,10.0,15.91,2.0,41.68,1.0,0.00,0.7,0.00,3.7,60.21,11.050,10.2,16.60,1.3,0.00,1.0,0.00,0.7,0.00,3.7,62.35,18.648,10.0,13.79,1.2,0.00,1.0,0.00,0.5,0.00,3.7,60.72,22.852
1787757132.895,161.8,10.0,15.50,1.4,41.47,1.0,0.00,0.5,0.00,4.2,36.14,10.387,10.0,4.51,1.5,0.00,1.0,0.00,0.7,0.00,4.2,36.96,18.072,10.0,4.44,1.4,19.55,0.9,0.00,0.5,0.00,4.2,35.69,21.983
1787757135.945,164.8,10.0,4.29,0.9,0.00,1.0,0.00,0.5,0.00,3.0,72.24,9.670,10.0,5.95,1.1,0.00,1.0,0.00,0.5,0.00,3.0,90.92,17.337,10.1,14.29,0.9,0.00,1.0,0.00,0.5,0.00,3.0,88.46,21.303
1787757138.383,167.3,10.0,2.25,1.3,0.00,1.0,0.00,0.5,0.00,4.1,30.28,9.083,10.0,4.69,1.4,53.63,1.0,0.00,0.5,0.00,4.1,32.56,16.443,10.0,17.31,1.1,0.00,0.9,0.00,0.8,0.00,4.1,31.38,20.833
1787757141.368,170.3,10.0,23.45,0.8,0.00,1.0,0.00,0.5,0.00,3.2,35.68,8.403,9.7,14.03,1.1,0.00,1.0,0.00,0.5,0.00,3.1,57.09,15.895,10.0,7.32,0.5,0.00,0.9,0.00,0.5,0.00,3.2,41.25,20.267
1787757143.963,172.8,10.0,5.02,1.2,0.00,1.0,0.00,0.7,0.00,3.9,41.75,7.717,10.1,6.38,1.3,81.38,1.0,0.00,0.7,0.00,4.0,40.13,15.176,10.1,8.64,1.3,83.36,1.0,0.00,0.7,0.00,4.0,38.97,19.764
1787757146.587,175.5,10.0,9.88,1.3,25.53,1.0,0.00,0.7,0.00,3.8,40.96,7.167,10.0,7.46,1.1,0.00,0.5,0.00,0.7,0.00,3.8,40.82,14.626,10.0,7.48,1.1,0.00,0.9,0.00,0.7,0.00,3.8,40.38,19.041
1787757149.458,178.3,10.2,5.90,1.2,0.00,1.0,0.00,0.7,0.00,4.0,45.95,6.446,9.9,18.55,1.2,0.00,1.0,0.00,0.5,0.00,4.0,46.26,13.884,10.0,11.15,1.6,222.95,0.5,0.00,0.5,0.00,4.0,47.25,18.461
1787757152.115,181.0,9.8,8.77,1.3,0.00,1.0,0.00,0.5,0.00,3.9,38.30,5.576,9.9,16.26,1.3,1.73,1.0,0.00,0.5,0.00,3.9,39.99,13.078,10.0,11.42,1.2,0.00,1.0,0.00,0.5,0.00,3.9,38.06,17.572
1787757154.919,183.8,10.0,8.20,1.1,77.07,1.0,0.00,0.5,0.00,3.3,44.37,5.076,10.0,20.11,1.1,0.00,0.5,0.00,0.5,0.00,3.3,39.65,12.617,10.0,18.29,1.1,0.00,1.0,0.00,0.5,0.00,3.3,43.42,16.966
1787757157.502,186.4,10.1,6.14,1.6,113.54,1.0,0.00,0.5,0.00,3.9,25.01,4.176,10.0,14.57,1.3,33.30,1.0,0.00,0.5,0.00,3.9,24.44,11.699,10.0,4.12,1.0,0.00,1.0,0.00,0.5,0.00,3.9,24.46,16.522
1787757160.456,189.3,10.0,23.80,0.9,0.00,1.0,0.00,0.5,0.00,3.0,54.79,3.462,10.0,14.46,1.6,0.00,1.0,0.00,0.5,0.00,3.0,59.53,10.949,10.0,19.86,0.5,0.00,1.0,0.00,0.5,0.00,3.0,57.16,16.366
1787757163.123,192.0,10.0,12.16,2.0,17.82,1.0,0.00,0.7,0.00,3.9,29.38,2.893,10.0,28.14,1.5,120.65,0.5,0.00,0.7,0.00,3.9,27.02,10.344,10.0,12.71,0.5,0.00,1.0,0.00,0.7,0.00,3.9,27.83,15.524
1787757165.873,194.8,10.0,10.11,1.4,90.19,1.0,0.00,0.6,0.00,3.6,50.21,1.923,10.0,16.60,1.1,0.00,1.0,0.00,0.5,0.00,3.6,50.35,9.488,10.3,18.36,0.9,0.00,1.0,0.00,0.6,0.00,3.6,52.76,15.135
1787757168.723,197.6,10.0,9.11,1.3,0.00,1.0,0.00,0.5,0.00,3.6,32.12,1.071,10.2,16.35,1.2,45.36,1.0,0.00,0.5,0.00,3.7,33.35,8.816,10.1,15.58,1.3,0.00,1.0,0.00,0.5,0.00,3.7,33.72,14.447
1787757171.269,200.2,10.0,10.77,0.9,0.00,1.0,0.00,0.5,0.00,3.9,43.79,0.495,10.0,13.22,1.1,0.00,1.0,0.00,0.5,0.00,3.9,42.28,8.322,10.0,13.94,1.8,18.05,0.5,0.00,0.5,0.00,3.9,42.18,13.847
1787757174.301,203.2,10.0,10.99,0.5,0.00,1.0,0.00,0.5,0.00,3.4,37.25,0.191,10.1,11.31,1.1,0.00,1.0,0.00,0.5,0.00,3.4,36.58,7.626,10.0,5.71,1.1,0.00,1.0,0.00,0.5,0.00,3.4,38.31,12.993
1787757176.826,205.7,10.0,6.07,1.8,28.04,1.0,0.00,0.7,0.00,3.8,33.90,0.050,10.0,11.42,1.3,22.14,1.0,0.00,0.7,0.00,3.8,38.40,6.826,10.0,10.85,1.3,24.91,1.0,0.00,0.5,0.00,3.8,35.75,12.109
1787757179.919,208.8,10.0,19.63,1.8,158.97,1.0,0.00,0.5,0.00,2.9,83.12,0.071,10.0,9.95,0.9,0.00,1.0,0.00,0.5,0.00,2.9,76.22,6.112,10.0,23.88,0.9,0.00,1.0,0.00,0.5,0.00,2.9,83.66,11.381
1787757182.478,211.4,10.0,6.07,1.7,142.91,1.0,0.00,0.7,0.00,4.0,27.58,0.100,10.0,2.22,1.4,0.00,1.0,0.00,0.7,0.00,4.0,33.53,5.668,10.0,14.78,1.4,0.00,1.0,0.00,0.7,0.00,4.0,29.44,10.816
1787757185.601,214.5,10.0,14.79,1.7,247.99,1.0,0.00,0.6,0.00,2.6,92.48,23.998,10.0,3.18,0.8,0.00,1.0,0.00,0.5,0.00,2.8,94.03,5.084,10.0,5.05,0.8,0.00,1.0,0.00,0.6,0.00,2.8,92.16,10.230
1787757188.220,217.1,10.0,24.26,1.3,229.05,1.0,0.00,0.5,0.00,3.9,45.39,23.482,10.0,8.78,1.3,71.44,1.0,0.00,0.5,0.00,3.9,46.33,4.292,10.0,14.17,1.3,71.53,1.0,0.00,0.5,0.00,3.9,44.46,9.566
1787757191.346,220.2,10.0,17.61,1.0,0.00,0.9,0.00,0.5,0.00,2.6,97.34,22.612,10.0,24.10,1.1,0.00,1.0,0.00,0.5,0.00,2.8,106.08,3.613,10.0,2.90,1.1,0.00,1.0,0.00,0.5,0.00,2.8,101.88,8.886
1787757194.007,222.9,10.0,20.89,1.1,0.00,1.0,0.00,0.5,0.00,4.0,36.79,22.107,10.0,2.19,1.6,124.50,0.5,0.00,0.5,0.00,4.0,36.96,3.200,10.0,2.91,1.4,19.71,1.0,0.00,0.5,0.00,4.0,36.52,8.086
1787757196.997,225.9,10.0,15.11,1.1,0.00,1.0,0.00,0.5,0.00,3.3,41.43,21.453,9.7,14.11,1.0,0.00,1.0,0.00,0.5,0.00,3.4,33.05,2.159,10.0,4.76,1.1,0.00,0.5,0.00,0.5,0.00,3.4,30.82,7.506
1787757199.830,228.7,10.0,4.57,1.4,0.00,1.0,0.00,0.7,0.00,4.0,26.01,20.856,10.0,8.38,1.4,0.00,1.0,0.00,0.7,0.00,4.1,25.47,1.381,10.0,15.36,1.3,0.00,1.0,0.00,0.7,0.00,4.0,26.14,6.780
1787757202.586,231.5,10.0,3.18,1.2,0.00,1.0,0.00,0.7,0.00,3.7,42.75,20.145,9.7,18.48,0.9,0.00,1.0,0.00,0.7,0.00,3.7,40.34,0.616,10.0,10.14,1.2,8.95,1.0,0.00,0.6,0.00,3.7,41.00,6.056
1787757205.510,234.4,10.1,4.35,1.2,40.46,1.0,0.00,0.7,0.00,3.7,31.36,19.645,10.1,14.46,0.7,0.00,1.0,0.00,0.7,0.00,3.7,32.74,0.333,10.0,18.92,1.3,0.00,1.0,0.00,0.5,0.00,3.7,32.59,5.373
1787757208.247,237.1,10.0,2.37,1.2,0.00,1.0,0.00,0.7,0.00,3.8,32.63,18.845,10.2,6.61,0.0,0.00,1.0,0.00,0.5,0.00,3.8,30.95,0.241,10.0,3.97,1.2,0.00,1.0,0.00,0.5,0.00,3.8,32.60,4.927
1787757211.257,240.1,10.0,11.95,1.0,0.00,1.0,0.00,0.5,0.00,3.5,19.55,18.151,10.0,11.13,0.5,0.00,1.0,0.00,0.5,0.00,3.2,73.35,0.150,10.3,23.07,1.2,0.00,1.0,0.00,0.5,0.00,3.2,76.82,4.398
1787757213.978,242.9,10.0,5.54,1.2,47.18,1.0,0.00,0.5,0.00,3.5,20.14,17.337,9.9,23.11,1.2,331.95,1.0,0.00,0.5,0.00,3.5,20.89,0.100,10.0,4.33,1.2,0.00,1.0,0.00,0.5,0.00,3.5,20.38,3.714
1787757217.011,245.9,10.3,15.09,1.0,0.00,0.5,0.00,0.5,0.00,2.9,46.48,16.887,10.0,17.68,2.3,88.09,1.0,0.00,0.5,0.00,2.9,50.12,0.050,10.0,6.96,0.9,0.00,1.0,0.00,0.5,0.00,2.9,48.80,2.948
1787757219.779,248.7,10.0,4.59,1.4,152.16,1.0,0.00,0.5,0.00,3.4,30.39,16.084,10.0,21.10,1.7,1.38,1.0,0.00,0.5,0.00,3.4,35.14,0.050,10.0,4.47,1.1,16.74,1.0,0.00,0.6,0.00,3.4,33.48,2.027
1787757222.773,251.7,10.0,4.52,0.9,0.00,1.0,0.00,0.5,0.00,2.9,38.60,15.334,9.9,4.65,1.4,20.97,0.9,0.00,0.5,0.00,2.9,43.75,27.618,10.0,18.87,0.9,0.00,1.0,0.00,0.5,0.00,2.9,46.64,1.203
1787757225.587,254.5,10.0,5.28,1.1,0.00,1.0,0.00,0.6,0.00,3.3,65.45,14.534,10.0,24.56,1.1,0.00,0.9,0.00,0.5,0.00,3.3,53.10,27.436,10.0,13.17,1.1,0.00,1.0,0.00,0.5,0.00,3.3,51.51,0.654
1787757228.554,257.4,10.0,22.44,1.0,0.00,1.0,0.00,0.5,0.00,3.0,39.74,13.784,10.0,10.67,0.5,0.00,0.9,0.00,0.5,0.00,3.0,46.19,26.481,10.0,8.23,0.5,0.00,1.0,0.00,0.5,0.00,3.0,45.98,0.141
1787757231.366,260.3,10.0,23.18,1.0,0.00,1.0,0.00,0.5,0.00,3.5,42.25,13.334,9.9,15.64,0.9,0.00,1.0,0.00,0.5,0.00,3.5,41.88,25.703,10.0,14.99,2.1,187.67,1.0,0.00,0.5,0.00,3.5,40.95,0.000
1787757234.417,263.3,10.1,15.50,1.2,0.00,1.0,0.00,0.5,0.00,3.2,24.25,12.667,10.0,16.42,1.1,0.00,0.5,0.00,0.5,0.00,3.2,24.47,25.311,10.0,10.23,1.9,162.28,1.0,0.00,0.5,0.00,3.2,23.77,0.000
1787757237.313,266.2,10.0,9.34,1.1,24.94,1.0,0.00,0.5,0.00,3.4,54.44,12.021,10.0,13.88,1.1,20.91,0.9,0.00,0.5,0.00,3.4,49.28,24.728,10.0,12.36,1.3,184.25,1.0,0.00,0.6,0.00,3.4,49.69,0.050
1787757240.444,269.3,10.0,16.11,1.1,0.00,1.0,0.00,0.5,0.00,3.3,32.24,11.267,10.0,8.61,1.2,0.00,0.9,0.00,0.6,0.00,3.3,32.54,23.991,10.3,13.35,1.7,16.20,1.0,0.00,0.6,0.00,3.3,30.47,15.151
1787757243.376,272.3,10.0,5.94,1.2,0.00,1.0,0.00,0.6,0.00,3.4,32.92,10.508,10.0,14.58,1.1,71.22,1.0,0.00,0.5,0.00,3.4,32.97,23.300,10.0,5.96,1.1,70.49,0.9,0.00,0.6,0.00,3.4,33.51,14.407
1787757246.244,275.1,10.1,13.43,1.2,42.97,1.0,0.00,0.6,0.00,3.5,43.25,9.858,10.0,7.59,1.3,0.00,0.9,0.00,0.5,0.00,3.5,47.67,22.546,10.0,12.98,1.3,0.00,1.0,0.00,0.5,0.00,3.5,43.88,13.627
1787757249.345,278.2,10.0,8.58,1.0,0.00,1.0,0.00,0.5,0.00,1.9,335.36,9.199,10.0,8.28,1.2,0.00,1.0,0.00,0.5,0.00,3.1,57.33,21.915,9.9,16.60,1.1,0.00,1.0,0.00,0.5,0.00,1.9,335.97,12.853
1787757252.377,281.3,9.9,16.77,1.3,0.00,1.0,0.00,0.5,0.00,3.6,25.66,8.511,9.9,8.51,1.2,0.00,0.9,0.00,0.5,0.00,3.5,33.45,21.380,10.3,18.96,1.2,0.00,0.5,0.00,0.5,0.00,3.6,26.21,12.269
1787757255.399,284.3,10.0,6.98,1.1,0.00,1.0,0.00,0.5,0.00,3.2,30.87,7.822,10.0,17.14,1.1,0.00,0.5,0.00,0.5,0.00,3.2,34.40,21.061,10.0,4.37,1.1,0.00,1.0,0.00,0.5,0.00,3.2,34.56,11.615
1787757258.196,287.1,10.0,18.87,1.3,0.00,1.0,0.00,0.5,0.00,3.8,38.67,7.322,10.1,11.84,1.2,0.00,1.0,0.00,0.7,0.00,3.7,38.93,20.216,10.0,14.27,1.3,0.00,1.0,0.00,0.7,0.00,3.8,38.37,10.952
1787757261.352,290.2,10.0,5.87,1.2,0.00,1.0,0.00,0.6,0.00,3.3,51.61,6.603,10.0,12.28,1.0,0.00,0.9,0.00,0.6,0.00,3.3,46.84,19.670,10.1,4.07,1.0,0.00,1.0,0.00,0.6,0.00,3.3,51.63,10.224
1787757264.061,292.9,10.2,8.41,1.3,10.74,1.0,0.00,0.7,0.00,3.8,46.70,5.853,10.2,9.60,1.3,0.00,1.0,0.00,0.5,0.00,3.8,47.78,18.911,10.0,9.58,1.3,0.00,1.0,0.00,0.5,0.00,3.8,47.16,9.496
1787757267.398,296.3,10.0,15.30,1.8,0.00,1.0,0.00,0.5,0.00,3.0,78.21,5.142,10.0,26.07,1.5,138.52,1.0,0.00,0.5,0.00,3.0,73.52,18.652,10.0,2.28,1.1,0.00,1.0,0.00,0.5,0.00,3.0,74.64,8.768
1787757270.185,299.1,10.0,4.56,1.3,29.96,1.0,0.00,0.5,0.00,3.8,38.18,4.395,10.0,27.48,1.3,0.00,1.0,0.00,0.5,0.00,3.7,40.66,17.372,10.0,2.63,1.3,0.00,1.0,0.00,0.5,0.00,3.8,39.83,7.916
1787757273.420,302.3,10.3,27.07,1.1,0.00,1.0,0.00,0.5,0.00,3.4,41.94,3.833,10.1,12.36,1.0,0.00,1.0,0.00,0.5,0.00,3.4,41.62,16.771,9.9,7.58,1.1,0.00,1.0,0.00,0.5,0.00,3.4,41.52,7.249
1787757276.155,305.0,10.0,16.05,1.5,100.49,1.0,0.00,0.5,0.00,3.9,22.03,3.172,10.0,13.07,1.3,20.04,1.0,0.00,0.5,0.00,3.9,22.42,16.475,10.0,11.59,1.4,0.00,0.5,0.00,0.5,0.00,3.9,21.10,6.833
1787757279.393,308.3,10.1,13.22,1.0,0.00,1.0,0.00,0.5,0.00,3.3,40.01,2.333,10.1,19.73,0.5,0.00,1.0,0.00,0.5,0.00,3.3,36.75,15.961,10.0,11.87,1.1,0.00,1.0,0.00,0.5,0.00,3.3,38.03,5.984
1787757282.141,311.0,10.0,18.74,1.2,0.00,1.0,0.00,0.7,0.00,3.9,27.97,1.495,10.0,21.47,1.0,0.00,1.0,0.00,0.7,0.00,3.9,28.02,15.455,10.0,9.20,1.3,62.32,1.0,0.00,0.7,0.00,3.9,27.01,5.447
1787757285.580,314.5,9.9,11.16,1.0,0.00,1.0,0.00,0.5,0.00,2.9,38.14,0.849,10.0,18.76,1.0,0.00,1.0,0.00,0.5,0.00,2.9,32.54,14.980,10.0,3.71,1.0,0.00,1.0,0.00,0.5,0.00,2.9,40.48,4.596
1787757288.397,317.3,10.0,11.72,0.5,0.00,1.0,0.00,0.6,0.00,3.6,24.31,0.333,10.0,9.88,1.2,32.68,1.0,0.00,0.5,0.00,3.6,28.01,14.227,10.0,6.03,1.2,0.00,1.0,0.00,0.6,0.00,3.6,26.66,4.104
1787757291.749,320.6,10.0,13.61,0.0,0.00,1.0,0.00,0.5,0.00,2.9,30.34,0.191,10.0,19.46,0.9,0.00,1.0,0.00,0.5,0.00,2.9,34.75,13.526,10.0,4.75,0.9,0.00,1.0,0.00,0.6,0.00,2.9,33.17,3.294
1787757294.592,323.5,10.2,20.55,1.8,0.00,1.0,0.00,0.5,0.00,3.5,48.46,0.100,10.0,11.92,1.2,0.00,1.0,0.00,0.5,0.00,3.5,46.61,12.713,10.1,14.16,1.2,0.00,1.0,0.00,0.5,0.00,3.5,48.32,2.668
1787757297.855,326.7,10.0,3.16,2.1,198.87,1.0,0.00,0.5,0.00,3.0,47.66,0.100,10.0,11.46,1.0,0.00,1.0,0.00,0.5,0.00,3.0,49.49,12.109,10.0,6.82,1.0,0.00,1.0,0.00,0.5,0.00,3.0,47.23,1.711
1787757300.744,329.6,10.1,13.63,1.4,189.04,1.0,0.00,0.5,0.00,3.5,30.57,0.100,10.0,16.38,1.2,0.00,1.0,0.00,0.5,0.00,3.6,28.75,11.261,10.0,19.37,1.1,0.00,1.0,0.00,0.5,0.00,3.5,28.85,1.118
1787757304.159,333.0,10.0,13.40,2.3,138.06,0.9,0.00,0.5,0.00,2.9,38.63,27.549,10.0,20.04,0.5,0.00,1.0,0.00,0.5,0.00,2.9,40.52,10.716,10.0,21.42,0.5,0.00,1.0,0.00,0.5,0.00,2.9,36.92,0.433
1787757307.166,336.1,10.0,14.07,1.0,0.00,1.0,0.00,0.6,0.00,3.3,42.70,27.104,9.9,22.93,1.3,101.50,1.0,0.00,0.6,0.00,3.3,44.02,10.180,10.0,34.79,0.5,0.00,1.0,0.00,0.5,0.00,3.3,42.66,0.221
1787757310.384,339.3,10.0,3.20,1.1,0.00,1.0,0.00,0.6,0.00,3.4,39.10,26.339,10.0,8.32,1.1,0.00,0.5,0.00,0.5,0.00,3.4,41.74,9.712,9.9,5.37,0.0,0.00,1.0,0.00,0.5,0.00,3.4,41.02,0.050
1787757313.397,342.3,10.0,15.02,1.2,0.00,0.9,0.00,0.6,0.00,3.1,47.58,25.649,9.9,24.70,1.0,0.00,1.0,0.00,0.5,0.00,3.1,46.31,9.015,10.0,13.64,3.1,44.44,1.0,0.00,0.6,0.00,3.1,45.26,0.050
1787757316.794,345.7,10.0,16.24,1.1,0.00,0.9,0.00,0.5,0.00,3.0,59.97,25.141,10.0,10.09,1.1,0.00,1.0,0.00,0.5,0.00,3.1,60.71,8.194,9.9,19.32,1.5,56.70,1.0,0.00,0.5,0.00,3.0,61.71,0.071
1787757319.843,348.7,10.0,7.47,0.9,0.00,0.9,0.00,0.5,0.00,3.0,39.09,24.477,10.0,3.02,1.2,243.77,1.0,0.00,0.5,0.00,2.9,38.36,7.515,10.0,4.46,1.2,247.42,1.0,0.00,0.5,0.00,2.9,39.98,0.071
1787757323.131,352.0,10.0,18.63,1.0,0.00,1.0,0.00,0.5,0.00,3.1,47.05,23.824,10.0,9.95,1.1,0.00,1.0,0.00,0.5,0.00,3.1,49.93,6.936,10.0,19.32,1.7,18.75,1.0,0.00,0.5,0.00,3.1,47.44,24.302
1787757326.130,355.0,10.0,13.40,1.0,0.00,0.9,0.00,0.5,0.00,3.0,41.94,23.144,10.0,22.01,1.0,0.00,1.0,0.00,0.6,0.00,3.0,48.32,6.156,10.0,14.81,1.0,0.00,1.0,0.00,0.5,0.00,3.0,45.47,23.535
1787757329.390,358.3,10.1,18.11,1.1,0.00,1.0,0.00,0.6,0.00,3.4,37.75,22.559,10.0,12.62,1.2,0.00,1.0,0.00,0.5,0.00,3.4,36.33,5.594,10.2,25.34,1.1,0.00,1.0,0.00,0.6,0.00,3.4,36.32,22.807
1787757332.630,361.5,10.0,14.32,0.5,0.00,1.0,0.00,0.6,0.00,3.1,21.40,21.908,10.2,9.78,1.0,0.00,1.0,0.00,0.5,0.00,3.0,26.72,4.931,10.0,4.03,1.0,0.00,1.0,0.00,0.6,0.00,3.1,22.90,22.000
1787757335.793,364.7,10.2,12.90,0.9,0.00,0.9,0.00,0.5,0.00,3.4,53.62,21.412,10.0,16.81,1.1,0.00,1.0,0.00,0.5,0.00,3.4,51.35,4.399,10.0,17.37,1.2,0.00,1.0,0.00,0.5,0.00,3.4,52.71,21.363
1787757339.048,367.9,10.0,4.29,1.1,0.00,1.0,0.00,0.5,0.00,3.0,24.53,20.830,10.0,20.62,1.0,0.00,1.0,0.00,0.5,0.00,3.0,21.63,3.752,10.0,20.20,0.8,0.00,1.0,0.00,0.5,0.00,3.0,21.97,20.536
1787757342.185,371.1,10.0,5.27,1.2,0.00,1.0,0.00,0.5,0.00,3.4,37.99,20.254,9.9,4.92,1.2,4.52,1.0,0.00,0.5,0.00,3.4,39.98,3.089,10.0,6.74,1.2,0.00,1.0,0.00,0.5,0.00,3.4,38.65,19.977
1787757345.477,374.4,10.0,16.35,0.9,0.00,1.0,0.00,0.5,0.00,3.0,43.56,19.711,10.0,9.58,1.0,0.00,1.0,0.00,0.5,0.00,3.0,41.34,2.057,10.0,20.45,0.9,0.00,1.0,0.00,0.5,0.00,3.0,41.02,19.329
1787757348.641,377.5,10.0,5.37,1.0,0.00,1.0,0.00,0.5,0.00,3.2,16.58,19.090,10.0,4.72,1.0,0.00,1.0,0.00,0.6,0.00,3.2,25.70,1.274,10.0,5.99,1.0,0.00,1.0,0.00,0.5,0.00,3.2,23.25,18.749
1787757352.052,380.9,9.7,13.08,0.5,0.00,1.0,0.00,0.5,0.00,2.7,78.42,18.540,10.2,23.16,0.8,0.00,1.0,0.00,0.5,0.00,2.7,79.57,0.524,10.0,6.20,0.5,0.00,1.0,0.00,0.5,0.00,2.7,78.18,18.049
1787757355.148,384.0,10.0,14.95,1.1,0.00,0.5,0.00,0.6,0.00,3.4,27.53,18.111,10.0,10.40,0.0,0.00,1.0,0.00,0.5,0.00,3.4,25.32,0.121,10.0,24.12,1.1,0.00,1.0,0.00,0.5,0.00,3.4,25.19,17.337
1787757358.764,387.6,10.0,7.44,0.8,0.00,1.0,0.00,0.5,0.00,2.5,40.70,16.926,10.0,15.58,1.8,227.35,1.0,0.00,0.5,0.00,2.5,44.44,0.050,10.0,20.58,0.5,0.00,0.5,0.00,0.5,0.00,2.5,43.15,16.684
1787757361.737,390.6,10.0,12.16,0.9,0.00,1.0,0.00,0.5,0.00,3.4,31.05,16.396,10.0,7.10,2.2,112.04,0.5,0.00,0.5,0.00,3.4,31.49,0.000,10.0,2.49,1.1,8.35,1.0,0.00,0.5,0.00,3.4,31.18,15.984
1787757365.253,394.1,10.0,19.98,0.5,0.00,1.0,0.00,0.5,0.00,2.9,60.70,16.228,10.3,21.45,0.5,0.00,1.0,0.00,0.5,0.00,2.9,61.42,0.000,10.0,15.48,1.0,0.00,1.0,0.00,0.5,0.00,2.9,62.44,15.077
1787757368.231,397.1,9.9,32.05,0.5,0.00,1.0,0.00,0.5,0.00,3.2,32.35,15.816,10.0,7.42,1.5,20.57,1.0,0.00,0.5,0.00,3.1,33.25,15.072,10.0,1.88,1.0,0.00,1.0,0.00,0.5,0.00,3.1,31.29,14.377
1787757371.809,400.7,10.0,30.22,0.5,0.00,1.0,0.00,0.5,0.00,3.4,28.51,14.966,10.0,4.47,1.0,0.00,1.0,0.00,0.5,0.00,3.3,0.41,14.342,9.9,35.73,1.0,0.00,1.0,0.00,0.5,0.00,3.3,11.25,13.724
1787757374.837,403.7,10.0,10.57,1.3,119.47,1.0,0.00,0.5,0.00,3.1,29.13,14.290,10.0,12.90,1.1,0.00,1.0,0.00,0.6,0.00,3.1,27.83,13.602,10.0,8.21,1.1,0.00,1.0,0.00,0.5,0.00,3.1,27.99,12.936
1787757378.279,407.2,10.0,17.87,1.1,0.00,1.0,0.00,0.6,0.00,3.1,32.73,13.639,10.0,9.97,0.8,0.00,1.0,0.00,0.6,0.00,3.2,32.47,12.827,10.0,15.89,1.0,0.00,1.0,0.00,0.5,0.00,3.1,34.62,12.336
1787757381.418,410.3,10.0,9.68,1.0,0.00,1.0,0.00,0.6,0.00,3.3,20.10,12.851,10.0,7.55,1.0,0.00,1.0,0.00,0.5,0.00,3.2,31.58,12.172,10.0,11.43,1.1,0.00,1.0,0.00,0.5,0.00,3.2,26.35,11.686
1787757384.867,413.8,10.0,8.49,0.8,0.00,1.0,0.00,0.5,0.00,3.2,24.58,12.251,10.0,12.02,1.1,0.00,1.0,0.00,0.5,0.00,3.2,26.23,11.609,10.0,22.55,1.1,0.00,1.0,0.00,0.5,0.00,3.2,25.03,10.836
1787757388.214,417.1,10.2,7.23,1.0,0.00,0.5,0.00,0.5,0.00,3.1,58.52,11.543,10.1,7.62,0.5,0.00,1.0,0.00,0.5,0.00,3.1,59.53,10.831,10.0,4.43,1.0,0.00,1.0,0.00,0.5,0.00,3.1,61.32,10.236
1787757391.397,420.3,10.0,4.38,1.2,35.31,1.0,0.00,0.5,0.00,3.5,23.11,10.426,10.0,9.72,1.1,0.00,1.0,0.00,0.5,0.00,3.5,21.04,10.295,10.0,20.47,1.2,35.23,1.0,0.00,0.5,0.00,3.5,22.84,9.583
1787757394.992,423.9,10.0,4.05,1.5,0.00,1.0,0.00,0.5,0.00,2.6,66.12,9.951,10.0,9.34,0.5,0.00,1.0,0.00,0.5,0.00,2.6,54.63,9.450,10.0,21.41,0.9,0.00,1.0,0.00,0.5,0.00,2.6,50.89,8.733
1787757397.995,426.9,10.0,1.92,1.1,44.49,1.0,0.00,0.5,0.00,3.2,30.43,9.241,10.0,20.02,1.2,0.00,1.0,0.00,0.5,0.00,3.3,36.54,8.682,10.0,3.99,1.1,0.00,1.0,0.00,0.5,0.00,3.3,34.55,8.083
1787757401.589,430.5,10.0,18.22,0.8,0.00,0.5,0.00,0.5,0.00,2.6,43.98,8.657,10.1,10.90,0.5,0.00,1.0,0.00,0.5,0.00,2.6,51.87,8.140,10.0,11.90,0.8,0.00,1.0,0.00,0.5,0.00,2.6,45.92,7.483
1787757404.839,433.7,10.0,3.11,1.0,0.00,1.0,0.00,0.5,0.00,3.0,55.56,7.935,10.0,15.31,0.7,0.00,1.0,0.00,0.5,0.00,3.0,55.42,7.530,10.0,6.44,0.9,0.00,1.0,0.00,0.5,0.00,3.0,54.43,6.833
1787757408.386,437.3,10.2,16.11,0.9,0.00,1.0,0.00,0.5,0.00,2.7,45.98,7.484,10.0,16.17,0.5,0.00,1.0,0.00,0.5,0.00,2.7,53.61,6.925,10.0,14.43,0.5,0.00,1.0,0.00,0.5,0.00,2.7,49.51,5.955
1787757411.633,440.5,10.0,9.98,1.0,0.00,1.0,0.00,0.5,0.00,3.2,39.22,6.933,10.2,10.19,1.5,18.00,1.0,0.00,0.5,0.00,3.2,36.51,6.418,9.9,22.96,1.0,0.00,1.0,0.00,0.5,0.00,3.2,37.97,5.277
1787757415.070,444.0,10.0,1.64,1.1,0.00,1.0,0.00,0.5,0.00,3.2,47.60,6.053,10.0,16.29,1.1,0.00,1.0,0.00,0.5,0.00,3.2,47.46,5.897,10.0,15.93,1.3,117.65,1.0,0.00,0.5,0.00,3.2,48.52,4.680
1787757418.385,447.3,10.0,9.21,1.1,0.00,1.0,0.00,0.5,0.00,3.2,22.50,5.410,10.0,15.75,1.1,0.00,1.0,0.00,0.5,0.00,3.2,27.50,5.298,10.0,15.32,1.0,0.00,1.0,0.00,0.6,0.00,3.2,27.25,4.086
1787757421.903,450.8,10.0,2.70,1.0,0.00,1.0,0.00,0.5,0.00,3.1,34.32,4.872,10.0,12.33,1.0,0.00,1.0,0.00,0.5,0.00,3.0,34.39,4.508,10.0,2.50,1.0,0.00,1.0,0.00,0.5,0.00,3.0,37.96,3.293
1787757425.300,454.2,9.9,10.58,1.2,0.00,1.0,0.00,0.5,0.00,3.0,59.11,4.123,10.0,11.80,1.2,0.00,1.0,0.00,0.5,0.00,3.0,60.40,3.911,10.0,7.62,1.2,300.04,1.0,0.00,0.5,0.00,3.0,61.52,2.492
1787757428.714,457.6,10.0,17.01,0.5,0.00,1.0,0.00,0.6,0.00,2.8,43.30,3.548,9.9,11.52,0.5,0.00,1.0,0.00,0.5,0.00,2.8,41.90,3.397,10.0,6.39,0.9,0.00,1.0,0.00,0.5,0.00,2.8,43.38,1.754
1787757431.972,460.9,10.0,1.79,1.0,0.00,1.0,0.00,0.5,0.00,2.9,30.44,2.839,9.9,10.74,0.9,0.00,1.0,0.00,0.5,0.00,2.9,31.48,2.482,10.0,19.39,1.0,0.00,1.0,0.00,0.5,0.00,2.9,27.91,0.835
1787757435.395,464.3,10.0,8.67,0.9,0.00,1.0,0.00,0.5,0.00,2.9,48.80,2.129,9.9,19.67,1.0,0.00,1.0,0.00,0.6,0.00,2.9,50.41,1.782,10.0,15.78,0.5,0.00,1.0,0.00,0.5,0.00,2.9,49.54,0.241
1787757438.859,467.7,10.0,14.36,1.0,0.00,1.0,0.00,0.5,0.00,2.8,43.64,1.087,10.0,5.54,0.5,0.00,1.0,0.00,0.5,0.00,2.8,44.69,1.025,10.0,22.28,0.5,0.00,1.0,0.00,0.5,0.00,2.8,44.40,0.050
1787757442.231,471.1,10.0,28.54,0.8,0.00,1.0,0.00,0.5,0.00,3.2,32.30,0.433,10.0,9.08,0.5,0.00,1.0,0.00,0.5,0.00,3.2,31.14,0.433,10.0,3.29,3.2,32.35,1.0,0.00,0.5,0.00,3.2,32.16,0.000
1787757445.776,474.7,10.0,13.85,0.5,0.00,1.0,0.00,0.5,0.00,3.0,41.94,0.121,10.0,12.41,0.0,0.00,1.0,0.00,0.5,0.00,3.0,40.76,0.191,10.1,22.12,1.5,7.76,1.0,0.00,0.5,0.00,3.0,40.92,0.000
1787757449.211,478.1,10.0,1.89,2.4,159.36,1.0,0.00,0.5,0.00,3.1,33.67,0.050,10.0,5.54,1.6,0.00,1.0,0.00,0.5,0.00,3.1,37.04,0.050,10.7,22.45,1.6,322.87,1.5,397.05,0.5,0.00,3.1,35.99,23.704
1787757452.927,481.8,10.0,8.42,1.4,71.40,1.0,0.00,0.5,0.00,2.8,43.67,0.050,10.0,21.11,2.8,45.37,1.0,0.00,0.5,0.00,2.8,45.62,0.000,10.0,24.00,1.4,71.12,1.0,0.00,0.5,0.00,2.8,43.66,23.343
1787757456.513,485.4,10.5,23.75,0.5,0.00,1.4,310.52,0.5,0.00,2.4,17.75,15.270,10.0,13.17,1.2,0.00,0.5,0.00,0.5,0.00,2.4,17.38,0.050,10.0,22.65,0.8,0.00,0.9,0.00,0.5,0.00,2.4,17.42,22.571
1787757459.988,488.9,10.0,3.44,1.5,15.57,1.0,0.00,0.5,0.00,2.8,44.59,14.990,10.2,29.70,0.9,0.00,1.7,0.00,0.5,0.00,2.8,46.36,24.448,10.0,18.94,1.1,149.66,1.0,0.00,0.5,0.00,2.8,45.21,21.947
1787757463.652,492.5,10.0,10.56,0.9,0.00,1.0,0.00,0.5,0.00,2.7,37.45,14.336,10.0,14.19,0.9,0.00,1.0,0.00,0.5,0.00,2.8,32.71,23.945,10.0,6.16,0.9,0.00,1.0,0.00,0.5,0.00,2.7,39.11,21.207
1787757467.018,495.9,10.0,6.66,0.5,0.00,0.9,0.00,0.6,0.00,3.1,46.64,13.516,10.0,5.52,1.0,0.00,1.0,0.00,0.6,0.00,3.1,43.41,23.252,10.0,8.38,1.7,0.00,1.0,0.00,0.6,0.00,3.1,41.53,20.496
1787757470.761,499.6,10.0,6.69,0.5,0.00,1.0,0.00,0.5,0.00,2.7,42.20,12.923,10.0,7.63,0.9,0.00,1.0,0.00,0.5,0.00,2.7,42.72,22.353,10.0,5.84,0.9,0.00,1.0,0.00,0.5,0.00,2.7,42.52,19.661
1787757474.297,503.2,10.0,1.52,0.9,0.00,1.0,0.00,0.5,0.00,2.7,59.26,12.125,10.0,13.57,0.7,0.00,1.0,0.00,0.5,0.00,2.7,56.69,21.717,9.9,3.73,0.9,0.00,1.0,0.00,0.5,0.00,2.7,56.37,19.146
